Type,AccountName,AccountCode,Account Groups Name,Book Accounts Name,Email Id,Address1,Address2,Address3,Maintain Balance bill by bill,Party Master Code,HLL Code,TIN Number
L,GOKUL MEDICAL*KUBERNAGAR*-D-D-D,P297,Sundry Debtor,Assets,null,5-6Bhaichand Nagar,Near Patel PanNear AshramKatargam,KATARGAMSURAT,Billwise,P297,HUL-101471D-MSA2818,1111
L,SAHAJ MEDICAL &amp; GEN*KATARGAM*D*-D-D,P298,Sundry Debtor,Assets,null,2 PRATIBHA APT. DAIRY FALIYA,KATARGAM,NA,Billwise,P298,HUL-101471D-MSA166,24222703240
L,MATAJI MEDICAL &amp; GEN STO*SINGANPUR*-D-D-D,P299,Sundry Debtor,Assets,null,SHOP NO 78SINGANPUR SHOPPING CENTER,MADHAV PARK SOCIETY SINGANPUR,,Billwise,P299,HUL-101471D-P13799,24222602306
L,YANA MEDICALS &amp; GEN. STO.*KATARGAM-D-D-D,P300,Sundry Debtor,Assets,null,A-1MEERA NAGAR SOC.,AMBA TALAVNR-DABHOLI LALITA CHOKDI,SURAT,Billwise,P300,HUL-133100P929,APPLIED FOR
L,KRISHNA MEDICAL *DABHOLI*-D-D-D,P301,Sundry Debtor,Assets,hiteshkalsariya1979@gmail.com,1MADHAV7GULABWADI OPP.GOVINDJI HALL,DABHOLI ROAD,SURAT,Billwise,P301,HUL-101471D-MSA1527,24222601421
L,SHRI RANG AVDHOOT MED *KATARGAM*-D-D-D,P302,Sundry Debtor,Assets,null,Shop 4 Nirmal Appt,KATARGAM Katagam Opp Bus Stop,NA,Billwise,P302,HUL-101471D-MSA1940,24222702664
L,ADARSH MEDICAL*AMROLI*SMART*-D-D-D,P303,Sundry Debtor,Assets,null,19RATNAMALA COMPLEXB/H GAJERA SCHOOL,AMROLI ROAD KATARGAM,NA,Billwise,P303,HUL-101471D-MSA782,11111
L,SAYONA MEDICAL &amp; GENERAL STORE-D-D-D-D,P304,Sundry Debtor,Assets,null,SHOP NO-3121SHRUTI ROW HOUSE,AMROLI,KOSAD,Billwise,P304,HUL-134508D-P10148,---
L,RADHE MED STO*KATARGAM*-D-D-D,P305,Sundry Debtor,Assets,null,10SHAKTI NAGAR SOCIETY,PEOPLES CHARRASTA,KATARGAM,Billwise,P305,HUL-101471D-P15906,NO
L,BHERUJI MEDICAL STORE-D-D-D-D,P306,Sundry Debtor,Assets,null,PLOT NO. 47,DABHOLI CHAR RASTA,NR. MATESHREE MEDICAL,Billwise,P306,HUL-132967P3852,NA
L,BHUMI PUJA MEDICAL &amp;  GEN STORE  -D-D,P307,Sundry Debtor,Assets,null,21  BHUMI PUJA  SOCITY,ABA TALAWADI KATARGAM,SURAT,Billwise,P307,HUL-134083D-P46856,NA
L,KANAIYA MED STO*KATARGAM*-P-D-D,P308,Sundry Debtor,Assets,lathiyanirav001@gmail.com,B/47RAMNAGAR SOC,LAXMIKANT ASHARAM ROADKATARGAM,NA,Billwise,P308,HUL-101471P-MSA1130,24222703253
L,SHREE AAEJI MEDICAL &amp; GENERAL STORE-D-D-D,P309,Sundry Debtor,Assets,null,SHOP NO.1/2 SHIV RECIDENCY,HARIDARSHAN SOCITYJAHANGIRPURA,BRIJ ROAD DABHOLI,Billwise,P309,HUL-134083D-P52131,N.A
L,SHREEJI AYURVEDIC &amp; COSMETIC*KATARGAM*-D-D-D,P310,Sundry Debtor,Assets,null,SHOP NO 4DANGIGEV COMPLEX,GAYATRI SOCIETYOPP PEOPLES BANK,NEAR ALPESH TRADERS,Billwise,P310,HUL-101471D-P15703,24722704233
L,Alisha Cosmetics-D-P-D,P311,Sundry Debtor,Assets,null,2dulexavenue,Nreagletailor,Morabhagalrandet,Billwise,P311,HUL-10A225D-P62439,1
L,AMIDHARA MED*MAGAN NAGAR*-D-D-D,P312,Sundry Debtor,Assets,null,PANCHWATI SOCIETYSHOP NO 2,MAGAN NAGAR,NA,Billwise,P312,HUL-101471D-MSA1210,24222703410
L,AMBIKA MEDICAL STORE(UNICARE)-D-D-D-D-D-D-D,P313,Sundry Debtor,Assets,null,GL-2CENTER POINT,NRVISHAL NAGARADAJAN ROAD,SURAT,Billwise,P313,HUL-132638D-D0924,24220200647
L,HARE KRISHANA CHEMIST*VED ROAD*D*-D-D,P314,Sundry Debtor,Assets,null,1GANSHYAM COMPLEXVED ROAD,VALINATH CHOWK,NA,Billwise,P314,HUL-101471D-MSA2670,1111
L,SURAJ CHEMIST-D-D,P315,Sundry Debtor,Assets,null,28/DNAKSHATRA SOC,KENAL ROAD,SURAT,Billwise,P315,HUL-134996D-P14975,---
L,SHREE RAGUVIR MEDICAL &amp; GENERAL STORE-D-D,P316,Sundry Debtor,Assets,null,B-53PARAS SOC,KATARGAM ROAD,SURAT,Billwise,P316,HUL-133343D-P17191,APPLYED
L,Madhavdeep Medical Store-D,P317,Sundry Debtor,Assets,null,18 Mangal Murti Appt.,Narayan Nagar Singhanpor Road,Katargam,Billwise,P317,HUL-133548D-P16363,NA
L,Axar MEDICAL-D,P318,Sundry Debtor,Assets,null,Grond Floor,New Gidc Road Bihed Sagar Medical,Katargam,Billwise,P318,HUL-10A225D-P63664,1
L,SHREE MARUTI CHEMIST &amp; GEN STORES-D-D,P319,Sundry Debtor,Assets,null,6-TIRUPATI APPT,CHAPRABHATHA ROAD,AMROLI,Billwise,P319,HUL-134083D-P10835,24222500402
L,Shree Satyam Medical Store,P320,Sundry Debtor,Assets,null,123 Shop No.4 Prabhunagar-1,Nr. Udayeshvar Mahadev Mandir,Nr. Udayeshvar Mahadev Mand,Billwise,P320,HUL-134083D-P46035,NA
L,TIRUPATI MEDICAL &amp; GEN-D-D,P321,Sundry Debtor,Assets,null,3-RISHIKESH RESIDENCY,CHAPRABHATHA ROAD,S,Billwise,P321,HUL-134083D-P10940,NA
L,Shreenath Ice Cream &amp; Food-D,P322,Sundry Debtor,Assets,null,Shop No.27 Raghuvir Symphony Shoppers,Althan Canal Road,Althan,Billwise,P322,HUL-10A176D-P67432,1
L,Heaven Medical-D,P323,Sundry Debtor,Assets,null,Shop No 7 Mansarovar Complex,Amroli Surat,Kosad  Road,Billwise,P323,HUL-10A225D-P63667,1
L,ASHIRWAD CHEMIST-D-D-D-D,P324,Sundry Debtor,Assets,null,345 KUBER PARK SOC.,SHOP NO-7 OPP.,HARI OM MILL VED RD,Billwise,P324,HUL-134083D-P56036,NA
L,Shivam Medical 2-D,P325,Sundry Debtor,Assets,null,Shop No . 2652,Chhannu Colony,Tarvadi,Billwise,P325,HUL-10A225D-P63668,1
L,MADHURAM MEDICAL-D-P-D,P326,Sundry Debtor,Assets,null,GAYATRI SOC,OPP-CITY SQURE,ADAJAN,Billwise,P326,HUL-134996D-P23251,---
L,Dhruv CHEMIST  P--D-D-D-D-D-D,P327,Sundry Debtor,Assets,null,MOTAVAD MOHLLO,MORA DAMKA ROAD,MORA TEKRA HAJIRA ROAD,Billwise,P327,HUL-133172D-P3619,24220202358
L,Raj Chemist-D,P328,Sundry Debtor,Assets,null,Shop 14 Gruhum Plaza,Opp  Kosad Lake Garden,Kosad,Billwise,P328,HUL-10A225D-P63680,1
L,SOHAM MEDICAL STORE-D-D-D,P329,Sundry Debtor,Assets,null,KUBAR  NAGAR  KATARGAM,DARWAJA MITRA CHENAL,KATARGAM SURAT,Billwise,P329,HUL-134083D-P60081,NO
L,SAHJANAND CHEMIST-D,P330,Sundry Debtor,Assets,null,SHOP NO.4 CHINTAN APT.,VED ROAD,SURAT,Billwise,P330,HUL-133100P1057,NA
L,ADARSH CHEMIST*MAGAN NAGAR-D,P331,Sundry Debtor,Assets,null,SHOP NO 3SARDAR COMPLEX,VIBHAG BMAGAN NAGAR 2NR SHUBHAM MED,KATARGAM,Billwise,P331,HUL-101471D-P15676,NO
L,ASHOK MEDICAL-D-D,P332,Sundry Debtor,Assets,0002bhidu@gmail.com,26SAMARPAN HIGHTS,VAISHNAV DEVI ROAD,JAHGIRABAD,Billwise,P332,HUL-134996D-P16177,---
L,SHREE SAI MEDICAL-D-D-D-D,P333,Sundry Debtor,Assets,null,NR.LALITA CHOWKDI,KATAR GAM,SUMUL DAIRY ROAD,Billwise,P333,HUL-133343D-P16951,APPLYED
L,RAMDEV CHEMIST*UDAY NAGAR*-D-D-D,P334,Sundry Debtor,Assets,null,6-RAMNAGAR,PARAS BZARKATARGAM,NA,Billwise,P334,HUL-101471D-MSA2109,24222702741
L,Deepkiran Chemist*Kataragam*-D-D-D,P335,Sundry Debtor,Assets,null,AMBICA NAGAR SOC PLOT 305,KATARAGAM ROAD,NA,Billwise,P335,HUL-101471D-MSA2448,111
L,MAN MEET MEDICAL-D-D-D-D,P336,Sundry Debtor,Assets,null,PLOT NO.A/1 GAYATRI PARIWAR 2,NR.HARI HAR SOC.,SURAT,Billwise,P336,HUL-132967P2536,0
L,MATASHREE MEDICAL STORE-D-D-D,P337,Sundry Debtor,Assets,null,42-43 SIDHESHWAR SOC,VED ROAD,DABOLI CHAR RASTA,Billwise,P337,HUL-133548D-P4605,0
L,BAYOSHA MEDICAL  STORE-D-D,P338,Sundry Debtor,Assets,null,NR BAYOSHA KIRANA STORE,OPP JIVRAJ TEA DEPOT,KATARGAM SINGANPUR MAIN ROAD,Billwise,P338,HUL-133548D-P4841,NA
L,Umiya Dairy &amp; Provision Store-D,P339,Sundry Debtor,Assets,null,Shop No 3 Aakash East Pont,Canal Road Bs Panini Tanki,Bhimrad,Billwise,P339,HUL-10A176D-P67457,1
L,SHREEJI  MEDICAL-D-D,P340,Sundry Debtor,Assets,null,GOPINATH ROW HOUSE,KANTRSHWAR ROAD,KATARGAM,Billwise,P340,HUL-133548D-P4921,APPLIED FOR
L,SITARAM MEDICAL  &amp; GENERAL STORE-D-D-P-D,P341,Sundry Debtor,Assets,null,SHOP NO-2 KRISHNA COMPLEX,BAPA SITARAM CHOWK,VED ROAD KATARGAM,Billwise,P341,HUL-133343D-P17140,APPLYED
L,Prashant Medical Stores -D-D,P342,Sundry Debtor,Assets,null,78 Triveni Soc. Nr. Mahakaleshvar Kirana,Opp. Akhandanand Collage Road,Surat,Billwise,P342,HUL-134083D-P45217,NA
L,S.R. Medical Stores -D-D-P-D,P343,Sundry Debtor,Assets,null,Shop No.2 Plot No.27 Rupal Society,Opp. Akhandanand Collage Road,Surat,Billwise,P343,HUL-134083D-P45247,NA
L,Amardeep Medical &amp; General Store-D-D,P344,Sundry Debtor,Assets,null,Plot No.7 Triloknagar,Sardar Hospital Road,Opp. Akhandanand Collage Road,Billwise,P344,HUL-134083D-P45755,NA
L,Shree Ram Chemist-D-D,P345,Sundry Debtor,Assets,null,48 Ghanashyamnagar,Dabholi Main Road,Dabholi Main Road,Billwise,P345,HUL-134083D-P46070,NA
L,NILKANTH MEIDECAL -D-D,P346,Sundry Debtor,Assets,null,PLOT NO -1 VISHWAKARMA SOC,BH ANATH ASHARAM,KATARGAM ROAD SURAT,Billwise,P346,HUL-134083D-P46679,NA
L,UJVAL PHARNACY-D-P,P347,Sundry Debtor,Assets,null,SHOP NO. 2 SARSWATI APT.,AKHAND AANAND SOC. NEAR BRTS,DABHALIGAV SURAT,Billwise,P347,HUL-134083D-P46992,NA
L,JAY JALARAM MEDICAL &amp; GENERAL STORES-D,P348,Sundry Debtor,Assets,null,35 TRIBHUVAN NAGAR,OPP. AKHAND ANANAD SCHOOL,VED ROAD SURAT,Billwise,P348,HUL-134083D-P48620,NA
L,GOPINATH MEDICAL STORE-D-D-P,P349,Sundry Debtor,Assets,null,SHOP NO-11SAROVAR VIEW APP,OPP-SMC GARDEN,DABHOLI GAM,Billwise,P349,HUL-134083D-P51479,---
L,JAY MEDICAL D-D-D,P350,Sundry Debtor,Assets,null,24MADHAV RES-C,COZWAY ROADSINGANPURA,SURAT,Billwise,P350,HUL-134083D-P51568,NA
L,Om Medical &amp; General Store-D,P351,Sundry Debtor,Assets,null,Shop No 252 Akash Ganga Soc.Rashi CircleKatargam,Same,Same,Billwise,P351,HUL-10A225D-P63768,1
L,SHIVAM MEDICAL STORES-D-D-D-D-D-D-D,P352,Sundry Debtor,Assets,null,G-1,THAKOR DWAR SOC;,PALANPUR PATIYARANDER,Billwise,P352,HUL-133172D-P7241,UNREGISTER
L,BHAGWATI MEDICAL STORES,P353,Sundry Debtor,Assets,null,2NIRMAL NAGAR SOC.,VED ROAD,SURAT,Billwise,P353,HUL-134083D-P55725,NA
L,RADHEY MED*DABHOLI*-D-D-D,P354,Sundry Debtor,Assets,null,87SANTOSHI NAGAR-3AMBA TALAVADI,NR-SHIV NAGAR LALITA CHOKDI DABHOLI,,Billwise,P354,HUL-101471D-P13702,0
L,Dev Bakary-D,P355,Sundry Debtor,Assets,null,Shop No 7,Suda Avas,Near Bharti Me School Near Big Bajar Vesu,Billwise,P355,HUL-10A176D-P68584,1
L,AKAS  MEDICAL STORE *-D-D,P356,Sundry Debtor,Assets,null,FPOLT NO -6,HARI NAGAR SOCITY,OPP.GULABWADI,Billwise,P356,HUL-133100P1043,0
L,PRAMUKH MEDICAL-D-D,P357,Sundry Debtor,Assets,null,SHOP NO-1RELAINCE NAGAR-1,GUJRAT HOUSING BOARD,SHREE RAM CHOK,Billwise,P357,HUL-134996D-P21524,-----
L,HARE KRISHNA MEDICAL-D-D-D-D,P358,Sundry Debtor,Assets,null,COLLEGE ROAD,AMROLI GAM,SURAT,Billwise,P358,HUL-131916P61,APPLIED FOR
L,GOPINATH MEDICAL-D-D,P359,Sundry Debtor,Assets,null,SH NO-3 YOGESHWARI SOC PART-2,OPP RAJWADI PARTY PLOT,NEW KOSAD ROAD,Billwise,P359,HUL-131916P778,*********
L,KHODAL KRUPA MEDICAL-D-D,P360,Sundry Debtor,Assets,null,946PARTH SOC,SAYAN ROAD,S,Billwise,P360,HUL-133173P845,APP
L,SHREENATHJI MEDICAL-D-D,P361,Sundry Debtor,Assets,null,NR/GAYATRI GEN,SAYAN ROAD,S,Billwise,P361,HUL-133172D-P5361,UNREGISTERED
L,RANDALKRUPA MEDICAL-D-D,P362,Sundry Debtor,Assets,null,NR.BHAGAYA LAXMI MEDICAL,AMROLI MAIN ROAD,SURAT,Billwise,P362,HUL-101471D-MSA408,11111
L,Ranchhod Jee Medical Store-D,P363,Sundry Debtor,Assets,null,Shop No.3 Deram Comp.,Ranchhod Nagar Singhanpur Main Road,Surat,Billwise,P363,HUL-133548D-P4977,APPLIED FOR
L,Maitri Med* Sumul Dairy*-D-D-D,P364,Sundry Debtor,Assets,null,5MAHAKALI PARK,NEW GIDC FULPADA,NA,Billwise,P364,HUL-101471D-MSA366,24222701737
L,CHAMUNDA  MEDICAL &amp; GEN STORE-D,P365,Sundry Debtor,Assets,null,OPP.SANJIVANI MED,REHAMAT NAGAR PALOD,VED ROAD SURAT,Billwise,P365,HUL-133100P1289,NA
L,GANESH MED*KATARGAM*D*-D-D,P366,Sundry Debtor,Assets,null,56KAMAL APTAMBICA NAGAR,NR-BHIDBHUNJAN HANUMAN TEMPLEKATARAGAM,NA,Billwise,P366,HUL-101471D-MSA2130,24222701909
L,HARE KRISHNA  Med*KATARGAM*-D-D-D,P367,Sundry Debtor,Assets,null,24KUBER NAGAR 1,NEAR KATARGAM DARWAJA,NA,Billwise,P367,HUL-101471D-MSA1522,24222702389
L,SEJAL MEDICAL AND GENERAL STORES,P368,Sundry Debtor,Assets,null,SH.NO.2SARASHWATI COMP.,OPP.SUBHASH BAUGDANDI ROAD,MORA BHAGALSURAT,Billwise,P368,HUL-133539D-P8693,APPLIYED FOR
L,REVER VEW MEDICAL  STORE -D-D-D,P369,Sundry Debtor,Assets,null,1/524 REVER VEW SIC,NR.MADHINA MASCHID  FOOL WADI,PALOD  VED ROAD,Billwise,P369,HUL-101471D-P10924,0
L,BHAVANI MEDICINES*SINGANPOR-D-D-D,P370,Sundry Debtor,Assets,null,VIJAYRAJ SOC. KOZWE,SINGAN POOR ROAD,SURAT,Billwise,P370,HUL-133100P922,24222601312
L,Krushna Medical Store-D,P371,Sundry Debtor,Assets,arunbuha2223@gmail.com,Shop Noi.1 Gr Floor Sidhhi Vinayak,Residency,Singhanpor,Billwise,P371,HUL-134107D-P9806,NA
L,RAVI MEDICALS *Ved Road*-D-D-D,P372,Sundry Debtor,Assets,null,TRILOK SOC,OPPAKHANAD COLLEGEVED RD,NA,Billwise,P372,HUL-101471D-MSA216,111111
L,ASHA MED*SINGANPUR*SMART*-D-D-D,P373,Sundry Debtor,Assets,null,SHOP NO 3SHREE JI DARSHAN APT,NEAR CHIKUWADI CHARRASTAKATARGAM ROAD,,Billwise,P373,HUL-101471D-MSA560,111111
L,NIDHI MEDICAL (REHEMAT NAGAR )-D,P374,Sundry Debtor,Assets,null,RAHEMAT NAGAR,VED ROAD,PANDOL  IND SURAT,Billwise,P374,HUL-133172D-P14716,*****
L,AMI MEDICAL STORE*MAGAN NAGAR*D*-D-D,P375,Sundry Debtor,Assets,null,SHOP 2 MURLIDHAR AP MAGANNAGAR 2,KATAR GAM SING PUR ROAD,NA,Billwise,P375,HUL-101471D-MSA2373,24222702891
L,RADHE MEDICAL*SINGANPUR*-D-D-D,P376,Sundry Debtor,Assets,uttamsutariya5@gmail.com,5PARTHCOMPLEXNRHASMUKISCHOOL,SINGANPURMAINROAD,NA,Billwise,P376,HUL-101471D-P11017,0
L,AMI MEDICO GEN*KATARAGAM*-D-D-D,P377,Sundry Debtor,Assets,null,SHOP 1HARSH COMP.,OPPBUS STOP KATARGAM MAIN RD,KATARGAM POLICE STATION,Billwise,P377,HUL-101471D-MSA2453,24222703096
L,BIHAR MEDICAL STORES-D,P378,Sundry Debtor,Assets,aniketchaurasia1430@gmail.com,1TRILOK SOC69VED RD,SURAT,SURAT,Billwise,P378,HUL-133100P60,APPLIED FOR
L,Akshar Live Bakery-D,P379,Sundry Debtor,Assets,null,Kevdiya Farm,Near Janvi Medicine,Haridarshan No Khado Dabholi,Billwise,P379,HUL-10B234D-P26850,1
L,FORAM MEDICAL &amp; PRO STORE-D-D-D-D-D-D,P380,Sundry Debtor,Assets,null,G80 SHREEJI ARCADE NR VG MARK,ANAND MAHEL ROAD,SURAT,Billwise,P380,HUL-131916P152,APPLIED FOR
L,SHREE MARUTI MEDICAL ST-D-D-D-D-D-D,P381,Sundry Debtor,Assets,null,11-TIRUPATI APARTMENT GANESHPURA,CHHAPARBHATHA ROAD,SURAT,Billwise,P381,HUL-132967P2933,24222500244
L,SHUBHAM MEDICALS*KATARGAM*-D-D-D,P382,Sundry Debtor,Assets,null,MURLIDHAR APPRTBEH-MAGAN NAGAR 2,KATARGAM SINGANPOR ROAD,NA,Billwise,P382,HUL-101471D-MSA1985,111
L,Topovan Medical Store-D-D,P383,Sundry Debtor,Assets,null,Opp.umiyamedical,Hari Om Mill Drutarak Soc.,Ved Road,Billwise,P383,HUL-101471D-9182,APPLIED FOR
L,RIDDHI SIDDHI MEDICAL-D-D-D-D-D-D-D,P384,Sundry Debtor,Assets,null,GANESHPURA HOUSING,GANESH PURA,SURAT,Billwise,P384,HUL-132967P2908,0
L,AXAR MEDICAL STORE-D-D-D-D,P385,Sundry Debtor,Assets,null,SHOP NO-7SHED NO-1MAHAKALI BHAG,OPP SURAJ MEDICAL ST,KATARGAM GIDC,Billwise,P385,HUL-133343D-P16948,APPLYED
L,JAY GANESH MEDICAL STORES,P386,Sundry Debtor,Assets,null,PLOT NO 294-295 NR NIDHI MED,OPP KESAV MEDICAL,NEW PANDOL,Billwise,P386,HUL-133343D-P18112,0
L,SAHEB MEDICAL-D-D-D-D,P387,Sundry Debtor,Assets,null,FOOL WADIOPP.POOJA MEDICAL,BHARI MATA WED ROAD,SURAT,Billwise,P387,HUL-132967P2749,0
L,SAJIVANI MED*PANDOL*-D-D-D-D-D-D,P388,Sundry Debtor,Assets,null,SH NO 1/2Rahmat  Nag,Nr Dev Narayan Shop Nr Bhagwati Kir,SURAT,Billwise,P388,HUL-132967P2763,0
L,PATEL PROVISION STOR-D,P389,Sundry Debtor,Assets,null,5 AMBIKA SOC.,NR. KESARIYA SUPER,FULPADA,Billwise,P389,HUL-132967P2808,0
L,TRIPURA MEDICINE*KATARGAM-D-D-D,P390,Sundry Debtor,Assets,null,LALITPARK SCOVRUNDAVN COMB/H,SURAT,SURAT,Billwise,P390,HUL-133100P25,24222703201
L,Shivam Medical&amp; General Store-D-D,P391,Sundry Debtor,Assets,null,1/2 Swaminarayan Nagar,Nr.Swaminarayan Mahila Mandir,Ved Road,Billwise,P391,HUL-133343D-P11443,APPLIED FOR
L,DRASHTI MEDICAL AND GENERAL STORES-D,P392,Sundry Debtor,Assets,null,HARE KRIHNA SOC 12 MAYUR COL.,,,Billwise,P392,HUL-101471D-MSA1674,11111
L,PRAMUKH MEDICAL-D-D,P393,Sundry Debtor,Assets,null,SHOP NO-2SMC SHOPING CENTER,NR.ARURVEDIC COLLECGE,LALDARWAJA ST RD SURAT,Billwise,P393,HUL-134083D-P44261,NA
L,KRISHNA MEDICAL STO*SINAGANPUR*-D-D-D,P394,Sundry Debtor,Assets,khadelavijay4520@gmail.com,1GEETA NAAGR SOCIETY,SINGANPUR ROAD,,Billwise,P394,HUL-101471D-P11587,0
L,Pavan Medical-D,P395,Sundry Debtor,Assets,null,Laxmi Place,Sahajanad Chok,DabholicharRasta,Billwise,P395,HUL-10A225D-P64139,1
L,Bahuchar  medical and provision store,P396,Sundry Debtor,Assets,vinaypatel.vp52@gmail.com,PALANPUR JAKAT NAKA,RANDER,SURAT,Billwise,P396,HUL-134996D-P17138,----
L,UTSAV MEDICAL*CHIKUWADI*SMART*-D-D-D,P397,Sundry Debtor,Assets,null,72HAREKRISHNASOCMAYURAPT.,HAREKRISHNASOCKATARGAMSINGANPORROAD,NA,Billwise,P397,HUL-101471D-1650MSA,1111
L,KRISHNA MEDICAL STRORES U2NC-D,P398,Sundry Debtor,Assets,dewasirkd@gmail.com,10 SANGARM SOC RAMKATHA ROAD,AMBATAVALI  KATARGAM,SURAT,Billwise,P398,HUL-134083D-P51861,NA
L,VARNI MEDICAL STORE-D-D-D-D,P399,Sundry Debtor,Assets,null,SHOP NO-3AKSHAR KUNG,APP.OPPLAXMI ENCLAVE,GAJERA SCHOOL RD,Billwise,P399,HUL-134083D-P54903,NA
L,AMRUT MEDICAL-D-D,P400,Sundry Debtor,Assets,viraliviru@gmail.com,SHOP-4 DIPANJLI SOC.PALANPUR JAKATNAKA 1,ADAJAN,ADAJAN,Billwise,P400,HUL-134996D-P17188,---
L,VASUDEV MEDICAL &amp; GENERAL STORE-D-D-D,P401,Sundry Debtor,Assets,null,20SHANGRILA HIGHT,UTRAN MOTAVARACHA,SURAT,Billwise,P401,HUL-134508D-P10432,----
L,BAYOSHA MEDICAL &amp; GENERAL STORES-D-D-D-D,P402,Sundry Debtor,Assets,null,SHOP NO-3SHIVAM FLATE-,JAGJIVAN SOC.NEW-,MOHALLACHAR RSTAKOZWAY,Billwise,P402,HUL-134083D-P56656,NA
L,SHREE MAA MEDICAL STORES-D-D-D-D,P403,Sundry Debtor,Assets,null,SHOP NO-10 DANEV,AIRSTATE NANDUDOSINI VADI,KATARGAM SURAT,Billwise,P403,HUL-134083D-P57688,NA
L,SHREE MAA KRUPA MEDICAL STORE  -D-D-D-D,P404,Sundry Debtor,Assets,null,PLOT NO -246 OPP.KESHAV PARK,PANDOL VED ROAD,SURAT,Billwise,P404,HUL-134083D-P58038,NA
L,Rudra Medical Stocre-D,P405,Sundry Debtor,Assets,null,Shop No -23 Plot No.99,Trilok Society Ved Road,Surat,Billwise,P405,HUL-134083D-P58048,NA
L,UMIYA MEDICAL STORE-D,P406,Sundry Debtor,Assets,null,NR. JAY GANESH MEDICAL,MUNJANI CHEMBAR PANDOL,VED ROAD SURAT,Billwise,P406,HUL-101471D-MSA1941,0
L,RAJ HANS MED STO******-D-D-D,P407,Sundry Debtor,Assets,null,B/134KUBER NAGAR 1,KATARGAM DARWAJA,KUBER NAGAR SOCIETY,Billwise,P407,HUL-101471D-P13858,11111
L,VARSHA MEDICAL &amp; PROVISION STORE-D-D,P408,Sundry Debtor,Assets,null,PLOT NO-9495 VISHRAM NAGAR SOCIETY,LAKSHMI DAIRY STREET,VED ROAD,Billwise,P408,HUL-101471D-P2926,111
L,SHARMA MEDICAL STORE-D-D-D-D-D-P,P409,Sundry Debtor,Assets,null,SHOP NO. P-1 JAIRAJ SOCIETY,ICHHAPORE BUS STOP NO. 3,HAZIRA ROAD,Billwise,P409,HUL-134083D-P11283,NA
L,VIKAS MED STO*VED ROAD*-D-D-D,P410,Sundry Debtor,Assets,null,1/2 TRIBHOVAN NAGAR SOCIETY,OPP AKHAND ANAND COLLEGEVED ROAD,,Billwise,P410,HUL-101471D-P11245,24222600235
L,LAHER CHEMIST-D-P,P411,Sundry Debtor,Assets,null,SHOP.NO.2AMBIKA PARK SOC,SUMUL DAIRY ROAD,,Billwise,P411,HUL-134083D-P9343,NA
L,MAHAVIR MED STO*KATARGAM*-D-D-D,P412,Sundry Debtor,Assets,null,4PADMAVATI FLAT,PATEL FALIAKATARGAM,NA,Billwise,P412,HUL-101471D-MSA197,111111
L,SHREE PRANATH MEDICAL STORES,P413,Sundry Debtor,Assets,null,OMKAR CHAMBERSPRABHU NAGAR SOCIETY 1,B/H MADHAVANAND ASHARAM,,Billwise,P413,HUL-101471D-MSA2046,11111
L,Sarswati Medical &amp; General Store-D,P414,Sundry Debtor,Assets,null,Rehemat Nagar,Pandol,Surat,Billwise,P414,HUL-133172D-P7058,UNREGISTER
L,Bholenath Ice Cream-D,P415,Sundry Debtor,Assets,null,Shop No 24 Sanai Residency,Opp.Parshuram Garden,Adajan,Billwise,P415,HUL-10A225D-P62736,1
L,Surat Medical And Provision Stores,P416,Sundry Debtor,Assets,null,J-17 Raverview Society,Ful Wadi,SURAT,Billwise,P416,HUL-131916P2536,APP
L,RAJLAXMI MEDICAL &amp;GENERAL STORE-D,P417,Sundry Debtor,Assets,ishwarlalm223@gmail.com,Plot.No.15 Ground Floor Mina Nagar Ved Rod Surat,Near Mukesh Kirana,%&amp;*()+.,Billwise,P417,HUL-10A225D-P62292,1
L,Aarogya Medical-D,P418,Sundry Debtor,Assets,null,SHOP NO-22GREEN ENCLAVE,NRSARDAR BRIDGE,ADAJAN,Billwise,P418,HUL-134996D-P17325,----
L,SHREE AAIJI CHEMIST &amp; GENERAL STORE-D,P419,Sundry Debtor,Assets,null,PLOT NO. 12 BALAJI NAGAR DABHOLI ROAD,PRAKASH KIRANA DABHOLI ROAD,Katargam,Billwise,P419,HUL-10A225D-P62310,1
L,BHARTIYA JAN AAUSHDHIKENDRA-D-D,P420,Sundry Debtor,Assets,null,G-9RAJ GREEN HIGHT,SAROLI JAKATNAKA,JAHAGIR PURA,Billwise,P420,HUL-134996D-P17330,----
L,TULJA BHAVANI MEDICAL GENRAL-D,P421,Sundry Debtor,Assets,null,SHOP NO 8 STAR RESIDENCY,BIHEND RAJWADI PARTY PLOT,NEW KOSAD ROAD AMROLI SURAT,Billwise,P421,HUL-10A225D-P62371,1
L,Elife Pharmacy-D,P422,Sundry Debtor,Assets,null,Same,Same,Same,Billwise,P422,HUL-10A225D-P62408,1
L,ANNAPURNA DAIRY &amp; JANRAL STORE-D,P423,Sundry Debtor,Assets,null,Om Kar Residency Nr Mini Virpur Najik Canal Road,Palanpur Jakat Naka,Palanpur Jakat Naka Surat,Billwise,P423,HUL-10A225D-P62565,1
L,om sai medical stores,P424,Sundry Debtor,Assets,null,%&amp;*()+.,Same,Same,Billwise,P424,HUL-10A225D-P62413,1
L,POOJA  MEDICAL AND GENERAL STORES-D-P,P425,Sundry Debtor,Assets,null,FULWADI,BHARIMAT,KATRGAM,Billwise,P425,HUL-10A225D-P62440,1
L,ATMIYA MEDICAL &amp;GENERAL  DDD-D,P426,Sundry Debtor,Assets,null,Shop No.6 Subham Co.,Siganpor Gam,Katargam,Billwise,P426,HUL-10A225D-P62476,1
L,Bhairuji Chemist-D,P427,Sundry Debtor,Assets,null,P.N.47 Siddheswar Society,Dabholi Char Rasta,Ved Road,Billwise,P427,HUL-10A225D-P62504,1
L,NEW NATIONAL MEDICOS-D,P428,Sundry Debtor,Assets,null,Shop No 4Samay ComplexNear Varun Cercle,Opp.Center Point,Anand Mahel RoadSurat,Billwise,P428,HUL-10A225D-P62605,1
L,ADITYA MEDICAL STORES,P429,Sundry Debtor,Assets,null,SHANTKRUPA APP,VISHAL NAGAR SOCIETY  VIBHAG,KATARGAM,Billwise,P429,HUL-10A225D-P62645,1
L,MADHAV PHARMACY-D,P430,Sundry Debtor,Assets,null,SHOP 33 34 KRUSHNA JIVAN SOC,SINGANPOR CHAR RASTA,OPP BHAGVATI BAKERY NI SAME KATARGAM,Billwise,P430,HUL-10B812D-P21181,NA
L,RANGILA NOVELTY &amp; GIFT-D-D-D-D-D,P431,Sundry Debtor,Assets,null,PLOT NO189 VISHAL NGR SOC,ALTHAN TENAMENT,BHATAR RD,Billwise,P431,HUL-131916P2801,APPLIED FOR
L,Rich Lady-D,P432,Sundry Debtor,Assets,null,Shop No 10Mahalaxmi Arcade,Opp.Mahalaxmi Temple,Adajan Surat,Billwise,P432,HUL-10A225D-P62741,1
L,SHREE SHYAM MEDICAL &amp; GEN STORE-D-D-D-D,P433,Sundry Debtor,Assets,null,U-226KANCHANJANGA APPT,BHATAR CHAR RASTA,SURAT,Billwise,P433,HUL-134107D-P27432,********
L,PUJA MEDICAL-D-D-D-D-D-D,P434,Sundry Debtor,Assets,null,2-SAWASTIK PARKOPP.BHAVNA PRO.,BHATAR ROAD,NA,Billwise,P434,HUL-132638D-D0460,***********
L,KRISHNA CUTLERY STORE-D-D,P435,Sundry Debtor,Assets,null,SP-6 MONCIPALTY SHOPING,CENTER OPP POST OFFICE,ALTHAN TENAMENT,Billwise,P435,HUL-134733D-P7132,APPLIED
L,SHIV KRUPA MEDICAL AND PROVISION STORES,P436,Sundry Debtor,Assets,null,G-29SILVER POINT,BHATAR ROAD,NR.VINAYAK MEDICAL,Billwise,P436,HUL-132638D-D0462,24222303396
L,OM SHIV CHEMIST (AZAD ANGAR)-D-D,P437,Sundry Debtor,Assets,null,SH NO 35,MAHADEV MOHOLLO TANDEKESHWAR  NAGAR,NR JAY BHAVANI KIRANA,Billwise,P437,HUL-132967P1028,0
L,Royal Chemist -D-D,P438,Sundry Debtor,Assets,null,Shop No 4/9,Sudan Complex,Althan Road,Billwise,P438,HUL-134996D-P14103,************
L,KAILASH MEDICAL &amp; GENRAL STORE-D-D-D,P439,Sundry Debtor,Assets,null,AAJAD NAGER ROAD APO,MONA DING BHIND PRAMUKH,MEDICAL,Billwise,P439,HUL-132967P0286,0
L,ACCHUT MEDICALS,P440,Sundry Debtor,Assets,null,SHOPNO. 10,SURYA DARSHAN COMPLEX,JAHANGIRPURA,Billwise,P440,HUL-133343D-P13432,24223000033
L,SHREE UMIYA MEDICAL-D,P441,Sundry Debtor,Assets,null,SOHAM CIRCLE,ALTHAN,SURAT,Billwise,P441,HUL-134996D-P23045,**************
L,RAHUL CHEMIST-D-D-D-D-U2NC,P442,Sundry Debtor,Assets,null,SHOP-10 SANTOSH HEIGHT,OP/ASHIRWAD ENCLAVE,NR/DHIRAJ SONS,Billwise,P442,HUL-134107D-P27452,********
L,SHREE GANESH MEDICAL STORE-D-D-D-D,P443,Sundry Debtor,Assets,null,U-4 SANKALP SHOPING CENTRE,NR GORAJI SUPER,ALTHAN,Billwise,P443,HUL-134107D-P12101,NA
L,ADARSH MEDICAL STORE-D-D-D-D,P444,Sundry Debtor,Assets,null,20MANGALDAS SHOPPING CENTER,NAVJIVAN CIRCLE,UDHNA MAGDALLA,Billwise,P444,HUL-132967P1505,0
L,OM SAI MEDICAL STORE-D-D-D,P445,Sundry Debtor,Assets,null,U-14 SANKALP SHOPPING COMPLEX,OP/ALTHAN TENAMENT,SURAT,Billwise,P445,HUL-134733D-P6651,*********
L,RAHAT MEDICAL-D-D-D-P,P446,Sundry Debtor,Assets,null,203-204 TURNING POINT,OP/FIRE BRIGADE,BHATAR ROAD,Billwise,P446,HUL-134733D-P6656,********
L,ASHIRWAD MEDICAL STORE-D-D-D-D,P447,Sundry Debtor,Assets,null,NA,NA,NA,Billwise,P447,HUL-134107D-P10931,NA
L,PARMESHWARIMEDICAL(PRAVINMEDICAL)(SMART)-D-D-D-D-D,P448,Sundry Debtor,Assets,null,OPP.MAHALAXMITOBACCO,ALTHANTENAMENT,NA,Billwise,P448,HUL-132638D-D0459,***********
L,SHREE MEDICINES-D,P449,Sundry Debtor,Assets,null,2017 VAIBHAV  APARTMENT,NEAR:-GITA PRESS BOOKS,SHOPOPP.ARJUN COMP.,Billwise,P449,HUL-133172D-P8568,------------
L,Shree Rammedical-D,P450,Sundry Debtor,Assets,null,NA,Ved Road,Ishwar Nagar,Billwise,P450,HUL-10A225D-P64274,1
L,SANGAM MEDICAL-D-D-D-D-D,P451,Sundry Debtor,Assets,null,3-10RADHESHYAM COMPLEX,SURYODAY NAGAR,BHATAR,Billwise,P451,HUL-132638D-P1232,***********
L,A.K.CHEMIST-D-D-D-D-D,P452,Sundry Debtor,Assets,null,G-17 GROUND FLOOR,SHIV SOMESHWARA ENCLAVE,NR/BHIMRAD GAM,Billwise,P452,HUL-134107D-P27000,******
L,RAMDEV MEDICAL STORES-D-D-D-D-D,P453,Sundry Debtor,Assets,null,VIP GALLERIA SHOP NO 12/A,NR/SAI RESIDENCY,BHIMRAD ROAD,Billwise,P453,HUL-134107D-P27106,********
L,NEERAV MEDICAL &amp; GENERAL STORE-D-D-D-D-D,P454,Sundry Debtor,Assets,null,NR PARMESHWARI MEDICAL,BHATAR RD ALTHAN,ALTHAN,Billwise,P454,HUL-132967P1740,NA
L,GEETA MEDICAL &amp; GENERAL STORE-D-P-D-D-D,P455,Sundry Debtor,Assets,null,UG-18 ARJUN APPRT,NR RATNA DEEP SOC,BHATAR,Billwise,P455,HUL-132967P2308,NA
L,PRANJALMEDICAL&amp;PRO.(SMART)-D-D-D-D-D-D-D,P456,Sundry Debtor,Assets,null,NR.VARDHMANSUPER,BHATARROAD,NA,Billwise,P456,HUL-132638D-D0458,***********
L,Everyday Backry-D,P457,Sundry Debtor,Assets,null,Shop No 34 Silver Swing Complex,Opp.Shree Ram Petrol Pump,Adajan Surat,Billwise,P457,HUL-10A225D-P62751,1
L,TEJASH MEDICAL AND GENERAL STORE,P458,Sundry Debtor,Assets,null,MHADEV MOHOLO,AAZAD NAGER OPP SHANGAM MEDICAL KE,SAMANE BHATAR,Billwise,P458,HUL-133343D-P17914,APPLYED
L,ROSHAN MEDICAL &amp; GENERAL STORE-D-D-D-D-D-D,P459,Sundry Debtor,Assets,null,SHOP NO-G-30 SHIV SOMESHWAR ANCLAVE,CANAL RD BHIMRAD,ALTHAN,Billwise,P459,HUL-132967P0966,0
L,SHYAM MEDICAL &amp; PROVISION-BHATAR-D-D-D-D-D,P460,Sundry Debtor,Assets,null,G-3 SAI COMPLEX NARAYAN NAGAR,OP/SHREE RAM MARBLE,ALTHAN ROAD,Billwise,P460,HUL-133172D-P14524,*****
L,MAHESHWARI MEDICAL -D-D-D-D-D,P461,Sundry Debtor,Assets,null,U-11 BHAGAWATI DARSHAN SHOPING COMPLEX,NR UMA BHAVAN,BHATAR RD,Billwise,P461,HUL-133172D-P17359,NA
L,ARYAN MEDICALS STORE  (2THI 5 )-D-D-D-D-D-D,P462,Sundry Debtor,Assets,null,SH NO.8 MAHADEV NAGAR,B/H VISKRAMA MANDIR,NR MUSKAN  MEDICALS,Billwise,P462,HUL-132967P0406,0
L,SHREE MEDICINES-D,P463,Sundry Debtor,Assets,null,G-51J-9HIGH STREET,NR-L.P.SAVANI SCHOOL,VESU,Billwise,P463,HUL-134996D-P25768,11
L,SHREE SAI SAMARTH MEDICAL &amp; GENERAL STORE-D,P464,Sundry Debtor,Assets,null,SHOP NO-1 TO 4,PLOT NO-3,GROUND FLOORMAHADEV NGR HOSING SOC,Billwise,P464,HUL-134996D-P26291,11
L,Capital Chemist &amp; General Store-D,P465,Sundry Debtor,Assets,null,G19 Raj Dream,Near Bhagwan Mahavir College,Bhimrad,Billwise,P465,HUL-10A176D-P61464,1
L,Active Live Bakery-D,P466,Sundry Debtor,Assets,null,Satyam Sudaram Sos,Opp .G.Villa Hotel,Singanpoor Causeway Rod,Billwise,P466,HUL-10B234D-P40902,1
L,Umiya Medicine-D,P467,Sundry Debtor,Assets,null,Shp No.1 First Floor,Bhumi Resident,Althan Sircal,Billwise,P467,HUL-10A176D-P65071,1
L,Health Care Madical-D,P468,Sundry Debtor,Assets,null,6 Sarvoday Nagar Near Majisa Super,Sarvoday Nagar Near Majisa Super Bhatar,Sarvoday Nagar Near Majisa Super,Billwise,P468,HUL-10A176D-P65177,1
L,Vinayak Medical-D,P469,Sundry Debtor,Assets,null,Althan,Atlanta Shopping Center,Althan Surat,Billwise,P469,HUL-10A176D-P66374,1
L,Sids Pharmacy-D,P470,Sundry Debtor,Assets,null,Shop No 4  Shiva Palace,Kavita Store Ni Bajuma,New Civil Road  Near Kapadiya Health Club,Billwise,P470,HUL-10A176D-P68498,1
L,Utsav Medical-D,P471,Sundry Debtor,Assets,null,Near Suman Ashish Avash,Azad Nagar Althan Khodiyar Nagar Naka,Bharvad Gali,Billwise,P471,HUL-10A176D-P68658,1
L,SOHAM MEDICAL STORE-D,P472,Sundry Debtor,Assets,null,Shop No G19 Althan Arcade,Opp Riyal Point Cenal Road,Althan Gaam Surat,Billwise,P472,HUL-10A176D-P68755,1
L,SAGAR MEDICAL STORE-D,P473,Sundry Debtor,Assets,null,G-14 GALLERIA NR DHIRAJ SONS,BHIMRAD CANAL ROAD,SURAT,Billwise,P473,HUL-134996D-P23491,**********
L,Umiya Medical-D,P474,Sundry Debtor,Assets,null,Shop No G1 Ground Floor,Exceluss Business Space Opp Mesimo,Bhimrad Canal Road Surat,Billwise,P474,HUL-10B234D-P27505,1
L,AMIDHARA DAIRY &amp; SUPER STORE-D,P475,Sundry Debtor,Assets,null,RAJ CORNER OPP VASU PUJYA Resy,GOVRAV PARTH LP SAVANI,Pal Adajan,Billwise,P475,HUL-10B234D-P40909,1
L,SADGURU CHAYA MEDICAL-D,P476,Sundry Debtor,Assets,null,SHOP U 2  SAI KRUPA PARK,OPP SRI RAM MARBAL ALTHAN ROAD,ALTHAN ROAD,Billwise,P476,HUL-10A176D-P62180,1
L,Mahadev Chemist-D,P477,Sundry Debtor,Assets,null,Plot 106,Tadkewar Nagar Soc,Azad Nagar Bhatar,Billwise,P477,HUL-10A176D-P64481,1
L,Kailash Medical-D,P478,Sundry Debtor,Assets,null,NA,Opp Prathmik Schools,Vedroad,Billwise,P478,HUL-10A225D-P64319,1
L,Chamunda  Medical And General Store-D,P479,Sundry Debtor,Assets,null,Shop No 109 Ram Halpati Wash,Near Tulshi Kirana New Bhatar,Magdala Road Surat,Billwise,P479,HUL-10A176D-P69907,1
L,Sawariya Medical &amp; Janral Store-D,P480,Sundry Debtor,Assets,null,Plots No 97 Tarkeshwar Nagar,Near Kesariya Ji Janral,Azad Nagar,Billwise,P480,HUL-10A176D-P69964,1
L,RATAN MEDICO-D,P481,Sundry Debtor,Assets,null,Shop No 1narayan Complex,Near Rushabh Petrol Pump,Sosyo Corcle Amba Nagar,Billwise,P481,HUL-10B234D-P41025,1
L,Shiv Pharmacy-D,P482,Sundry Debtor,Assets,null,G 2 Atlanta Stopping Canter,Althan Bhimrad Canal Road,Althan Surat,Billwise,P482,HUL-10B234D-P41702,1
L,AXAR MEDICAL-D,P483,Sundry Debtor,Assets,null,Plot No 308 Shop No 2,Ambika Industrial Society,Udhna Magdlla Road Althan,Billwise,P483,HUL-10B234D-P44290,1
L,OM SAI MEDICAL STORE-D,P484,Sundry Debtor,Assets,null,1 C 4 D.K. Park Society,Nr Rupali Canal Bhatar Road,Bhatar Nr Uma Bhawan,Billwise,P484,HUL-10B234D-P44297,1
L,Care Point Medical And General Stores,P485,Sundry Debtor,Assets,null,5RMQ+MMW Nehru Nagar Surat Gujarat 395002,India,,Billwise,P485,HUL-10B812D-P22171,NA
L,Shree Sahjanand Medical Store-D,P486,Sundry Debtor,Assets,null,Swaminarayan Apartments Makanji Park Road,Uday Nagar-1 Katargam Surat Gujarat 395004,India,Billwise,P486,HUL-10B812D-P22307,NA
L,Chamunda Medical &amp; Cosmetics-D,P487,Sundry Debtor,Assets,null,7R5R+9WV Chapprabhatta Ganeshpura Surat Gujarat 39,Star Galaxy Shop No 3 Surat Gujarat,,Billwise,P487,HUL-10B812D-P22324,NA
L,NAVNIDHI MEDICAL &amp; PROVISION STORE-D,P488,Sundry Debtor,Assets,null,,Vedroad,DabholicharRasta,Billwise,P488,HUL-10A225D-P64404,1
L,City Medical &amp; Gen.Store-D,P489,Sundry Debtor,Assets,null,GF 2 La Victoria Galaxy Circle Pal Adajan Surat.,Same,Same,Billwise,P489,HUL-10B812D-P22362,NA
L,Evergreen Pharmacy And General Stores-D,P490,Sundry Debtor,Assets,null,UG-26 Solitaire Business Hub Sant Crystal Avenue,Palanpur Surat Gujarat 395009 India,,Billwise,P490,HUL-10B812D-P22411,NA
L,Adarsh Chemist-D,P491,Sundry Debtor,Assets,null,5 Shivdarshan Appt Nr Lb Cinema Bhatar Road,Bhatar,Bhatar,Billwise,P491,HUL-10A176D-P62094,1
L,SHREEJI SHEVA MEDICAL-D,P492,Sundry Debtor,Assets,null,LAXMI DARSHAN COMP NEAR DABHOLI CHAR RASTA,UP LAXMI MEDICAL APPO IDBI BANK,GJ FIVE FANCY DHOSA KATARGAM,Billwise,P492,HUL-10B234D-P44749,1
L,Pradhan Mantri Jan Aushadhi Cendra-D,P493,Sundry Debtor,Assets,null,15 Near Raj Point Shanti Kunj Society Palanpur,Jakatnaka Surat Gujarat 395009 India Surat Gujarat,,Billwise,P493,HUL-10B812D-P22747,NA
L,KRISHNA MEDICAL STORE-D,P494,Sundry Debtor,Assets,null,453 Amroli Surat Gujarat 394107 India A 1,Jalaram Nagar Chhapra Bhata Road Surat Gujarat,,Billwise,P494,HUL-10B812D-P22775,NA
L,Royal Medico-D,P495,Sundry Debtor,Assets,null,Shop 33 Green PALLADIA Palanpur Canal Rd Opp. Raj,World Road Palanpur Surat Gujarat 395009 India Sur,,Billwise,P495,HUL-10B812D-P22782,NA
L,MAA PHARMACY-D,P496,Sundry Debtor,Assets,null,Unnamed Road Radhey Shyam Twp L.P.Savani,Surat Gujarat 395009 India Surat Gujarat,,Billwise,P496,HUL-10B812D-P22810,NA
L,MARUTI MEDICAL STORES,P497,Sundry Debtor,Assets,null,824 Sayan Rd Parth Society Amroli,Surat Gujarat 394107 India Surat Gujarat,,Billwise,P497,HUL-10B812D-P22824,NA
L,Life Pharmacy-D-P,P498,Sundry Debtor,Assets,null,2 Shree Ram Nagar,Amroli India Surat Gujarat,,Billwise,P498,HUL-10B812D-P22838,NA
L,Satvam Medicoz-D,P499,Sundry Debtor,Assets,null,Shop No 9 Sun Resy Near,Charbhuja Circle Amroli Surat Gujarat,,Billwise,P499,HUL-10B812D-P22901,NA
L,Ma Aashapura Medical-D,P500,Sundry Debtor,Assets,null,4E Ln Park Tara Vidhiya School Bhatena,Surat Gujarat 395002 Same Surat Gujarat,,Billwise,P500,HUL-10B812D-P22971,NA
L,JALARAM MEDICAL-D-P,P501,Sundry Debtor,Assets,null,Shop 24 G F 5 Square Point Near,Laxmi Farm M V Circle Jahangirabad Surat Gujarat,,Billwise,P501,HUL-10B812D-P22988,NA
L,LIFECARE MEDICO-P-D,P502,Sundry Debtor,Assets,null,Apcha Nagar Surat 395007 India Shop No G28 Square,One Nr Santossa Heights Althan Surat Surat Gujrat,,Billwise,P502,HUL-10B812D-P23037,NA
L,Pradhanmantri Bhartiya Jan Aushdhi Kendra-D,P503,Sundry Debtor,Assets,null,Shop No 3 G Floor Keshav Chamber Nr Madhav Medical,Ved Road Pandol Surat Gujarat 395004 India Surat G,,Billwise,P503,HUL-10B812D-P23073,NA
L,Brahmani Medical-D-P,P504,Sundry Debtor,Assets,null,Shop No 9 Ground Floor. Lolita,Estate Vastadevadi Road Katargam Surat Gujarat,,Billwise,P504,HUL-10B812D-P23080,NA
L,Shree Mahakali Super Market-D,P505,Sundry Debtor,Assets,null,Shop No 10,Pooja Abhishek Apt,Opp  Realiance Market,Billwise,P505,HUL-10B234D-P41011,1
L,Radhe Krishna Medical-D,P506,Sundry Debtor,Assets,agehlot667@gmail.com,G 5 Happy Hallmarks Shoppers Vesu Abhwa,Main Road Vesu Surat Surat Gujrat,,Billwise,P506,HUL-10B812D-P23094,NA
L,Pramukh Medical-D,P507,Sundry Debtor,Assets,null,Shop No 910 Ashirwad Complex Sneh Sagar Socity Si,Same,Same,Billwise,P507,HUL-10A225D-P64534,1
L,Vijay Medicos-D,P508,Sundry Debtor,Assets,null,33 34 Sunday Residence Kosad Sayad Road,Surat Gujarat 394107 India Surat Gujarat,,Billwise,P508,HUL-10B812D-P23169,NA
L,Sagar Chemist-D,P509,Sundry Debtor,Assets,null,3 4 5 Gf Dangigev Soc Chikuvadi Road Danashish,Society Katargam Surat Gujarat 395004 India Surat,,Billwise,P509,HUL-10B812D-P23205,NA
L,Varni Medical-D,P510,Sundry Debtor,Assets,null,122 Near Cinema Industrial Area Pandol,Surat Gujarat 395004 India Surat Gujarat,,Billwise,P510,HUL-10B812D-P23271,NA
L,KAMAL MEDICAL &amp; GENERAL STORES-D-D,P511,Sundry Debtor,Assets,null,SHOP NO-G-1/2,AMARDEEP COMPLEX-D,CHHAPRABHATHA ROAD,Billwise,P511,HUL-134996D-P13343,-----
L,LAXMI MART AND MEDICAL,P512,Sundry Debtor,Assets,null,Navgivan ScoDhbholi Char Rasta Surat 6RJ9+R7C,Hari Nagar Society Dabholi Surat,Gujarat 395004 India,Billwise,P512,HUL-10B812D-P23316,NA
L,KHODIYA BEKRY AND NAMKIN-D,P513,Sundry Debtor,Assets,null,1 RUSHIKESH  RECIDENCY,MADHUVAN WALI GALI CHHAPRA PATA ROAD,GURUKRUPA MEDICAL NI SAME,Billwise,P513,HUL-10B234D-P41065,1
L,Green Cross Pharmacy-D,P514,Sundry Debtor,Assets,null,Shop 7 SMc Complex Near Ayurvedic,Clg Lal Darvaja Surat Gujrat,,Billwise,P514,HUL-10B812D-P23375,GJ SUR 164599
L,Care First Pharmacy-D,P515,Sundry Debtor,Assets,null,Near Bhanki Stadium 6QGR+GQ7 Behind Hanuman Tekari,Reva Nagar Rander Surat Gujarat 395005 Surat Gujar,,Billwise,P515,HUL-10B812D-P23396,GJ SUR 201502
L,Momaji Medical &amp; General Store-D,P516,Sundry Debtor,Assets,null,Sidhheshwar Society Katargam Singanpore Road Near,Store Singanpor Surat Gujarat 395004 India Surat G,,Billwise,P516,HUL-10B812D-P23462,GJ-SUR-207880
L,SAVON Pharmacy-D,P517,Sundry Debtor,Assets,null,2 Traveling App Nr Iskon Circle Jhagipura Jahangir,Pura Surat Gujarat 395005 India Surat Gujarat,,Billwise,P517,HUL-10B812D-P23509,212235
L,RUDRA MEDICAL STORE-D,P518,Sundry Debtor,Assets,chetanjayani75@gmail.com,4QJW+HX4 Bhimrad Surat Gujarat 395007 India 8 G,F Vacnza Homes Bhimrad Surtat Gujrat Surat Gujarat,,Billwise,P518,HUL-10B812D-P23532,NA
L,HEALTH HUB PHARMACY-D,P519,Sundry Debtor,Assets,null,7 Opposite Sai Square Complex Adajan Gam,Adajan Surat Gujarat 395009 India Surat Gujarat,,Billwise,P519,HUL-10B812D-P23539,211750
L,Sahajanad Medical-D,P520,Sundry Debtor,Assets,null,Nilkanthsociety,Katargam,Katargam,Billwise,P520,HUL-10A225D-P64733,1
L,Hellos Pharmacy-D,P521,Sundry Debtor,Assets,null,Galaxy Circle Pal Gam Surat Gujarat,394510 A5 Siddhachakra Residency Surat Gujarat,,Billwise,P521,HUL-10B812D-P23574,20 182186
L,Shree Krishna Medical A-D-P,P522,Sundry Debtor,Assets,null,2 Ranchhod Park Surat Gujarat 395005 India 2,Sai Poojan Recidency Jhagirabad Surat Gujarat Sura,,Billwise,P522,HUL-10B812D-P23602,213176
L,Riddhi Siddhi Cutlery-D,P523,Sundry Debtor,Assets,null,G 13 26 Raj Point,Vidhyakunj School Same,Palanpur Jakatnaka,Billwise,P523,HUL-10B234D-P41094,1
L,KHODALKRUPA MEDICAL STORE-D,P524,Sundry Debtor,Assets,null,7 MAYURI APP. OPP. BHULKA BHAVAN,SCHOOL ADAJAN SURAT. Surat Gujarat,,Billwise,P524,HUL-10B812D-P23609,209182,209183
L,DESAI MEDICAL-D,P525,Sundry Debtor,Assets,null,191-178 Piplod Main Road Saraswat Nagar Society,Piplod Surat Gujarat 395007 India Surat Gujarat,,Billwise,P525,HUL-10B812D-P23662,999234777011
L,GURUKRUPA MEDICAL-D,P526,Sundry Debtor,Assets,null,Plot No. 536 Shop No. 4 Baval Faliyu,Kosad Surat Gujarat 394107 India Surat Gujarat,,Billwise,P526,HUL-10B812D-P23711,BAYPB4064J
L,Varsha Chemist-D,P527,Sundry Debtor,Assets,null,4 Vishram Nagar Sivchhaya Society Katargam,Surat Gujarat 395004 India Surat Gujarat,,Billwise,P527,HUL-10B812D-P23726,CAHPM0075J
L,Mantra Medical Store-D,P528,Sundry Debtor,Assets,null,615 Luhar St Katargam Surat,Gujarat 395004 India Surat Gujarat,,Billwise,P528,HUL-10B812D-P23775,106196
L,GAYATRI PHARMACY-D,P529,Sundry Debtor,Assets,null,B 3 Arihant Heights Opposite Stuti Icon Palanpur,Surat Gujarat 395009 India Surat Surat Gujarat,,Billwise,P529,HUL-10B812D-P23838,411323906948
L,Angel Medical Store-D,P530,Sundry Debtor,Assets,null,4 Madhav Deep Nilkanth Soc.-3 Pandol Ved Road Opp.,Hospital Behind A Nani Bahucharji Mandir Industria,,Billwise,P530,HUL-10B812D-P23845,204932
L,NAND CHEMIST-D-D-D-D,P531,Sundry Debtor,Assets,null,MORA TEKRA,-,MORA TEKRA,Billwise,P531,HUL-133343D-P16276,0
L,Ambika Medical And GENERAL STORE,P532,Sundry Debtor,Assets,null,Unnamed Road Althan Surat,395007 India Surat Gujrat,,Billwise,P532,HUL-10B812D-P23958,841509787704
L,ECO PHARMACY-D,P533,Sundry Debtor,Assets,null,4QXQ+92M Vesu Surat Gujarat 395007 India G 24 25,Opp Rajhanse Zion Canal Road Vesu Surat Surat Guja,,Billwise,P533,HUL-10B812D-P23965,NA
L,Doshi Medical &amp; General-D,P534,Sundry Debtor,Assets,null,Shop No1 Prajapati Complex Kuber Nagar Katargam Ro,Paras Society Katargam Surat Gujarat 395004 India,,Billwise,P534,HUL-10B812D-P23972,213362/63
L,Maa Medical-D,P535,Sundry Debtor,Assets,null,4 Naryan Park Nr Palalnpur Jakatnaka,Surat Gujarat 395009 India Surat Gujarat,,Billwise,P535,HUL-10B812D-P23979,GJ-SUR-215629
L,KRISHNA MEDICAL &amp;General Store-D-P,P536,Sundry Debtor,Assets,null,Shop No.78 Sarthak Residency,Near Nayara Petrol Pump Adajan Pal,Pal,Billwise,P536,HUL-10B812D-P23993,864228298835
L,Mahaveer Medical And General Stores-D-P,P537,Sundry Debtor,Assets,null,Shop No 45 Ground Floor  Surbhi Complex,Katargam,,Billwise,P537,HUL-10B812D-P24014,216137
L,Faiz Medical And General Store-D,P538,Sundry Debtor,Assets,null,6QGR+QJ5 Near Hanumantekri Reva Nagar Rander Surat,India Shop No.9 City Homes Building Surat Gujarat,,Billwise,P538,HUL-10B812D-P24021,771829316604
L,MAMTA MEDICAL &amp;GENERAL STORE-D-P,P539,Sundry Debtor,Assets,null,G F 10aagam Prestige Op ONGC COLONY MAGDALLA GAAM,Near Vr Mall 4QR4+W2Q Dumas Rd Magdalla Surat,Gujarat 395007 India,Billwise,P539,HUL-10B812D-P24040,NA
L,Devkrupa Medical Stores-D,P540,Sundry Debtor,Assets,null,G97 Raj World Shopping Cente Opp Nilkanth Rec,Palanpur Gam Surat Gujarat 395009 India Surat Guja,,Billwise,P540,HUL-10B812D-P24103,173432
L,Hirani Medical And Provision Store-D,P541,Sundry Debtor,Assets,null,Shop No B 1 Ground Floor Megha Complex Ayodhya,Nagri Adajan Surat Gujarat 395009 India Surat Guja,,Billwise,P541,HUL-10B812D-P24131,213330
L,Shiv Sakti Medical Store-D,P542,Sundry Debtor,Assets,null,A-33 Paras Society Katargam Surat Gujarat,395004 India Surat Surat Gujarat,,Billwise,P542,HUL-10B812D-P24208,2064420645
L,Health First Medical-D,P543,Sundry Debtor,Assets,sirajul4942@gmail.com,Orchid Towers Opp Makbara Masjid Ved Rd Beside Amd,Bakery Fatakdawadi Industrial Area Singanpor Surat,,Billwise,P543,HUL-10B812D-P24222,20-208013
L,AATMIYA MEDICAL AND GENERAL STORE-D,P544,Sundry Debtor,Assets,null,CAUSEWAY ROAD,CAUSEWAY,CAUSEWAY,Billwise,P544,HUL-10A225D-P64998,1
L,ALEXA MEDICINES-D,P545,Sundry Debtor,Assets,null,7 New Rander Rd Sultaniya Rander,Surat Gujarat 395005 India Surat Gujarat,,Billwise,P545,HUL-10B812D-P24334,212871
L,Bhairav Medical-D,P546,Sundry Debtor,Assets,null,25 Muktanand Nagar Rd Jashvanti Nagar Narotam,Nagar Surat Gujarat 395009 India Surat Gujarat,,Billwise,P546,HUL-10B812D-P24369,20 214230
L,Jayesh Medical And General Store,P547,Sundry Debtor,Assets,null,17 18 5 Squre Point Jahangirabad,Surat Gujarat 395005 India Surat Gujarat,,Billwise,P547,HUL-10B812D-P24517,216670
L,PRADHAN MANTRI BHARITYA JANAUSHADHI KENDRA-D,P548,Sundry Debtor,Assets,null,Shop No07 Shreedarshan Appt.B. Bharthana Road,Althan Near Jakatnaka Surat Gujarat,,Billwise,P548,HUL-10B812D-P24587,20-183173, 21-183174
L,VINAYAK MEDICAL AND GEN-D,P549,Sundry Debtor,Assets,null,6QJP+VG7 Doctor Park Rd Jalaramnagar Jahangir P Ur,Dahin Nagar Surat Gujarat 395005 India Surat Gujar,,Billwise,P549,HUL-10B812D-P24665,216746
L,SIRVI MEDICAL STORES-D-D-D-D,P550,Sundry Debtor,Assets,null,4/5-PAVITRA COMPLEX,RAM NAGAR UGAT RD,RAMNAGAR,Billwise,P550,HUL-134083D-P7490,NA
L,BR Pharmacy-D,P551,Sundry Debtor,Assets,null,6VH7+JCC Uttran Surat Gujarat,394105 India Surat Gujarat,,Billwise,P551,HUL-10B812D-P24714,206697
L,AMBICA CHEMIST-D,P552,Sundry Debtor,Assets,null,34 Gaurav Path Road Piplod Surat Gujarat 39500,9 India Near Shavion Circle Surat Gujarat,,Billwise,P552,HUL-10B812D-P24833,20-216660, 21-216661
L,AAVKAR HOSIERY AND NOVELTY-D,P553,Sundry Debtor,Assets,null,3 GAYATRI NAGAR 2,AMBIKA NAGAR ROAD,SURAT,Billwise,P553,HUL-10B234D-P41147,1
L,Sanjeevni Medical-D,P554,Sundry Debtor,Assets,null,B 2 Sundaram Apt Opp.,Alpesh Nagar Surat Gujarat,,Billwise,P554,HUL-10B812D-P25002,20-206084 ,21-206085
L,AMBICA CHEMIST-D,P555,Sundry Debtor,Assets,null,Shop No. G 5 Sai Milap Shoppers Block No. 152,Gauravpath Road Nr. Shavion Circle Palanpur Surat,,Billwise,P555,HUL-10B812D-P25254,216660,216661
L,Hare Krishana Medical-D-P,P556,Sundry Debtor,Assets,null,B197 Deepjyot Society Mahadev Nagar Pankaj Naga R,Gujarat 395009 India Opp Vijay Medical Surat Gujar,,Billwise,P556,HUL-10B812D-P25317,20 207538 20 207539
L,Shreesainath Medical-D,P557,Sundry Debtor,Assets,null,Balmukund Appartment,Katargam,Katargam,Billwise,P557,HUL-10A225D-P65526,1
L,CARE PHARMACY-D,P558,Sundry Debtor,Assets,null,6RP9+VQM Darshan Park Society Pramukh Darshan So C,Dabholi Surat Gujarat 395004 India India Surat Guj,,Billwise,P558,HUL-10B812D-P25500,214966
L,P M AGENCY-D,P559,Sundry Debtor,Assets,null,E-3 Madhav Residency Aanand Mahal Road Near Sha K,Hospital Adajan Gam Adaja N Surat Gujarat 395009 I,,Billwise,P559,HUL-10B812D-P25528,3314 7628 0496
L,Ambaji Medical-D,P560,Sundry Debtor,Assets,null,Raj Harmony Palanpur Surat Gujarat,395005 Indi 2 Surat Gujarat,,Billwise,P560,HUL-10B812D-P25570,216957/216958
L,Pramukh Medical-D,P561,Sundry Debtor,Assets,null,H-2 Maruti Chambe Near Ishwar Nagar Gotalawadi Aga,Surat Gujarat 395004 India Katargam Surat Gujarat,,Billwise,P561,HUL-10B812D-P25578,217239
L,Krishna Medical  &amp; General Stores-D,P562,Sundry Debtor,Assets,null,A/F-9 Prabhudarshan Complex Beside Gopal Dairy A M,Surat Gujarat 394107 India Surat Surat Gujarat,,Billwise,P562,HUL-10B812D-P25606,NA
L,Om Shiv Medical Store-D,P563,Sundry Debtor,Assets,null,5R26+PX9 Azad Nagar Slums Mahadev Nagar Azad Na,Gar Althan Surat Gujarat 395017 India Surat Gujara,,Billwise,P563,HUL-10B812D-P25637,656360943169
L,Ramkrushna Medical-D,P564,Sundry Debtor,Assets,null,NA,Katargam,Katargam,Billwise,P564,HUL-10A225D-P65626,1
L,BRAHMANI CHEMIST &amp; GENERAL STORE-D,P565,Sundry Debtor,Assets,null,STAR ROW HOUSE MORA CHORASIYA,Near Tapovan Chemist Hazira Gujarat,,Billwise,P565,HUL-10B812D-P25719,217399
L,PERFECT MEDICAL AND GENERAL STORE-D,P566,Sundry Debtor,Assets,null,U-10 Bhagwati Darshan Apartment Bhatar Rd Near Uma,Bhatar Circle Surat Gujarat 395007 India Surat Guj,,Billwise,P566,HUL-10B812D-P25747,20-172475  21-172476
L,Maruti Medical-D,P567,Sundry Debtor,Assets,null,NA,Vedroad,Katargam,Billwise,P567,HUL-10A225D-P65706,1
L,Manmeet Medical-D,P568,Sundry Debtor,Assets,null,Gaytri Nagar,Katargam,Katargam,Billwise,P568,HUL-10A225D-P65891,1
L,Bhairuji Medical Stores-D,P569,Sundry Debtor,Assets,null,P46ShopNo2 Shivdarshan Society 2,Near Kantheria Hanuman Temple,Singanpore Road Katargam,Billwise,P569,HUL-10A225D-P66164,1
L,Gurukrupa Medical-D,P570,Sundry Debtor,Assets,null,Plot No 51 Bhagu Nagar Society Near Bhole,General Sos Amroli Surat Amroli Surat Surat Gujar,,Billwise,P570,HUL-10B812D-P26792,202768
L,NAMAN MEDICO-D,P571,Sundry Debtor,Assets,null,Shop No 84hamoni Salaj Home,Sugar Road,Jahangirabad,Billwise,P571,HUL-10B234D-P18960,1
L,henny cosmetic-D,P572,Sundry Debtor,Assets,null,12apple sqvear,dabholi char rasta,near shreenathji medical,Billwise,P572,HUL-10B234D-P41206,1
L,Pavan Medical &amp; Genral Store-D,P573,Sundry Debtor,Assets,null,Samarpan Heights Vaishnodevi Rd Dahin Nagar Sur,at Gujarat 395005 India Surat Gujarat,,Billwise,P573,HUL-10B812D-P26806,20-218515
L,Arbuda Medical-D,P574,Sundry Debtor,Assets,null,Shop No G26 Samarth Park Chhaprabhatha Amroli,Surat Gujarat 394107 India Same Surat Gujarat,,Billwise,P574,HUL-10B812D-P26814,219181
L,Shubham Chemist-D,P575,Sundry Debtor,Assets,null,Shop no 3 Atlanta business Hub V,I P Rd.Surat Vesu Surat Surat Gujarat,,Billwise,P575,HUL-10B812D-P26830,171891-92
L,MATESHWARI MEDICOZ-D-P,P576,Sundry Debtor,Assets,null,Shop No G26 VIP Road Surat Gujarat 395017 India,Atlantis Square B Highfild Ascot Opp Rudram Avenue,Vesu Surat,Billwise,P576,HUL-10B812D-P26837,NA
L,RELAX PHARMACY AND BEAUTY POINT-D,P577,Sundry Debtor,Assets,null,G 48 shiven squar Opp. Swastikparty,Plot Adajan Pal Surat Surat Gujarat,,Billwise,P577,HUL-10B812D-P26911,2028-02-13
L,Rashmi Medical &amp; Janral Store-D,P578,Sundry Debtor,Assets,null,2 Bhugliya Kuber Nagar Div2 Prabhu Nagar 2,Katargam Surat Gujarat 395004 India Surat Gujarat,,Billwise,P578,HUL-10B812D-P26932,179318 / 179319
L,MAHARANA CHEMIST &amp; GENERAL STORE-D,P579,Sundry Debtor,Assets,null,1 Anand Park Society Katargam Surat Gujarat 39,5004 India Near Rajlaxmi Medical Surat Gujarat,,Billwise,P579,HUL-10B812D-P26999,195896
L,KIRAN MEDICAL-D-P,P580,Sundry Debtor,Assets,null,Happy Home Complex Acharya Hasti Marg New City L,Surat Gujarat 395007 India Shop No10 Happy Home S,,Billwise,P580,HUL-10B812D-P27006,20-219963
L,Rajkot Dari-D,P874,Sundry Debtor,Assets,null,Rajdip Komlaks  No.11,Sighanpur Char Rasta,Vadrod Surat,Billwise,P874,HUL-10B234D-P42430,1
L,YOGESHER DAIRY-D,P875,Sundry Debtor,Assets,null,RAMJI PARK,KATRGAM,Surat,Billwise,P875,HUL-10B234D-P42437,1
L,Shree Lakshmi Deri &amp; Sweets-D,P876,Sundry Debtor,Assets,null,Shop No.19Anand Flats,BSNL Office Ni Same,Ajajan,Billwise,P876,HUL-10B234D-P42444,1
L,SHIV SHAKTI XEROX-D,P877,Sundry Debtor,Assets,null,6QHR+9MC Taj Society Narayan Nagar Society Reva N,Rander Surat Gujarat 395005 India India Surat Guj,,Billwise,P877,HUL-10C120D-P21302,AAZPL4914D
L,Mahaveer Namkeens Private LTD.-D,P878,Sundry Debtor,Assets,null,17 Maher Nager Jalaram Society Adajan Gam Adaj,An Surat Gujarat 395009 India India Surat Gujarat,,Billwise,P878,HUL-10C120D-P21367,718269861452
L,yogi namkin bakri-D,P879,Sundry Debtor,Assets,null,shop. no.2 vundava sosayti,moti bahuchraji mandir ni bajuma,dhaboli char rasta,Billwise,P879,HUL-10B234D-P42479,1
L,Bhavika Store-D,P880,Sundry Debtor,Assets,null,6QCH+R43 Prabhudarshan Society Jahangirabad Sim A,Surat Gujarat 395005 India Surat Gujarat,,Billwise,P880,HUL-10C120D-P21399,203799943370
L,Kiran Pharmacy-D,P881,Sundry Debtor,Assets,null,Pl No 1 Ab Ground Floor Shop Nirmala Park Soc,Chiku Vadi Katargam Gujarat 3950 04 India Surat Gu,,Billwise,P881,HUL-10C120D-P21406,GJ-SUR-224122
L,Mahavir Trading Co-D,P882,Sundry Debtor,Assets,null,09 Narayan Park Society Ichchhapor Bus Stop Ichhap,Main Road Hazira Gujarat 394510 India Hazira Gujar,,Billwise,P882,HUL-10C120D-P21413,534750607908
L,KHAWAJA DANA MEDICAL STORE-D,P883,Sundry Debtor,Assets,null,15 Rang Avdhut Society 2 Ramnagar Main Road,Rander Surat Gujarat 395005 India Surat Gujarat,,Billwise,P883,HUL-10C120D-P21429,ELZPS9564P
L,HEAVEN MEDICAL-D,P884,Sundry Debtor,Assets,null,10 Ground Floor NR Prakash Bakery Ramnagar,Rander Surat Gujarat 395005 India Surat Gujarat,,Billwise,P884,HUL-10C120D-P21436,647120601192
L,Jay Mataji Bakri-D,P885,Sundry Debtor,Assets,null,101. Vrundava Sosayti,Mahila Mandir Ni Sari,Dhaboli Char Rasta,Billwise,P885,HUL-10B234D-P42486,1
L,DUDH SAGAR DAREY-D,P886,Sundry Debtor,Assets,null,FAIZ COMPLEX AJMERI COMPLEX,Faiz Complex AJMERI Complex Ni Same,New Rander Road,Billwise,P886,HUL-10B234D-P43221,1
L,RADHE CUTLERY-D,P887,Sundry Debtor,Assets,null,G_61 Rajharmoniyam,Ughat Road,Janhgirpura,Billwise,P887,HUL-10B234D-P43940,1
L,SUGAM MEDICAL STORES(SMART)-D-D-D-D-D-D,P888,Sundry Debtor,Assets,null,16ANKUR SHOP. CENTER-2,NR.PALANPUR JAKAT NAKARANDER ROAD,,Billwise,P888,HUL-133172D-P3358,24220200383
L,Rahemat Dairy-D,P889,Sundry Debtor,Assets,null,New Rander Rd Adajan Patiya Surat,Gujarat 395005 India Surat Gujarat,,Billwise,P889,HUL-10B812D-P24313,971674319122
L,GOKUL BAKERY-D,P890,Sundry Debtor,Assets,hirenranoliya9298@gmail.com,11 Radhabag Socity Magan Nagar Subhash Nagar Socie,Katargam Surat Gujarat 395004 India Surat Gujarat,,Billwise,P890,HUL-10B812D-P24419,396826964761
L,Dardas Live Ice Cream-D,P891,Sundry Debtor,Assets,null,Shop No 82 Near Honey Park Rd Honey Park,Area Adajan Surat Gujarat 395009 India Surat Gujar,,Billwise,P891,HUL-10B812D-P24433,783235527270
L,Hari Om Medical-D,P892,Sundry Debtor,Assets,null,41 Sagar Row House Nyra Petrol Pump Pankaj,Nagar Pal Road SuratGujarat 395009 India Surat Guj,,Billwise,P892,HUL-10B812D-P27416,20-219257
L,Sanjivani Medical Store-D,P893,Sundry Debtor,Assets,null,79 Mahakavi Kalidas Marg Honey Park Area Pankaj Na,Surat Gujarat 395009 India L.P.Savani School Surat,,Billwise,P893,HUL-10B812D-P27486,220585
L,Kamal Bakery-D,P894,Sundry Debtor,Assets,null,12 Ramnagar Rander Main Road Surat,Gujarat 3 95005 India Surat Gujarat,,Billwise,P894,HUL-10B812D-P27500,892148107935
L,Heaven Medical-D,P895,Sundry Debtor,Assets,null,7 Deepak Awas Adajan Surat Gujarat,395009 Indi A Ramnagar Surat Gujarat,,Billwise,P895,HUL-10B812D-P27521,20- 223063
L,Bhagvati Dairy-D,P896,Sundry Debtor,Assets,null,B-10 Vad Road Raman Nagar Vishal Nagar,Surat Gujarat 395004 India Surat Gujarat,,Billwise,P896,HUL-10B812D-P27535,299388921367
L,Gujarat Bakers And Namkeen-D,P897,Sundry Debtor,Assets,null,L P Sawani Road Samrath Cumpus Shop No 24 Radhey,Shyam Twp L.P.Savani Surat Gujarat 395009 Ind Ia S,,Billwise,P897,HUL-10B812D-P27556,BIKPA2395D
L,ROYAL BAKERY-D,P898,Sundry Debtor,Assets,null,Ground Floor OPP Hathi Mandir Rd Near VADLA PAR KI,Aamba Talavadi Sarita Society Katargam Su Aamba Ta,,Billwise,P898,HUL-10B812D-P27577,KLJPK4339G
L,SHREE NATH DAIRY-D,P899,Sundry Debtor,Assets,null,6Q4J+G9V Palanpur Jakatnaka Surat Gujarat,39500 9 India Surat Gujarat,,Billwise,P899,HUL-10B812D-P27584,AJRPG9030E
L,Rudraksh Medical-D,P900,Sundry Debtor,Assets,null,5QPH+PQ8 Adajan Gam Surat Gujarat,394510 India Surat Gujarat,,Billwise,P900,HUL-10B812D-P27598,CAAPG2077F
L,NIMBESHVAR MEDICAL AND GENERAL STORE-D-P,P901,Sundry Debtor,Assets,null,Tena No.035A91501500001Rsno79Palki Ground Floor Sh,Althan Police Choki Bhatar Surat 395017 Surat Guja,,Billwise,P901,HUL-10B812D-P27619,20-221597
L,Shree Hari Om Bakery &amp; Dairy-D,P902,Sundry Debtor,Assets,null,2 Maruti Complex Near Mansarovar,Circle Amroli Surat Surat Gujarat,,Billwise,P902,HUL-10B812D-P27626,980367794153
L,New Any Cosmetic-D,P903,Sundry Debtor,Assets,null,6Q7Q+XGM Sugar Dairy Ramnagar Rander Surat,Gu Jarat 395009 India Surat Gujarat,,Billwise,P903,HUL-10B812D-P27633,AQMPS2076G
L,Omkar Bekary-D,P904,Sundry Debtor,Assets,null,Shop No 2 5 Near Jhulelal Mandir Ramnagar,Sima Nagar Surat Gujarat 395005 India Surat Gujara,,Billwise,P904,HUL-10B812D-P27640,AAHPH8954P
L,Mateshwari Ice Cream And Provision,P905,Sundry Debtor,Assets,null,Surat 6Q9P+QVF Devashish Nagar Morabhagal Sura,T Gujarat 395005 India Surat Gujarat,,Billwise,P905,HUL-10B812D-P27647,FWXPK9449B
L,patel pan cornar-D,P906,Sundry Debtor,Assets,null,jay bhart app near bhaychand nagar,madhvanand aashram,katargam,Billwise,P906,HUL-10B234D-P42591,1
L,SHIVAM BAKERY-D,P907,Sundry Debtor,Assets,null,E-204 Arihant arcade Surat E-204 Arihant arcade S,395009 IN Palanpu r Surat Gujarat 395009 India Su,,Billwise,P907,HUL-10B812D-P27661,994691639415
L,Patel Paan-D,P908,Sundry Debtor,Assets,null,A-40 PATEL NAGAR NEAR JAHANGIPURA CHECKPOST Olpad,Pura Surat Gujarat 395005 India 05 India Surat Guj,,Billwise,P908,HUL-10B812D-P27710,CCHPP3140H
L,THE NEW PRAKASH BAKERY-D,P909,Sundry Debtor,Assets,null,D-1 Rander Main Rd Block-A Ramnagar Sima,Nagar Surat Gujarat 395005 India Surat Gujarat,,Billwise,P909,HUL-10B812D-P27717,591893034429
L,SHITARAM DAIRY NAMKEEN-D,P910,Sundry Debtor,Assets,null,Shope No 1 Surbhi Hou Soc,Beside L P Savani School,L P Savani Road,Billwise,P910,HUL-10B234D-P42605,NA
L,Jagadamba Bakery-D,P911,Sundry Debtor,Assets,null,4 Kailash Residency Nr Sai Rachana Society Nr,Bhavani Medical L.P.Savani Road Adajan Surat. Sura,,Billwise,P911,HUL-10B812D-P27738,312480998392
L,Rahemat Store-D,P912,Sundry Debtor,Assets,null,6Q8W+F29 Gymkhana Rd Rehamt Nagar Rander,Surat Gujarat 395005 India Surat Gujarat,,Billwise,P912,HUL-10B812D-P27766,265433330731
L,Pavan Chemist-D,P913,Sundry Debtor,Assets,null,3 Shiv Residency Sarsana Althan Rd Surat Nr,Bhimrad Choky Althan Surat Gujrat Surat Gujarat,,Billwise,P913,HUL-10B812D-P27773,GJ-SUR-172710
L,khetlaji MEDICAL &amp; GENRAL STORE,P914,Sundry Debtor,Assets,null,15 Trilok Nagar Ved Rd Trilok Society Industri Al,Singanpor Surat Gujarat 395004 India NEAR RAJLAXMI,,Billwise,P914,HUL-10B812D-P27794,224124
L,Patel Dery-D,P915,Sundry Debtor,Assets,null,Rang Darshan,ChikuWad,Ved Road,Billwise,P915,HUL-10B234D-P42633,1
L,MADHAV PHARMACY-D-P,P916,Sundry Debtor,Assets,null,6RPG+Q74 Ramkatha Rd Aamba Talavadi Patel Park Soc,Surat Gujarat 395004 India NEAR MARUTI MEDICAL Sur,,Billwise,P916,HUL-10B812D-P27843,224331
L,Ramdev dairy-D,P917,Sundry Debtor,Assets,null,B 21 shivchaya soc,ved road,surat,Billwise,P917,HUL-10B234D-P42668,1
L,Vanity Box-D,P918,Sundry Debtor,Assets,null,34 Patel Street Althan Gam Near Althan Garden,Gate Althan Gam Althan Gam Surat Gujarat,,Billwise,P918,HUL-10B812D-P27906,AQQPM9523Q
L,LAXMI DAIRY-D,P919,Sundry Debtor,Assets,null,12 SUBHMANGAL APT HAZIRA ROAD ADAJAN Aahura Nagar,Gam Adajan Surat Gujarat 39500 9 India Surat Guja,,Billwise,P919,HUL-10B812D-P27913,693994740597
L,Ma Sachhiyan Novelti-D,P920,Sundry Debtor,Assets,null,D 1002 Suman Darshan Sos Near D-Mart Madhavkunj,Society Singanpor Surat Gujarat 395004 India Surat,,Billwise,P920,HUL-10B812D-P27941,DWHPP2912J
L,Ankur Bakery And Dairy,P921,Sundry Debtor,Assets,null,Bhagyalaxmi Row House Anjani Heights Rd Jahangir,Pura Surat Gujarat 395005 India Surat Gujarat,,Billwise,P921,HUL-10B812D-P27955,BTHPM5626F
L,RASTOGI ICE CREAM PARLOUR &amp; DAIRY-D,P922,Sundry Debtor,Assets,null,502 Green City Rd Adajan Gam Pal Gam,Surat Gu Jarat 395009 India Surat Gujarat,,Billwise,P922,HUL-10B812D-P27962,562943066998
L,Shiv Bhavani Farsan-D,P923,Sundry Debtor,Assets,null,6RMH+H72 Gajera Rd Aamba Talavadi Panchdev Soci Et,Vishal Nagar Surat Gujarat 395004 India Surat Guja,,Billwise,P923,HUL-10B812D-P27969,BKYPS3651J
L,Shiv Shakti Katlary-D,P924,Sundry Debtor,Assets,null,Omkar Row House Uttran Surat Gujarat 394105 In Mad,Bag School Ni Baju Ma Amroli Surat Gujarat,,Billwise,P924,HUL-10B812D-P28005,ARJPP3579R
L,SHREE VINAYAK MEDICAL &amp; GENERAL STORE-D,P925,Sundry Debtor,Assets,null,6 Green Valley Rd Uma Park Society Adajan,Sura T Gujarat 395005 India Surat Gujarat,,Billwise,P925,HUL-10B812D-P28012,199542
L,Laxmi Dery-D,P926,Sundry Debtor,Assets,null,A-3 Amroli - Kosad Rd Abhishek Twp Amroli Sura T,Gujarat 394107 India Charbhuja New Koshad Rod Amro,,Billwise,P926,HUL-10B812D-P28019,DVOPP9193P
L,HARI KRUSHNA DAIRY-D,P927,Sundry Debtor,Assets,null,SHOP NO 4 5 HARE KRISHNA APT AVDHUT,NAGAR NEAR CHIKUVADI KATARGAM SURAT Surat Gujarat,,Billwise,P927,HUL-10B812D-P28033,862330346414
L,Mahavir Bakery  &amp;  Namkeen-D,P928,Sundry Debtor,Assets,null,Unnamed Road Vesu Surat Gujarat,395007 India Surat Gujarat,,Billwise,P928,HUL-10B812D-P28075,724430505700
L,Shiv Krupa Bakery-D,P929,Sundry Debtor,Assets,null,G 7  Sanguni Gardiyan,Dandi Road,Jahangirabad,Billwise,P929,HUL-10A225D-P63175,1
L,GURUKRUPA TRADING-D,P930,Sundry Debtor,Assets,null,5QQG+WWW Pal Gam Surat Gujarat,394510 India Surat Gujarat,,Billwise,P930,HUL-10B812D-P28152,10720031000137
L,Vijay Medico-D,P931,Sundry Debtor,Assets,null,29 Gf Kalapi Nagar Soc Laxmikant,Road Gujarat 395004 India Surat Gujarat,,Billwise,P931,HUL-10B812D-P28173,218345,218346
L,Jay Khodiyar Cutlery-D,P932,Sundry Debtor,Assets,null,6RFH+WM9 Singanpor Rd Near Shanti Nagar Society A,Society Narayan Na Gar Katargam Surat Gujarat 395,,Billwise,P932,HUL-10B812D-P28215,276938866984
L,Jay Ambe Sumul Parlour-D,P933,Sundry Debtor,Assets,null,41/MAHAVIRDHAM VIBHAG 2 New Kosad Rd Amroli Su Ra,Gujarat 394107 India Suryanjali Residnshi Amrilo,,Billwise,P933,HUL-10B812D-P28222,ARTPP8734E
L,Sumul Amul Parlour-D,P934,Sundry Debtor,Assets,null,G 1 Rng Building Nishal Circle,Surat Gujarat 395009 Surat Gujarat,,Billwise,P934,HUL-10B812D-P28278,622863916697
L,Jay Chamunda Novelty-D,P935,Sundry Debtor,Assets,null,G 34 Shiv Kartik Enclave,Nandani 2 Veau Surat Gujarat,,Billwise,P935,HUL-10B812D-P28292,646963950443
L,B. N SUPER STORE,P936,Sundry Debtor,Assets,null,Near Gaurav Path Road Near Appex Hospital Opp. TP,Road Pal Gam Surat Gujarat 395009 I Ndia Surat Guj,,Billwise,P936,HUL-10B812D-P28306,797119107580
L,I N T Pan Center-D,P937,Sundry Debtor,Assets,null,177 Rang Avdhut Society Rander Surat,Gujarat 3 95005 India Surat Gujarat,,Billwise,P937,HUL-10B812D-P28327,565375200139
L,Qaswa Stationery &amp; Travels-D,P938,Sundry Debtor,Assets,null,9 Rander Rd Near Jhulelal Mandir Ramnagar Rand,Er Surat Gujarat 395005 India India Surat Gujarat,,Billwise,P938,HUL-10B812D-P28341,381992567804
L,Shreeji Dairy-D,P939,Sundry Debtor,Assets,null,Shop No A 1,Sangar  Sankur,Canal Road,Billwise,P939,HUL-10A225D-P66597,1
L,LIFE CARE MEDICAL&amp; GANRAL  STORE-D,P940,Sundry Debtor,Assets,null,6 Shubh Lack Raw House Near Raja Park So. Sin,N.A.,N.A.,Billwise,P940,HUL-10A225D-P69970,1
L,Shree Chamunda Dairy-D,P941,Sundry Debtor,Assets,null,Gayatrinagar Gate No.4 Katargam Surat,Same,Same,Billwise,P941,HUL-10B234D-P19409,1
L,BABA RAMDEV KIRANA STORE-D-D-D,P942,Sundry Debtor,Assets,null,PLOT NO. 90 SHOP NO. 1/2,KRISHNA NAGAR SOC,BUS STOP NO-3 HAZIRA RD,Billwise,P942,HUL-134733D-P6971,APPLIED
L,Shree Bhavani Dairy Bakery And General Store-D,P943,Sundry Debtor,Assets,null,6RRW+JQ7 Amroli Surat Gujarat,394107 India Surat Gujarat,,Billwise,P943,HUL-10C120D-P22657,637985266962
L,Navkar Namkeen Daily Needs-D,P944,Sundry Debtor,Assets,null,14 Chanakya Marg Shaligram Society Surdas Nagar,Rander Surat Gujarat 395005 India Surat Gujarat,,Billwise,P944,HUL-10C120D-P22664,456240507881
L,Laxmi Medical &amp; Ganral Stor-D,P945,Sundry Debtor,Assets,null,7R3Q+W65 Chapprabhatta Ganeshpura Surat Gujara,T 394107 India Surat Gujarat,,Billwise,P945,HUL-10C120D-P22684,AGVPN0190M
L,Ramdev Medical-P,P946,Sundry Debtor,Assets,null,Shop No 22 Ground Floor The Boulevard Opp. Western,Hub Near Pratham Circle Pal Surat 395009 Surat Guj,,Billwise,P946,HUL-10C120D-P22769,224313
L,SOBHA IMITAION-D,P947,Sundry Debtor,Assets,null,PARAS BZAR,KATRGAM,NEAR ADITYA NOWEL TY,Billwise,P947,HUL-10B234D-P42808,1
L,SHREE KHODAL KRUPA MEDICAL AND GENERAL STORE-D,P948,Sundry Debtor,Assets,null,Santkrupa Palace 6RJH+2XX Lalitapark Society La Li,Katargam Surat Gujarat 395004 In Dia Surat Gujarat,,Billwise,P948,HUL-10C120D-P22777,278765847586
L,Vaibhav Dairy-D,P949,Sundry Debtor,Assets,null,Eden Enclave  FP-30 TP-9 Palanpur Surat Guj,Arat 395009 India,,Billwise,P949,HUL-10C120D-P22800,NA
L,DESAI MEDICINES-D,P950,Sundry Debtor,Assets,null,1 276 Gf Patel Faliu Near Jain Temple,Katargam Surat Gujarat 395004 India Surat Gujarat,,Billwise,P950,HUL-10C120D-P22810,225725
L,Aashapura Medical And General Stores-P,P951,Sundry Debtor,Assets,null,Shop No1 Azad Nagar Slums Mahadev Nagar Azad Na G,395017 India Rs1to4 Palki Plot No 05 Ground Floor,,Billwise,P951,HUL-10C120D-P22817,20-226551
L,SHYAM MEDICAL AND GENERAL STORE-D,P952,Sundry Debtor,Assets,null,Shop No 1 Ground Floor Surat Gujarat 39500 Happy,Hallmark Shoppers Abhva Gam Vesu Surat Surat Gujar,,Billwise,P952,HUL-10C120D-P22833,NA
L,Pramukh Medical-D,P953,Sundry Debtor,Assets,null,Shopno G10 Happy Hallmark Shopper Nr Celiebrity Gr,Abhva Road Vesu Surat Gujrat Surat Gujarat,,Billwise,P953,HUL-10C120D-P22842,225697
L,Sundha Novelty-D,P954,Sundry Debtor,Assets,null,4 Uday Nagar-2 Uday Nagar-1 Katargam Surat Gu,jarat 395004 India,,Billwise,P954,HUL-10C120D-P22889,619289531730
L,Govardhan Dairy &amp; Bekri-D,P955,Sundry Debtor,Assets,null,Sh 8Anmol Heights Opp Shangrila Heights Utran,Utran,A To Z Ni Bajuma,Billwise,P955,HUL-10B234D-P42822,1
L,Gansyam Namkin &amp; Dakry-D,P956,Sundry Debtor,Assets,null,Shop No.4.5,47 Narayan Nagar,Dhanmora Road Katargam,Billwise,P956,HUL-10B234D-P42857,1
L,Viratra Bekary-D,P957,Sundry Debtor,Assets,null,Shop No  41 Axels Building,Bhimrat Canal Road,Opppo Shiv Shomeshwar Besu,Billwise,P957,HUL-10B234D-P42892,1
L,DEEP KAMAL  BAKERY T-D-D-D-D,P958,Sundry Debtor,Assets,null,SHOP NO. G-7 PRAMUKH  CHAMBER,TADWADI,RANDER ROAD SURAT,Billwise,P958,HUL-134083D-P9875,NA
L,Umiya Dairy Super Store-D,P959,Sundry Debtor,Assets,null,Shop No 1suryam Residency,Haridashan No Khado,Singarpur Road Surat,Billwise,P959,HUL-10B234D-P42941,1
L,Shree Jala Sai Icecream Parlour-D,P960,Sundry Debtor,Assets,null,Athvwalaince Lal Bangla Ni Same,Near Maheshwari Store,Gohdod Road Surat,Billwise,P960,HUL-10B234D-P43039,1
L,Subbarao Dariy-D,P961,Sundry Debtor,Assets,null,Shop G3,Vasupujya,15 Peleyn,Billwise,P961,HUL-10B234D-P43186,1
L,KRISHNA ICECREAM AND BAKERY-D,P962,Sundry Debtor,Assets,null,G1 Siddhgiri Residency,Opp.Kushal Vatika,PAL RTO Street Road.,Billwise,P962,HUL-10B234D-P43207,1
L,Jay Jalaram Namkeen Store-D,P963,Sundry Debtor,Assets,patelchetna761@gmail.com,3 Thakurdwar Society,Opp.Balaji Krupa Gate No 1,Palanpore Jakat Naka,Billwise,P963,HUL-10B234D-P43291,NA
L,Sitaram Dairy-D,P964,Sundry Debtor,Assets,null,Dhwarkesh  App.,Prabhu  Nager 1.Ni Same,Katargam,Billwise,P964,HUL-10B234D-P43326,1
L,Krishna Cutlary Store-D,P965,Sundry Debtor,Assets,null,7 Madhav Complex,Opp Gayatri Mandir,Ved Dabholi Road Surat,Billwise,P965,HUL-10B234D-P27286,1
L,Nilkanth Namkeen And Backry-D,P966,Sundry Debtor,Assets,null,Shope 12 Vastupujya Residency,Opp.Sandyavandan Soc,Palanpore Jakat Naka,Billwise,P966,HUL-10B234D-P43424,NA
L,Krishna Bekary-D,P967,Sundry Debtor,Assets,null,Shop No  4 Pletinum High,Oppo Aashadip School,Vip Circle Utran,Billwise,P967,HUL-10B234D-P43467,1
L,EVERGREEN BAKERI &amp; CAKE SHOP D-D,P968,Sundry Debtor,Assets,null,OOP SHIVAM BAKERI,G H B LILA SHAH WADI,RAMNAGAR,Billwise,P968,HUL-134996D-P26439,000
L,Anmolbakery-D,P969,Sundry Debtor,Assets,null,Jahangirpura Char Rasta Mahendra Park Shop 23,Jahangirpura Char Rasta Shop.No 23  Mahendra  Park,Jahangirpura Char Rasta Mahendra Park Shop.No 23,Billwise,P969,HUL-10A225D-P63411,1
L,UMA DAIRY &amp; SWEET-D,P970,Sundry Debtor,Assets,null,SHOP NO 1 7SAI MILAN RESIDENCY,NR PALANPUR GAM CANAL ROAD,CANAL ROAD,Billwise,P970,HUL-10A225D-P63500,1
L,GOPAL DAIRY *AMROLI*-D-D-D-D-D,P971,Sundry Debtor,Assets,null,OPP BUS STOP,AMROLIGAM,NA,Billwise,P971,HUL-101471D-MSA977,1111
L,Tulsi dairy-D,P972,Sundry Debtor,Assets,null,shop 9,Manshi resy,new mahholo singanpur,Billwise,P972,HUL-10B234D-P43870,1
L,Chetna Novelty-D,P973,Sundry Debtor,Assets,navratandevra.255@gmail.com,G 3Time  Square Near Capital Green,Centre Road,Mahavir Medico Vesu,Billwise,P973,HUL-10B234D-P43926,1
L,Jaksan Bakery-D,P974,Sundry Debtor,Assets,null,Shop No 50 Sarshvad Nagar,Opp Sree Anjana Ni Same,Piplod Jakatnaka Surat,Billwise,P974,HUL-10B234D-P43996,1
L,Arbuda Bakery-D,P975,Sundry Debtor,Assets,null,Shop No G 22 Taime Square,Vesu Kepital Green Ke Bajume,Opp Safal Square Vesu,Billwise,P975,HUL-10B234D-P44003,1
L,Axar Bakery-D,P976,Sundry Debtor,Assets,null,#%&amp;*()+.,Same Same,Same Same,Billwise,P976,HUL-10A225D-P63190,1
L,Saurastra Dairy &amp; Sweet-D,P977,Sundry Debtor,Assets,null,59 Udhay Nager 1 Madhav Ashamed B,Katargam,Surat,Billwise,P977,HUL-10B234D-P44276,1
L,Amul Parlour-D,P978,Sundry Debtor,Assets,null,G 3 Sharanam Hights,Aashram Road,Jahangirpura,Billwise,P978,HUL-10B234D-P44325,1
L,Dhanlaxmi Novelty-D,P979,Sundry Debtor,Assets,null,Shop 1 Pragati Nagar,Pilod Near Apna Medical,Surat,Billwise,P979,HUL-10B234D-P44388,1
L,SHREE GAJANAND DAIRY-D,P980,Sundry Debtor,Assets,pbharat.k.963@gmail.com,32Arihant Park Opp Akshar Super,Chapra RoadAmroli,Surat,Billwise,P980,HUL-10B234D-P44395,1
L,Radhe Krishna  Bakery And  Dairy-D,P981,Sundry Debtor,Assets,null,#%&amp;*()+.,Same Same,Same Same,Billwise,P981,HUL-10A225D-P63211,1
L,Shree Ghansyam Bakri-D,P982,Sundry Debtor,Assets,null,G6 Shivan Avanu Nr Babholi Brig Nr Shivam Medical,Shivam Medical,Badholi Pool,Billwise,P982,HUL-10A225D-P63221,1
L,Piyuda Daily Mart-D,P983,Sundry Debtor,Assets,null,Laxmi Campus On Heritage Char Rasta,Near Cancer Hospital,Dabholi Gam Ved Raod,Billwise,P983,HUL-10B234D-P27534,1
L,Shiv Shakti Bekry-D,P984,Sundry Debtor,Assets,null,Shop No.8 Dattari Complex,Palanpur Cenal Rod,Palanpur,Billwise,P984,HUL-10B234D-P44601,1
L,SAWARIYA NOVELTY &amp; STATIONARY-D,P985,Sundry Debtor,Assets,null,Shop B 3 Kailash Presidency  AL P SAVANI ROAD,Adajan SURAT Nr Rajrajewar Kirna,SHOP B 3 KAILASH RESIDENCY  RIVARDEL SCHOOL NISAME,Billwise,P985,HUL-10B234D-P44713,1
L,Gopal Bakri-D,P986,Sundry Debtor,Assets,null,Archana So Nr Smc Swiming Pool,Ashapuri Kirana,Dabholi,Billwise,P986,HUL-10A225D-P63236,1
L,Shree Prabhu Krupa Mother Dairy-D,P987,Sundry Debtor,Assets,null,Shop 42 Western City,Opp Lp Savani,Opp Nayara Petrol Pump,Billwise,P987,HUL-10B234D-P44756,1
L,K K Kakery-D,P988,Sundry Debtor,Assets,null,Shakti Nagar. Sosaety,Pepalas Char Rasta,Katargam Road,Billwise,P988,HUL-10B234D-P44792,1
L,Shiv Sagar Dairy Products Mothers Dairy-D,P989,Sundry Debtor,Assets,null,Shope 13 Shanti Deep Residence,Near Saurabh Police Cowki,Adajan,Billwise,P989,HUL-10B234D-P44808,1
L,BHARKADEVI ICE CREAM-D,P990,Sundry Debtor,Assets,null,Shope 7 Ankur Heights,Jahangirpura,Surat,Billwise,P990,HUL-10B234D-P44822,1
L,Maa Ashapuri Dairy Parlour-D,P991,Sundry Debtor,Assets,null,G 3ravi Raj Flats,Chhatrapati Sivaji Circul,Nr Dmart Adajan Gam,Billwise,P991,HUL-10B234D-P44836,1
L,BAKERY JUNCTION-D,P992,Sundry Debtor,Assets,null,G 12 Coral Height,Opp. Jalaram School,Gouravpath Road Palanpur,Billwise,P992,HUL-10B234D-P44892,1
L,Vidhi Dairy-D,P993,Sundry Debtor,Assets,null,G 68 The Galleria,Nr. Sanjeevkumar Auditorium,Pal Adajan,Billwise,P993,HUL-10B234D-P27652,1
L,Jalaram Masala-D,P994,Sundry Debtor,Assets,vimalganatra325@gmail.com,G 1 Om Shivam Complex,Opp. Jalaram Row House,Gangeshwar Mahadev Road Adajan,Billwise,P994,HUL-10B234D-P44990,NA
L,Vandna Novelty-D,P995,Sundry Debtor,Assets,null,Paras Bazar Near Jain Dersn,Katargam,Surat,Billwise,P995,HUL-10A225D-P63323,1
L,Chamunda Dery Store-D,P996,Sundry Debtor,Assets,null,Plot No 28A B Shop No 8 Ami Com,Uday Nagar 2,Katargam,Billwise,P996,HUL-10B234D-P45004,NA
L,Surati Bakry And Janaral-D,P997,Sundry Debtor,Assets,null,Shop 1,Tapi Square  Soc,Cozway Road,Billwise,P997,HUL-10B234D-P45011,NA
L,M P BEAUTY-D,P998,Sundry Debtor,Assets,null,SHOP 2 LAXMINARAYAN COM,KUBER NAGAR 1,MITRA CHANNAL NI GALI KATARGAM,Billwise,P998,HUL-10B234D-P45137,NA
L,R.B.Farsan-D,P999,Sundry Debtor,Assets,null,Shop No 1 2,Krishna Jivan Nagar,Singanpoor,Billwise,P999,HUL-10B234D-P45236,NA
L,Gulmad Tasty Delight-D,P1000,Sundry Debtor,Assets,null,Shop No G 4 Galaxy Heights,New Rander Road Gorat,Opp Sultaniya Gymkhana,Billwise,P1000,HUL-10B234D-P45251,1
L,SHREE SINGAR-D,P1001,Sundry Debtor,Assets,null,KAWAS ROAD,KAWAS,HAZIRA,Billwise,P1001,HUL-10A225D-P63952,1
L,Sumul Dairy Palar-D,P1002,Sundry Debtor,Assets,null,Mansarovar Shoping Centre,Mansasrovar CarcleAmroli,Surat,Billwise,P1002,HUL-10B234D-P45272,NA
L,Kanya Dairy-D,P1003,Sundry Debtor,Assets,null,Ashirwad Complex,Near Peoples Char Rasta,Katragam Surat,Billwise,P1003,HUL-10B234D-P45408,NA
L,Pooja Namken Mall-D,P1004,Sundry Debtor,Assets,null,Sho No.6.7 Rajlaxmi Comlex,Katargam Surat GUJARAT,,Billwise,P1004,HUL-10B234D-P45415,NA
L,Bhavani Dairy-D,P1005,Sundry Debtor,Assets,null,#%&amp;*,#%&amp;*,#%&amp;*,Billwise,P1005,HUL-10B234D-P27786,1
L,Rastogi Ice Cream Parlour &amp; Bakery-D,P1006,Sundry Debtor,Assets,null,Shop No.7 Capital Corner Near Milk Place Adajangam,M Shop No.7 Capital Corner Near,,Billwise,P1006,HUL-10B234D-P45506,NA
L,RAJWADI NAMKEEN AND DRYFRUIT-D,P1007,Sundry Debtor,Assets,null,SANTISHANDAN APP OPP TEKRAWALA,SCHOOL ADAJAN Surat GUJARAT,,Billwise,P1007,HUL-10B234D-P45577,NA
L,RAJ KAMAL BAKERY-D-D,P1008,Sundry Debtor,Assets,null,SHOP NO 13MILLINIUM COMPLEX,OPP SAMARTH PARK,NR ADAJAN CHAR RASTAHAZIRA RD,Billwise,P1008,HUL-134996D-P14063,***
L,A To Z Novelty And Gift Article-D,P1009,Sundry Debtor,Assets,null,Anand Mahal Road,Anand Mahal Road,Anand Mahal Road,Billwise,P1009,HUL-10A225D-P65621,1
L,OM SANT NAM SAKSHI DAIRY-D,P1010,Sundry Debtor,Assets,null,G 9 ORCHID AVENUE,BH NEW L P SAVANI SCHOOL,PALANPUR CANAL ROAD ADAJAN,Billwise,P1010,HUL-10A225D-P66414,1
L,KULDEVI DAIRY-D,P1011,Sundry Debtor,Assets,null,VIBRAT MALL,NR PAVAN PALACE,ADAJAN GAM,Billwise,P1011,HUL-10A225D-P66693,1
L,NEEL KAMAL  BAKERY-D,P1012,Sundry Debtor,Assets,null,G7 BLUE TRIO OPP GREEN  CITY,NEAR GAURAV PATH PAL BHATHA,GREEN CITY PAL,Billwise,P1012,HUL-10A225D-P66750,1
L,PAYAL STATIONARY &amp;NAIVETY-D,P1013,Sundry Debtor,Assets,null,SHOP.2.RAJSHRI SHOPPER JAHAGIR PURA.NR UMIYA PHAR,SHOP.2.RAJSHRI SHOPPER JAHAGIR PURA.NR UMIYAPARMAY,JAHAGIRPURA NR UMIYA PHARMACY,Billwise,P1013,HUL-10A225D-P67187,1
L,Heem Amul Partlour-D,P1014,Sundry Debtor,Assets,null,Shop 11 AAND VILLA APT UGHAT BHESAN ROAD,Shop 11 AAND VILLA APT,UGHAT ROAD,Billwise,P1014,HUL-10A225D-P67589,1
L,Bhagvati Bakri-D,P1015,Sundry Debtor,Assets,null,D 5 Sighanpur Char Rasta,Kozva Ro,Hdfc Bak Ni Bajuma,Billwise,P1015,HUL-10B234D-P27935,1
L,CHAMUDA DAIRY AND SWEET-D,P1016,Sundry Debtor,Assets,null,NEAR TGB NI GALI,KUMBHANIYA BAJIYA WALA NI SAME,PARSANG RES,Billwise,P1016,HUL-10A225D-P67649,1
L,JAIN BAKERY-D,P1017,Sundry Debtor,Assets,null,G30 SIMDHAR CMPEX,FROM CHITAMANI APT NI SAME,RAJHANS TOCIKZ NI GALI MA PAL,Billwise,P1017,HUL-10A225D-P67669,1
L,DUDHGAGNGA DAIRY-D,P1018,Sundry Debtor,Assets,null,12 RAJ CORNER,OPP VASUPUJYA RESI,PAL,Billwise,P1018,HUL-10A225D-P67840,1
L,Patel Dairy &amp; Sweets-D,P1019,Sundry Debtor,Assets,null,Shop No 60 The Galariya Shooping Hub,Nr Snajiv Kumar Auditorium,Pal Gam,Billwise,P1019,HUL-10A225D-P68315,1
L,KAMAL BAKERY-D,P1020,Sundry Debtor,Assets,null,ANKUR APARTMENT,PALANPUR PATIYA,JAKATNAKA ROAD ADAJAN,Billwise,P1020,HUL-10A225D-P68431,1
L,PATEL DAIRY AND SWEETS-D,P1021,Sundry Debtor,Assets,null,155 DINDAYAL SOC,OPP DIPANJALI SOC,PALANPUR JAKATNAKA ROAD,Billwise,P1021,HUL-10A225D-P68456,1
L,JAY AMBE DAIRY AND SWEET-D,P1022,Sundry Debtor,Assets,null,10 AKHAN ANAND APARTMENT,OPP OMKAR RESIDENCY,PALANPUR JAKATNAKA ROAD,Billwise,P1022,HUL-10A225D-P68471,1
L,OM SAI BAKERY (AMROLI)-F-D-D-D-D,P1023,Sundry Debtor,Assets,null,G12 SHANKESHWAR COMPLEX,KOSAD ROAD AMROLI MAIN ROAD,SURAT,Billwise,P1023,HUL-101471F-MSA0089,NA
L,Tayyabah Food &amp; Dairy products,P1024,Sundry Debtor,Assets,null,Shop. No .14 Suncity Recidency,Opp. Bhanki Stadium,Hnuman Tekri Rander,Billwise,P1024,HUL-10B234D-P27965,1
L,A TO Z COSMETIC-D-D,P1025,Sundry Debtor,Assets,null,124,NRSHREE KRISHNA SORE,PALANPUR PATIYA,Billwise,P1025,HUL-134996D-P14643,----
L,Umiya Masala Stores-D,P1026,Sundry Debtor,Assets,null,138 Old GIDC Sumul Dairy Road,Same,Same,Billwise,P1026,HUL-10B234D-P28014,1
L,SHREE KAMAL  BAKERY-D-D-D-D-D,P1027,Sundry Debtor,Assets,null,SHOP-13  REAL KEDAR BHAVAN,OPP.SAI SQURE HONY PARK ROAD,SURAT,Billwise,P1027,HUL-133172D-P17449,NA
L,Hari Om Kakery T-P-D-D-D,P1028,Sundry Debtor,Assets,null,G-5 Ramkutir App.,Nr- Gangeshwar Mandir,New Adajan Road Surat,Billwise,P1028,HUL-133548D-P17604,NA
L,SUMANGAL FARMACY-D,P1029,Sundry Debtor,Assets,null,LAL DARWAJA,KATRGAM,NAER PRAMUKH MEDICAL,Billwise,P1029,HUL-10B234D-P28028,1
L,MADHURAM DAIRY-D-D-D,P1030,Sundry Debtor,Assets,null,SHOP NO.G/17,SUNRISE RESIDENCY,UTRAN MOTA VARACHA ROAD,Billwise,P1030,HUL-134083D-P10815,NA
L,Jalaram Bakeri -D-D,P1031,Sundry Debtor,Assets,null,Sho No-4,Shiv Dhara Complex,Nr Govindji Hall,Billwise,P1031,HUL-134083D-P53539,NA
L,AMDAWAD BAKERY-D-D-D-D,P1032,Sundry Debtor,Assets,null,FATAKDWADI,VED RD.,SURAT,Billwise,P1032,HUL-134083D-P55966,NA
L,THE NEW INDIA DAIRY-D-D-D,P1033,Sundry Debtor,Assets,krishnasevaliya7@gmail.com,NR DIST BANK,RANDER GAM,RANDER,Billwise,P1033,HUL-133548D-P17403,NA
L,KRISHNA BAKERY &amp; NAMKIN-D-D-D-D,P1034,Sundry Debtor,Assets,null,23-24NANDANVAN SOC.,NR BANK OF BARODA,KOZWAY RD SURT.,Billwise,P1034,HUL-134083D-P56261,NA
L,JANVI AMUL PARLER-D-D-D-D,P1035,Sundry Debtor,Assets,null,SHOP NO-1GOPALDHAM SOC.,B/S ANKUR SCHOOL,AAMBATALAWADIKATARGAM,Billwise,P1035,HUL-134083D-P56401,NA
L,LAXMINARAYAN NAMKIN &amp; BAKERY-D-D-D-D,P1036,Sundry Debtor,Assets,null,P-1D-4VISHWAKARMA SOC.,HARIHARI RD,BALAAASHRAM,Billwise,P1036,HUL-134083D-P56516,NA
L,SHREE RAMDEV DAIRY &amp; BAKERY-D-D-D-D,P1037,Sundry Debtor,Assets,null,SHOP NO-8DEVI COMP,DABHOLI CHAR RASTA,VED RD SURAT.,Billwise,P1037,HUL-134083D-P56586,NA
L,Gopi Novelty Stor-D,P1038,Sundry Debtor,Assets,null,Shoop No. 1,Ptol No. 124 Kuver Nagar,Katargam,Billwise,P1038,HUL-10A225D-P63754,1
L,ANIL NOVELTY &amp; COSMATIC,P1039,Sundry Debtor,Assets,null,SHOP NO.-4 NARAYAN CHEMBERS,VISHRAM NAGAR,NEAR LAXMI DAIRY,Billwise,P1039,HUL-134083D-P52616,NA
L,OM PERFUME &amp; BELT-D-D-D-D,P1040,Sundry Debtor,Assets,null,SHOP NO-3 SAI COMP.,MANI BAUGH SOC.,PEOPLES CHAR RASTA,Billwise,P1040,HUL-134083D-P56742,NA
L,GURUKRUPA CUTLRI STORE-D,P1041,Sundry Debtor,Assets,null,KAWAS ROAD,KAWAS,HAZIRA,Billwise,P1041,HUL-10A225D-P63837,1
L,SATA GURU NOVELTY-D-D-D-D,P1042,Sundry Debtor,Assets,null,PARAS SABJI MARKET,AMBIKA NAGAR,SURAT,Billwise,P1042,HUL-133343D-P17317,APPLYED
L,SHREE KAILASH BEAUTY CARE AND SCISSORS-D-D-D-D,P1043,Sundry Debtor,Assets,null,SHOPNO.6/7,SIWANJALI COMP. NEAR PEOPLES CHAR RASTA,KATARGAM,Billwise,P1043,HUL-134083D-P56306,NA
L,WAMA COSMATIC-D-D-D-D,P1044,Sundry Debtor,Assets,null,SHOP NO-568 KRUSHNA JIVAN NGR,SOC.SINGANPORE RD,B/S VAGETABLE MKT,Billwise,P1044,HUL-134083D-P56813,NA
L,SADGURU NOVELTY-D-D-P-D,P1045,Sundry Debtor,Assets,null,MOR A MAIN ROAD,HAZIRA ROAD NRKHUSHI GENERAL,SURAT,Billwise,P1045,HUL-134996D-P17315,---
L,RAJESHWAR KARIYAMA STORES-D-D,P1046,Sundry Debtor,Assets,null,SHOP NO 9 GROUND FLR,BLUE TRIPO GREEN CITY,PAL BHATA,Billwise,P1046,HUL-134996D-P13314,****************************
L,Shyam Noovelty-D,P1047,Sundry Debtor,Assets,null,Kuber Nager1 Katargam,Kridhna Novtly Ni Same,Katargam,Billwise,P1047,HUL-10A225D-P62564,1
L,I.G. NOVELTY-D-D,P1048,Sundry Debtor,Assets,null,RAJ CORNER,,,Billwise,P1048,HUL-134083D-P11916,NA
L,Krishna Cutlery Stores-D,P1049,Sundry Debtor,Assets,null,A-131/B-131 Near Kuber Nagar-1 Kubernagar 1,Kubernagar Katargam Surat Gujarat 395004,India,Billwise,P1049,HUL-10B812D-P22418,NA
L,Ishita Cutlary-D,P1050,Sundry Debtor,Assets,null,41 Palanpur Canal Rd Palanpur Surat,Gujarat 395009 India Surat Gujarat,,Billwise,P1050,HUL-10B812D-P23249,NA
L,SHARVAN KUMAR-D,P1051,Sundry Debtor,Assets,null,A2 Shop No.22 Prasidhdhi Apartment Piplod Surat Sa,Society Piplod Surat Gujarat 395007 India Surat Gu,,Billwise,P1051,HUL-10B812D-P23669,865964364047
L,Shagun Novelty-D,P1052,Sundry Debtor,Assets,null,G40 Raj Word Palanpur Gam Nr.Neelkanth Recidency,Canal Road Surat Gujarat 395009 Surat Gujarat,,Billwise,P1052,HUL-10B812D-P23887,620210531600049
L,Jaliyan Madikal-D,P1053,Sundry Debtor,Assets,null,6RQX+X3M Chhaprabhatha Rd Chhaprabhatha Amroli Sur,Gujarat 394107 India Surat Gujarat,,Billwise,P1053,HUL-10B812D-P24047,GJ-SUR-152614
L,HAREKRISHNA MEDICAL-D,P1054,Sundry Debtor,Assets,null,Shop No 1 Sarjan Residency Haridarshan Khado Limba,Krupa Society Katargam Surat Gujarat 395004 India,,Billwise,P1054,HUL-10B812D-P24075,216135
L,Laxmi Medical &amp; General Store,P1055,Sundry Debtor,Assets,null,5PJ6+WGX Ruchi Township Kavas Limla Gujarat,394510 India Kavas Limla Gujarat,,Billwise,P1055,HUL-10B812D-P24159,196143
L,RADICAL PHARMACY-D-P,P1056,Sundry Debtor,Assets,rahulmodi88@gmail.com,B.5 Satkar Apartment Nr Mahalaxmi Mandir Adajan An,Adajan Surat Anand Mahal Road Adajan Surat Surat G,,Billwise,P1056,HUL-10B812D-P24180,BPNPM2767R
L,Mahavir Super Store-D,P1057,Sundry Debtor,Assets,null,G7 Gallaria Shopping Hub Nr.Sanjeev Kumar,Auditorium Pal Surat. Surat Gujarat,,Billwise,P1057,HUL-10B812D-P24271,440179666556
L,Shree Laxmi Medicals-D,P1058,Sundry Debtor,Assets,null,35 Dabholi Char Rasta Near Matrubhumi VidhyaBhavan,Society 51ground Floor Shri Shidhdheshwar Surat Su,,Billwise,P1058,HUL-10B812D-P24278,GJ-SUR-183684
L,Sidhhi Vinayak Gift And Novelty And Stationery,P1059,Sundry Debtor,Assets,null,Shop No 8 Deep Vila Near Ugat Road Ambika Nagar,Jahangirabad Sima Nagar Surat Gujarat 395005 India,,Billwise,P1059,HUL-10B812D-P24355,371614301461
L,JAY LOKNAATH MEDICAL&amp; GENRAL-D,P1060,Sundry Debtor,Assets,null,Venus Building Katargam Rd Gotalawadi Tunki Pa Tel,Surat Gujarat 395003 India Near Umiya Medical Sura,,Billwise,P1060,HUL-10B812D-P24608,189802
L,SAI MEDICAL-D,P1061,Sundry Debtor,Assets,null,G 11 Sidhnath Avanue Vadod Naher Main,Road Masma Olpad Surat Talad Gujarat,,Billwise,P1061,HUL-10B812D-P25009,885676929831
L,PARAM MEDICALS-D,P1062,Sundry Debtor,Assets,null,6RH8+4GG New Triveni Society Bapu Nagar E542w,Surat Gujarat 395004 India Surat Gujarat,,Billwise,P1062,HUL-10B812D-P25072,420845941592
L,Mahalaxmi Novelty-D,P1063,Sundry Debtor,Assets,null,Dairy Faliyy,Katargam,Katargam,Billwise,P1063,HUL-10A225D-P65466,1
L,SHREE VINAYAK MEDICINES-D,P1064,Sundry Debtor,Assets,null,579 Sarita Darshan Society New GIDC Old GIDC P,Atel Nagar Surat Gujarat 395004 India Surat Gujara,,Billwise,P1064,HUL-10B812D-P25212,164445
L,OM NOVELTY-D-D-D-D,P1065,Sundry Debtor,Assets,null,3-RAJ POINT PALANPUR JAKATNAKA,PALANPUR ROAD,SURAT,Billwise,P1065,HUL-134493D-P5577,0000
L,AMAR NOVELTY-D,P1066,Sundry Debtor,Assets,null,Shop No. 16Raj Corner Shopping Complex,L P Savani Pal Road,Surat,Billwise,P1066,HUL-10B812D-P25380,322244059472
L,POOJA MEDICAL AND GENERAL STORE-D,P1067,Sundry Debtor,Assets,null,G 10 11 Sai Milap Residency And Palanpur Canal,Rd Main Govupart Road Adajan Surat 395005 Surat Gu,,Billwise,P1067,HUL-10B812D-P25630,596308914909
L,MAA KRUPA MEDICAL-D,P1068,Sundry Debtor,Assets,null,06 Rajdeep Com Singanpor Char Rasta Rajdeep Soc Ie,Katargam Surat Gujarat 395004 India India Surat Gu,,Billwise,P1068,HUL-10B812D-P26763,20-164274
L,RAYKA MEDICAL &amp; GENERAL STORE-D,P1069,Sundry Debtor,Assets,null,Shop No 3 Near D MART DANDI ROAD Gujarat,395005 India Grond Floor Timex Galaxy Comp Surat G,,Billwise,P1069,HUL-10B812D-P26876,20-218662
L,Shree Ram Novelty-D,P1070,Sundry Debtor,Assets,null,Shop No.38 Vesu Agam Arced VIP Road Near Siddhi Vi,Opposite Jolly Residency Vesu Surat Gujarat 395007,,Billwise,P1070,HUL-10B812D-P26904,542883274547
L,Om Medical-D,P1071,Sundry Debtor,Assets,null,Raj Harmony Surat Gujarat,395005 India Surat Gujarat,,Billwise,P1071,HUL-10B812D-P26985,DVPPK2296M
L,PARMESHWAR MEDICAL STORE-D,P1072,Sundry Debtor,Assets,null,C-2 Panchvati raw house Palanpur Canal Rd near ra,Crystal Avenue Palanpur Sur at Gujarat 395009 Ind,,Billwise,P1072,HUL-10B812D-P27095,662037783358
L,Shiv Krupa Cutlery-D,P1073,Sundry Debtor,Assets,null,Suncity Apartment New Kosad Rd Raghuvir Society,Amroli Surat Gujarat 394107 India Surat Gujarat,,Billwise,P1073,HUL-10B812D-P27164,749121209483
L,Sonal Nowelty-D,P1074,Sundry Debtor,Assets,null,Paras Bazar,Bhaisn Nager,Katargam,Billwise,P1074,HUL-10A225D-P66586,1
L,VIVAH BEAUTY COLLTION-D-D-D-P-D,P1075,Sundry Debtor,Assets,null,6-SIDHHI VINAYA PARK,NR SABJI MARKET L P SAWANI RD,PALANPUR JAKATNAKA,Billwise,P1075,HUL-134083D-P11058,NA
L,KRISHNA CUTLERY-D,P1076,Sundry Debtor,Assets,null,VIJAY NAGER 2,KATARGAM,SURAT,Billwise,P1076,HUL-10A225D-P66905,1
L,Dev Novelty And Maching Centre-D,P1077,Sundry Debtor,Assets,null,B6mangalpuri Society,Near Mahalaxmi Mandir,Surat,Billwise,P1077,HUL-10A225D-P67463,1
L,BHARAT MEDICAL,P1078,Sundry Debtor,Assets,null,B3 Akash East Althan Canal Road Althan,Bhimrad Nr Roshan Medical Surat Gujarat,,Billwise,P1078,HUL-10C120P22944,228435
L,Arbuda Medical,P1079,Sundry Debtor,Assets,null,G8NIRVANA SHOPPERSoppDandi Rd Opp. DMART Ganga,Naga So Dahin Nagar Surat Gujarat 395005 India,,Billwise,P1079,HUL-10C120P22954,228572
L,SHIVAM PHARMACY,P1080,Sundry Debtor,Assets,null,427 Silverstone Arcade Causeway Rd Industrial A Re,Surat Gujarat 395004 India INDIAN BHAVYA MEDICAL S,,Billwise,P1080,HUL-10C120P22955,228544
L,RAJ MEDICAL STORE,P1081,Sundry Debtor,Assets,null,16 Piplod Main Road Opp. Bhagya Laxmi Society M Ah,Krishnadham Society Piplod Su Rat Gujarat 395007 I,,Billwise,P1081,HUL-10C120P22956,228681
L,SHREE SAINATH MEDICALS,P1082,Sundry Debtor,Assets,null,35 Times World Althan-Bhimrad Althan C Anal Rd,Althan Surat Gujarat 395017 India Bhimrad Surat Gu,,Billwise,P1082,HUL-10C120P22970,229277
L,MADHAV MEDICAL,P1083,Sundry Debtor,Assets,null,101 Magan Nagar Rd Part-1 Panchvati Society Su Bha,Society Katargam Surat Gujarat 3950 Near AMIdhara,,Billwise,P1083,HUL-10C120P22976,229618
L,RUSHI MEDICAL,P1084,Sundry Debtor,Assets,null,3 Madhvanand Society Snehsagar Society Katargam S,395004 India Near Shreenaji Medical Surat Gujarat,,Billwise,P1084,HUL-10C120P22979,GJ-SUR-229077
L,Bhagwati dairy &amp; ice cream Parlour,P1085,Sundry Debtor,Assets,null,B - 24 5QXP+X59 Sanai Residency Saileela Rd Opp o,Garden Adajan Gam Adajan Surat Gujarat 395009 Ind,,Billwise,P1085,HUL-10C120P22981,NA
L,Rangoli Cosmetic And Cutlery,P1086,Sundry Debtor,Assets,null,E-301 Jahangirpura Main Rd Jahangir Pura,Surat Gujarat 395005 India Surat Gujarat,,Billwise,P1086,HUL-10C120P22983,CSLPS8198A
L,TRISHAKTI MEDICAL&amp;SURGICAL STORE,P1087,Sundry Debtor,Assets,Dcb_13110@rediffmail.com,U 6 MAHAN TERECE,Opp. Bhulka Bhavan School Adajan Surat,Surat 395009 India,Billwise,P1087,HUL-10C120P22987,NA
L,Anjali Cutlery,P1088,Sundry Debtor,Assets,null,6RM6+FGW Dabholi Rd Akhand Anand Society Yogi N ag,Society Katargam Surat Gujarat 395004 Ind ia Surat,,Billwise,P1088,HUL-10C120P22994,539837267472
L,Shreeji Cutlery,P1089,Sundry Debtor,Assets,null,6Q5J+P39 Palanpur Rd Sandhyavandan Society Pala Np,Surat Gujarat 395009 India India Surat Gujarat,,Billwise,P1089,HUL-10C120P22996,313819020519
L,SMART  CHEMIST,P1090,Sundry Debtor,Assets,null,Shop NO. 07 GROUND FLOOR SUBHAM PARK Nr. PARSHURAM,GARDEN BEHIND GANGESHWAR TEMPLE ADAJAN SURAT. Sura,,Billwise,P1090,HUL-10C120P22998,20-226555,21-226556
L,ONE SPOT,P1091,Sundry Debtor,Assets,null,Sai Millap Shooper 9 India,Shavion Circle Surat Gujarat,,Billwise,P1091,HUL-10C120P22999,261615193962
L,Jay Ramdev Medical,P1092,Sundry Debtor,Assets,null,102 Palanpur Surat Gujarat 395009 India,,,Billwise,P1092,HUL-10C120P23003,227654
L,jay shree shyam stationery,P1093,Sundry Debtor,Assets,null,Unnamed Road Someshwara Enclave Vesu Surat,Guj arat 395007 India Surat Gujarat,,Billwise,P1093,HUL-10C120P23008,960612333386
L,Ashok Chemist,P1094,Sundry Debtor,Assets,null,5PVH+PF3 Krishna Nagar Society Ichchhapor Asarm,A Gujarat 394510 India Asarma Gujarat,,Billwise,P1094,HUL-10C120P23010,393181800364
L,LAXMI MEDICAL AND GENERAL STORES,P1095,Sundry Debtor,Assets,null,Kholi No5 Opp. Water Tenk Dr Hedgewar Nagar Vesu,Surat Gujarat 395007 India Vesu Surat Surat Gujara,,Billwise,P1095,HUL-10C120P23011,230333
L,PAVAN PHARMACY,P1096,Sundry Debtor,Assets,null,Shop No - 2 Laxminarayan Soc Dabholi Char Rasta Ne,Dhosa Laxmi Narayan Society Dabholi Surat Gujarat,,Billwise,P1096,HUL-10C120P23032,226559
L,VISHWESHWAR MEDICAL,P1097,Sundry Debtor,Assets,null,AB-15 Ved Rd Near Akhand Anand College Vishram Nag,Nagar Surat Guj Opp. Kailash Medical Near Mahavir,,Billwise,P1097,HUL-10C120P23040,229057
L,Dhanlaxmi Medical,P1098,Sundry Debtor,Assets,null,01 Parsiwad Dumas Surat Gujarat,394550 India Dumas Gujarat,,Billwise,P1098,HUL-10C120P23041,AXAPM6030D
L,MAHADEV MEDICAL AND GENERAL STORE,P1099,Sundry Debtor,Assets,null,G6 Time Square Near,Bhulkabhavan Shcool Surat Gujarat,,Billwise,P1099,HUL-10C120P23043,231507
L,APPLE CHEMIST,P1100,Sundry Debtor,Assets,null,Shop No 25A GOVIND NAGAR Near Choksi,Wadi t Gujarat 395009 India Surat Gujarat,,Billwise,P1100,HUL-10C120P23044,231236
L,METRO PHARMACY,P1101,Sundry Debtor,Assets,null,Shop No. 13 14 L. P. SAVANI SCHOOL BUILDING,NR. L. P. SAVANI CIRCLE ADAJAN Surat Surat Gujarat,,Billwise,P1101,HUL-10C120P23048,223098
L,PRIME MEDICAL,P1102,Sundry Debtor,Assets,null,GF 2 RIDHI SIDHI BUNGLOW OPP Sidhi Seva,Samity ajan Surat Gujarat 395009 India Surat Gujar,,Billwise,P1102,HUL-10C120P23051,226113
L,MAHADEV MEDICAL AND GENERAL STORE,P1103,Sundry Debtor,Assets,null,Shop Number G6 Ground Floore Time Square,Building Near Bhulkabhavan School Surat Gujarat,,Billwise,P1103,HUL-10C120P23055,231507
L,Nimbeshwar Pharmacy,P1104,Sundry Debtor,Assets,null,Star Row House Mora Gaaw Near,Bhrahmani Medical Mora Hazira Gujarat,,Billwise,P1104,HUL-10C120P23064,225044
L,Aritra Medical &amp;Gen Stor,P1105,Sundry Debtor,Assets,null,Mora Char Rasta Mora Tekra Hazira Gujarat 39451 0,Mora Char Rasta Mora Opp Om Sai Medical Moragam Gu,,Billwise,P1105,HUL-10C120P23067,GJ-SUR-230038
L,Kajal Cosmetic,P1106,Sundry Debtor,Assets,null,Dhop No 14 Parivar App Nr.rajvi Medical,Amroli Surat Gujarat 394107 India Surat Gujarat,,Billwise,P1106,HUL-10C120P23071,578948345359
L,LIFE CARE MEDICO,P1107,Sundry Debtor,Assets,null,1 Jahangir Pura Surat Gujarat 395005 India,ANJANI AMBROSIA Jahahirpor Main Road Surat Gujarat,,Billwise,P1107,HUL-10C120P23073,229283
L,ANJANI MEDICAL &amp; GENERAL STORE,P1108,Sundry Debtor,Assets,prajapatiakash2104@gmail.com,1 Jahangir Pura Surat Gujarat 395005 India,NEAR LIFE CARE MEDICAL Jahagitpura Surat Gujarat,,Billwise,P1108,HUL-10C120P23074,227846
L,Ambika Marketing Sabu &amp; Powder,P1109,Sundry Debtor,Assets,null,38 Mahavir Dham2- Kosad Rd,Amroli Surat Gujarat Surat Gujarat,,Billwise,P1109,HUL-10C120P23081,651983770104
L,DEENDAYAL PRADHAN MANTRI JAN AUSHADHI STORE,P1110,Sundry Debtor,Assets,null,Shop No 1 Palapur Rd Thakor Dwar Society,Sima Nagar Surat Gujarat 395009 India Surat Gujara,,Billwise,P1110,HUL-10C120P23089,GJ-SUR-184247
L,SHREE DOWESHAWER MEDICAL AND GENERAL STORE,P1111,Sundry Debtor,Assets,null,B-59 Gate No 3 Near Palanpur Jakatnaka Manoj Na,Gar Balaji Krupa Society Mahadev Nagar Palanpur,Near Yogeshwar Medical,Billwise,P1111,HUL-10C120P23090,205060
L,NILESH MEDICAL,P1112,Sundry Debtor,Assets,null,Shop No 5 Sunlight Flates,Ughat Road Surat Surat Gujarat,,Billwise,P1112,HUL-10C120P23106,217222
L,SHRI KRISHNA MEDICAL,P1113,Sundry Debtor,Assets,null,Shop No. G 10 Heta Complex L. P.,Savani School Hunny Park Road Adajan Surat Gujarat,,Billwise,P1113,HUL-10C120P23114,224977
L,MAHADEV MEDICAL STORE,P1114,Sundry Debtor,Assets,null,105 1st Flour Dabholi Char Rasta Gayatri Nagar,Dabholi Surat Gujarat 395004 India,GITA NAGAR NER SREE RAM MEDICAL,Billwise,P1114,HUL-10C120P23117,GJ-SUR-2111248
L,Ma Medical,P1115,Sundry Debtor,Assets,thakkar0920@gmail.com,B6 Mahatma Gandhi Rd Udhana GIDC Udhna Udhyog N,Agar Udhana Surat Gujarat 394210 India,,Billwise,P1115,HUL-10C120P23120,AUQPT6308J
L,SHIVAM MEDICO,P1116,Sundry Debtor,Assets,null,SHOP NO.17 SHIVANJANI HUB OP. GURUKRUPA SCHOOL Mor,Society Morabhagal Sur At Gujarat 395005 India Sur,,Billwise,P1116,HUL-10C120P23140,217255
L,Kiran Medical,P1117,Sundry Debtor,Assets,null,13 Gopal Krishna Gokhale Marg Gopal Nagar Societ,Y Katargam Surat Gujarat 395004 India,,Billwise,P1117,HUL-10C120P23143,179097
L,M.D PRHAMSE,P1118,Sundry Debtor,Assets,null,5PJ7+24M Bhavani St Kavas Limla Hazira Gujara,T 394510 India,,Billwise,P1118,HUL-10C120P23144,GJ-SUR-220042
L,SAMARPAN MEDICAL STORE,P1119,Sundry Debtor,Assets,null,Parle Point Pramukh Darshan Society Dabholi Sur At,Gujarat 395004 India Near Sirvi Medical Surat Guja,,Billwise,P1119,HUL-10C120P23149,224439
L,Pmbjk(Pramukh Enterprises),P1120,Sundry Debtor,Assets,null,22 Chatrapati Shivaji Marg Bungalow Society Aks,Har Dham Society Adajan Surat Gujarat 395009 I,Ndia,Billwise,P1120,HUL-10C120P23153,ABBFP8667J
L,Kanaiya Katlary,P1121,Sundry Debtor,Assets,null,KATATGAM SHOP JO 1 Katargam Darwaja Rd Kubernag,ar 1 Kubernagar Katargam Surat Gujarat 395004,India,Billwise,P1121,HUL-10C120P23171,889237355133
L,Manvi Fancy Cutlery,P1122,Sundry Debtor,Assets,null,Ichchhapor.2 Sadak Mohhlo Hazira Rd Ichchhapor,Asarma Gujarat 394510 India,,Billwise,P1122,HUL-10C120P23172,605665659631
L,ANJAL COLLECTION,P1123,Sundry Debtor,Assets,null,Ichchhapor.2 Sadak Mohhlo Hazira Rd Ichchhapor,Asarma Gujarat 394510 India,,Billwise,P1123,HUL-10C120P23174,512555996368
L,JAY BAJRAN BEAUTY IMMITATION,P1124,Sundry Debtor,Assets,null,B 34 Man Sar over Shopping Center Near,B K Homes 4107 India Amroli Surat Gujarat,,Billwise,P1124,HUL-10C120P23186,569774381414
L,Star Madico,P1125,Sundry Debtor,Assets,null,5PRG+HRG Ichchhapor Limla Gujarat 394510 India,,,Billwise,P1125,HUL-10C120P23187,216943
L,Akash Telicom,P1126,Sundry Debtor,Assets,null,4/492 Behind A Nani Bahucharji Mandir Industrial A,Singanpor Surat Gujarat 395004 India Surat Gujarat,,Billwise,P1126,HUL-10C120P23198,412402558248
L,Vandana  Londri,P1127,Sundry Debtor,Assets,null,Shop No 376 Rehmat Nagar Ved Rd Behind A Nani Ba,hucharji Mandir Industrial Area Singanpor Surat Gu,,Billwise,P1127,HUL-10C120P23201,310277168748
L,Sanjeevani Medical &amp;Genral Store,P1128,Sundry Debtor,Assets,null,54Shantikunj Complex Surat Gujarat 395004 Ind,Palanpur Jaktnaka,,Billwise,P1128,HUL-10C120P23212,206084
L,AL Karam Paan,P1129,Sundry Debtor,Assets,null,75 River View Park Society Tunki Patel Nagar S,Urat Gujarat 395004 India,,Billwise,P1129,HUL-10C120P23235,667412719917
L,K K Cosmetic,P1130,Sundry Debtor,Assets,null,225 Ramnagar Rander Rd Ramnagar Sima Nagar,Su rat Gujarat 395005 India Surat Gujarat,,Billwise,P1130,HUL-10C120P23240,261757169473
L,Stock All Pharmacy,P1131,Sundry Debtor,Assets,null,6QCQ+PV2 Dattatrey Society Morabhagal Surat Gu Nea,Shree Hospital Mora Bhagal Surat Gujarat,,Billwise,P1131,HUL-10C120P23244,211792
L,Dulhan Beauty Parlour,P1132,Sundry Debtor,Assets,null,Shop No 28 Silver Park Palanpur Jakatnaka,Shirigi Store Ni Bajuma Surat Gujarat,,Billwise,P1132,HUL-10C120P23245,934698517320
L,Shree Shyam Gift Store,P1133,Sundry Debtor,Assets,null,Nilay Homoeopathy G 11  Rajmandir Palza Near Sur,Ya Residency Vesu Surat Gujarat 395007 India,07 India,Billwise,P1133,HUL-10C120P23257,244389683278
L,Nirat Medical Store,P1134,Sundry Debtor,Assets,null,6Q9R+V25 Rander Rd New Saurabh Society Rander,Surat Gujarat 395005 India,,Billwise,P1134,HUL-10C120P23258,110840
L,Laiq Beauty Collection,P1135,Sundry Debtor,Assets,null,Ship No 6  Vrundavan Chember Opp.Umiya Medical,Al Nagar Surat Gujarat 395004 India,Ved Road,Billwise,P1135,HUL-10C120P23259,626846181981
L,TIRTH MEDICAL,P1136,Sundry Debtor,Assets,null,22  Aashta Residency,Kosad,,Billwise,P1136,HUL-10C120P23260,124076
L,Shree Akshar Medical Store,P1137,Sundry Debtor,Assets,null,4/95 Aamba Talavadi Panchdev Society Katargam,Surat Gujarat 395004 India,,Billwise,P1137,HUL-10C120P23273,AZIPT2992H
L,Pramukh Pharmacy,P1138,Sundry Debtor,Assets,null,6QCR+952 Morabhagal Surat Gujarat,395005 India Surat Gujarat,,Billwise,P1138,HUL-10C120P23279,175716
L,Hari Novelty &amp; Gen Stor,P1139,Sundry Debtor,Assets,null,27 Subhash Chandra Bose Marg Western City Pal G,Am Surat Gujarat 395005 India,Near Hari Medical,Billwise,P1139,HUL-10C120P23286,CNAPB5614G
L,DK SUPER STORE,P1140,Sundry Debtor,Assets,null,19/3-21 Rander Surat Gujarat 395005 India,,,Billwise,P1140,HUL-10C120P23289,525480845105
L,Lady Look,P1141,Sundry Debtor,Assets,null,New Bhatar Road Althan Rd New City Light Althan,Surat Gujarat 395017 India,,Billwise,P1141,HUL-10C120P23294,470342363658
L,PRAMUKH Pharmacy,P1142,Sundry Debtor,Assets,null,Kuberji Point 101-102 Rander Rd Shree Rang Soci,Ety Mahavinagar Society Palanpur Patia Surat G,Behind Bob Bank,Billwise,P1142,HUL-10C120P23295,183561
L,KUM KUM KANGAN STORE,P1143,Sundry Debtor,Assets,null,Shop No 1 Gelai Complex Mansarovar Sirkal Ni,Pase Amroli Surat Amroli Surat Surat Gujarat,,Billwise,P1143,HUL-10C120P23322,251294351669
L,EVERGREEN MULTI PURPOSE STORE,P1144,Sundry Debtor,Assets,null,Shop No 11 Ichchhapor Limla Gujarat 394510 Deep,Enclave Near Cricket Groud Ichapor Surat Gujarat,,Billwise,P1144,HUL-10C120P23323,555795683448
L,Shree Kesar Medical,P1145,Sundry Debtor,Assets,null,6QFQ+3QJ Opp. Shree Nathubhai Prathimik Shala Mo,Rabhagal Surat Gujarat 395005 India,,Billwise,P1145,HUL-10C120P23328,461207991446
L,Keshvi Medical Store,P1405,Sundry Debtor,Assets,null,6Q7M+73P Ugat Rd Shreeji Nagari Society Jahangi Ra,Sima Nagar Surat Gujarat 395005 India Surat Gujara,,Billwise,P1405,HUL-10C120P24359,232486
L,Nasib Kirana,P1406,Sundry Debtor,Assets,null,Nishan Pro Ni Baju Ma,Surat Gujarat 395009 India,Adajan,Billwise,P1406,HUL-10C120P24362,NA
L,Sejal Medical,P1407,Sundry Debtor,Assets,null,Sanskruti Park Row House 13 Near Doctor Park Roa,D Behind Shubhash Garden Patel Nagar Morabhagal,Surat Gujarat 395005 India,Billwise,P1407,HUL-10C120P24370,NA
L,Pradhanmantri Jan Oshidh Kendr,P1408,Sundry Debtor,Assets,null,5  Samrth Park Shila Tawar,- Hazira Road Aahura Nagar Society Adajan Gam,Adajan Gam Adajan Surat Gujarat 395009 India,Billwise,P1408,HUL-10C120P24375,NA
L,SHRI RAM MEDICAL STORE,P1409,Sundry Debtor,Assets,null,Vaibhav Complex Bhatar Rd Above Geeta Press Ish Ta,Bhatar Athwa Surat Gujarat 395017 I Ndia Surat Guj,,Billwise,P1409,HUL-10C120P24378,GJ-SUR-222474
L,Pr Medical Chemist,P1410,Sundry Debtor,Assets,null,21Krishna Darshan Row Swastik Avenue Adajan Nr,. Nakshtra Appartment Adajan Gam Pal Gam Surat,Gujarat 394510 India,Billwise,P1410,HUL-10C120P24379,NA
L,SHREE GURUNANAK DEV MEDICAL,P1411,Sundry Debtor,Assets,null,Silver Point Shopping Center Bhatar Char Rasta Opp,Near San Jivani Hospital &amp; ICCU Bhatar Athwa Surat,,Billwise,P1411,HUL-10C120P24380,GJ-SUR-230336
L,Hariom Medical Care Pharmacy,P1412,Sundry Debtor,Assets,null,G 14Mahaveer Heights Near Bhagwan Mahavir College,Near Suman Bhargav Surat Surat Gujarat,,Billwise,P1412,HUL-10C120P24381,GJ-SUR-259462
L,Smart Buaty,P1413,Sundry Debtor,Assets,null,B 14 SHASWAT COMPLEX Honey Park Rd Opp. HONEY PA,RK Opposite Sai Square Complex APPT Adajan Sur,At Gujarat 395009 India,Billwise,P1413,HUL-10C120P24385,NA
L,Shree Ji Kirana &amp;General Store,P1414,Sundry Debtor,Assets,null,Meghna Menson Apartment Honey Pk Rd Honey Park A,Rea Pankaj Nagar Surat Gujarat 395009 India,,Billwise,P1414,HUL-10C120P24386,NA
L,Shree Dav Narayan Super Store,P1415,Sundry Debtor,Assets,null,61 A Gopal Krushan Society New Road Honey Park A,rea Adajan Surat Gujarat 395009 India,,Billwise,P1415,HUL-10C120P24387,NA
L,Beauty Plus,P1416,Sundry Debtor,Assets,null,6Q2P+WFR Honey Park Rd Opposite Sai Square Compl,Ex Adajan Gam Adajan Surat Gujarat 395009 Ind,Ia,Billwise,P1416,HUL-10C120P24388,NA
L,Jay Jagdamba Bakery,P1417,Sundry Debtor,Assets,null,Shop No. 07 New Pal Lake Rd Opp. Shanti Kunj Rec,Idency Nr. Niramal Hospital Adajan Gam Adajan,Surat Gujarat 394510 India,Billwise,P1417,HUL-10C120P24389,NA
L,MARUTI MESISOS,P1418,Sundry Debtor,Assets,null,Ground Floor Supath Enclave Building Shop No 2,L P Savani Road Adajan Pal Gam Surat Gujarat 3,94510 India,Billwise,P1418,HUL-10C120P24390,NA
L,Maruti Medicos,P1419,Sundry Debtor,Assets,null,Shop No 01 Lake View Appartment Near Pal Circle,Adajan Pal Gam Surat Gujarat 394510 India,,Billwise,P1419,HUL-10C120P24391,NA
L,DURVA MEDICAL,P1420,Sundry Debtor,Assets,sndpprajapati86@gmail.com,Word No. 12 Muktanand Nagar Rd Adajan East Kris,Hna Nagar Society - 2 Choksi Wadi Adajan Patiya,Surat Gujarat 395009 India,Billwise,P1420,HUL-10C120P24392,231712
L,Satmal Pan And Colddrinks,P1421,Sundry Debtor,Assets,null,1 Uk Coner Vaibhav Nagar Palanpur Jakatnaka Su,rat Gujarat 395009 India,,Billwise,P1421,HUL-10C120P24394,NA
L,Ambika  Povision,P1422,Sundry Debtor,Assets,null,6Q8M+XVJ Palanpur Rd Near New Ugat Road Rang Av,Adhut Society-1 Ramnagar Palanpur Patia Surat,Gujarat 395005 India,Billwise,P1422,HUL-10C120P24395,NA
L,Jay guru dev,P1423,Sundry Debtor,Assets,null,6Q9H+F7M Shiv Ganga Nagar Jahangirabad Sima Naga,r Surat Gujarat 395005 India,BHasan Neahar,Billwise,P1423,HUL-10C120P24397,NA
L,Ambika Dary And Ganral Stor,P1424,Sundry Debtor,Assets,null,6Q9G+2WV Ugat Canal Rd Prashant Nagar Jahangira,bad Palanpur Jakatnaka Surat Gujarat 395005 In,dia,Billwise,P1424,HUL-10C120P24398,NA
L,YASH NOVELTY,P1425,Sundry Debtor,Assets,null,GROUND FLOOR 19 ARIHANT DREAM Gaurav Path Road,Near Croma Store,Palnapur Gam,Billwise,P1425,HUL-10C120P24406,NA
L,PASHWARNATH DAIRY ICE CREAM PARLOUR,P1426,Sundry Debtor,Assets,null,Siddhsila Residency G-14 Galaxy Cir Adajan Gam,Surat Gujarat 394510 India,,Billwise,P1426,HUL-10C120P24410,NA
L,Welcome Super Store,P1427,Sundry Debtor,Assets,null,Rajratna Enclave 3-6 Behind Nishal Arcade Opp.,Park Arena Road Adajan Gam Pal Gam Surat Gujar,At 394510 India,Billwise,P1427,HUL-10C120P24411,NA
L,Suriya Kiran Stor,P1428,Sundry Debtor,Assets,null,Block B Swami Vivekanand Marg Jivkor Nagar Jeev,kar Nagar Athwa Surat Gujarat 395001 India,,Billwise,P1428,HUL-10C120P24412,NA
L,GANESH KIRANA STORE,P1429,Sundry Debtor,Assets,null,Bajrang Complex 2-B Katargam Rd Gotalwadi Nand,u Doshini Wadi Tunki Patel Nagar Surat Gujarat,395004 India,Billwise,P1429,HUL-10C120P24422,NA
L,JALARAM PRO STORE,P1430,Sundry Debtor,Assets,null,GROUND FLOOR Jariwala Compound Vasta Devdi Rd T,unki Katargam Surat Gujarat 395004 India,India,Billwise,P1430,HUL-10C120P24424,NA
L,KRISHNA CUTLERY STORES,P1431,Sundry Debtor,Assets,null,1 Katargam Rd Opp.Paras Police Chowki Katargam,Darwaja Kubernagar Katargam Surat Gujarat 3950,04 India,Billwise,P1431,HUL-10C120P24425,NA
L,Shree Ram Pan And Janral Stor,P1432,Sundry Debtor,Assets,null,Shop No.1 Gokul Appt 2 Ved Rd Prabhunagar Ram,An Nagar Katargam Surat Gujarat 395004 India,04 India,Billwise,P1432,HUL-10C120P24430,NA
L,Dilkhush Pan center,P1433,Sundry Debtor,Assets,null,GROUND FLOOR Ved Rd opp. JIO MART Prabhunagar,Dhruvtarak society Katargam Surat Gujarat 39500,4 India,Billwise,P1433,HUL-10C120P24432,NA
L,Bhramani Kirana,P1434,Sundry Debtor,Assets,null,Shop 3 ramvatika apptment Kuber Park Society Dh,ruvtarak society Katargam Surat Gujarat 395004,India,Billwise,P1434,HUL-10C120P24433,NA
L,Ramdev Super Stores,P1435,Sundry Debtor,Assets,null,95 near syam wadi Avdhut Nagar Chikuvadi Raman,Nagar Katargam Surat Gujarat 395004 India,,Billwise,P1435,HUL-10C120P24436,NA
L,Akshara Bakery,P1436,Sundry Debtor,Assets,null,24Khodiyarnagar soc chowk near Dhanmora Asha N,agar Society Rushikesh Society Magar Nagar Kata,rgam Surat Gujarat 395004 India,Billwise,P1436,HUL-10C120P24439,NA
L,Shri Rajaram Provision Store,P1437,Sundry Debtor,Assets,null,71 nr. SHAKTI NAGAR Subhash Nagar SOC.-1 Subha,sh Nagar Society Katargam Surat Gujarat 395004,India,Billwise,P1437,HUL-10C120P24441,NA
L,Shiv Shkati Dery,P1438,Sundry Debtor,Assets,null,Plot No 3 Nandu Doshi Ni Wadi Vasta Devdi Rd Sh,akti Nagar Society Subhash Nagar Society Katarga,m Surat Gujarat 395004 India,Billwise,P1438,HUL-10C120P24442,NA
L,Majisa Kirana Store,P1439,Sundry Debtor,Assets,null,157 Haridham SoC opp. Patel Park Aamba Talavadi,Sahyog Society Katargam Surat Gujarat 395004,India,Billwise,P1439,HUL-10C120P24449,NA
L,Bhumipooja Medical,P1440,Sundry Debtor,Assets,null,321 Aamba Talavadi Sahyog Society Vishal Nagar,Surat Gujarat 395004 India,,Billwise,P1440,HUL-10C120P24450,NA
L,Sumangal Pharmacy,P1441,Sundry Debtor,Assets,null,6RJQ+JM6 Gajera Rd New GIDC Hari Darshan Societ,Y Katargam Surat Gujarat 395004 India,,Billwise,P1441,HUL-10C120P24452,NA
L,Jay Mataji Kariana,P1442,Sundry Debtor,Assets,null,2 Ved Rd Laxmi Narayan Society Kailash Nagar So,ciety Dabholi Surat Gujarat 395004 India,India,Billwise,P1442,HUL-10C120P24458,NA
L,Jay Mataji Kariyana Stor,P1443,Sundry Debtor,Assets,null,128 A/128 Ved Rd Swaminarayan Nagar-2 Tapovan,Society Katargam Surat Gujarat 395004 India,,Billwise,P1443,HUL-10C120P24459,NA
L,K G N Digital,P1444,Sundry Debtor,Assets,null,Near Bhari Mata Road Makka Masjid Fulwadi Fulwa,di Rd Fatakdawadi Industrial Area Singanpor Su,rat Gujarat 395004 India,Billwise,P1444,HUL-10C120P24464,NA
L,Choice Kirana Stor,P1445,Sundry Debtor,Assets,null,Industrial Area Singanpor Sop.No 166.Fulwadi Bhar,i Mata Road Fulwadi Rd behind Madina Masjid Fat,akdawadi Industrial Area Fulwadi Surat Gujarat,Billwise,P1445,HUL-10C120P24465,NA
L,Aashapura Super Store,P1446,Sundry Debtor,Assets,N.A.,Triveni Society 28 New Triveni Society Bapu Nag,ar Dabholi Surat Gujarat 395004 India,,Billwise,P1446,HUL-10C120P24467,NA
L,SHIV SHAKTI MASALA,P1447,Sundry Debtor,Assets,null,18 Veer Savarkar Cir Manoj Nagar Society Adaja,N Surat Gujarat 395009 India,,Billwise,P1447,HUL-10C120P24469,OIKPS9425M
L,Rudra Deri &amp; General Stor,P1448,Sundry Debtor,Assets,null,Sitaram Society Shyam Darshan Society Dabholi S,Urat Gujarat 395004 India,,Billwise,P1448,HUL-10C120P24470,NA
L,Shree Bhagavti Bekari,P1449,Sundry Debtor,Assets,null,Bapa Sita Ram Society 1 Singanpor Surat Gujara,T 395004 India,,Billwise,P1449,HUL-10C120P24471,NA
L,Aanmol Supar &amp; Ganarl Stor,P1450,Sundry Debtor,Assets,null,6RM3+28M Dabholi - Jahangirpura Bridge Dabholi V,Illage Surat Gujarat 395004 India,,Billwise,P1450,HUL-10C120P24472,NA
L,Shree Mahavir Namkeen And Wafers,P1451,Sundry Debtor,Assets,null,6QCP+XG2 Bhesan Rd Ugat Morabhagal Surat Guja,Rat 395005 India,,Billwise,P1451,HUL-10C120P24475,NA
L,Majisa Medical General Store,P1452,Sundry Debtor,Assets,null,8P4V+Q6F Jafrabad Gujarat 394540 India,,,Billwise,P1452,HUL-10C120P24478,234464
L,VIRAT MEDICOS,P1453,Sundry Debtor,Assets,null,Signet Shoppers 306 To 310 Ward 2 Vesu Surat,Gujarat 395007 India NER ARHANT SUUPR Surat Gujara,,Billwise,P1453,HUL-10C120P24481,259465
L,Raj Medical Store,P1454,Sundry Debtor,Assets,null,Shop No 1 Bhagyalaxmi Soc Opp. Raj Medicaid Shr,Eenathji Society Pipload Piplod Surat Gujarat,395007 India,Billwise,P1454,HUL-10C120P24484,NA
L,Gopal Medical Store,P1455,Sundry Debtor,Assets,null,4PMV+J8W Surat Gujarat 395007 India,,,Billwise,P1455,HUL-10C120P24488,NA
L,Radaji Supar Stroe,P1456,Sundry Debtor,Assets,null,Shop No 05 Bihari Market Gidc Ichhapore GIDC Bh,Atpore Surat Gujarat 394510 India,,Billwise,P1456,HUL-10C120P24495,NA
L,DHANLAXMI MEDICAL.And GANRAL,P1457,Sundry Debtor,Assets,null,A-29 Yashoda Nagar Bhatpore Surat Gujarat 3945,10 India,,Billwise,P1457,HUL-10C120P24497,NA
L,RAJKUMAR KARYANA,P1458,Sundry Debtor,Assets,null,Shop No 01 Near Navivashat Bhatpore Surat Guja,Rat 394510 India,,Billwise,P1458,HUL-10C120P24498,NA
L,SREE DAN MALTI SHOP,P1459,Sundry Debtor,Assets,null,5PJW+29 Bhatha Gujarat 394510 India,,,Billwise,P1459,HUL-10C120P24499,NA
L,ANKAL 20 RUPIYA WALA,P1460,Sundry Debtor,Assets,null,GROUND FLOOR Near TULSI RESTAURANT Amroli Char R,Asta Amroli Surat Gujarat 394107 India,,Billwise,P1460,HUL-10C120P24510,NA
L,Savariya Dairy,P1461,Sundry Debtor,Assets,null,14-15MINAXI SOCIETY NR DIVYA MALLMANISHA GHARNAL,UHIROHONDA SHIWROOM Old Kosad Rd RODE Amroli,Surat Gujarat 394107 India,Billwise,P1461,HUL-10C120P24516,NA
L,Hare Krishna General Store,P1462,Sundry Debtor,Assets,null,Harshiddhi soc Hari Siddhi Society Amroli Surat,Gujarat 394107 India,,Billwise,P1462,HUL-10C120P24518,NA
L,Shree Adhya Shkti Kariyana Store,P1463,Sundry Debtor,Assets,null,60 Hari Om Nagar-1 Amroli Surat Gujarat 394107,India,,Billwise,P1463,HUL-10C120P24520,NA
L,Mahakali Plastic,P1464,Sundry Debtor,Assets,null,Shop No 1 Palak Recydency Cross Road Amroli Su,rat Gujarat 394107 India,,Billwise,P1464,HUL-10C120P24523,NA
L,Radhe Tobacco,P1465,Sundry Debtor,Assets,null,17 Sun Residencey New Kosad Rd SMC Twp Amroli,Surat Gujarat 394107 India,,Billwise,P1465,HUL-10C120P24524,NA
L,Shree Danaji Genral Store,P1466,Sundry Debtor,Assets,null,12 Vaishnudevi Residency New Kosad Rd near Rajw,adi Party Plot Sweet Home Society Amroli Surat,Gujarat 394107 India,Billwise,P1466,HUL-10C120P24527,NA
L,Mahalaxmi Ganral Stor,P1467,Sundry Debtor,Assets,null,77SHUBHAM VAILLY OPP DEVAM AMBRO PRAK NAYARA PETR,OL PUMP TO VEDAT ROAD KOSAD GRAM Amroli Surat,Gujarat 394107 India,Billwise,P1467,HUL-10C120P24532,NA
L,SHREE SAI MEDICAL AND PROVISION STORE,P1468,Sundry Debtor,Assets,null,Shop No 17 Copper Stone Apartment Opp. Patel Par K,Society Chapprabhatta Ganeshpura Surat Gujar At 39,,Billwise,P1468,HUL-10C120P24538,GJ-SUR-260080
L,SHREERAM MEDICAL,P1469,Sundry Debtor,Assets,null,9 White Stone Chhaprabhatha Rd Chapprabhatta A,mroli Surat Gujarat 394107 India,,Billwise,P1469,HUL-10C120P24541,NA
L,GAJANAND NOVELTY,P1470,Sundry Debtor,Assets,null,11 Chhaprabhatha Rd Kartik Nagar Amroli Surat,Gujarat 394107 India,,Billwise,P1470,HUL-10C120P24542,NA
L,SHIV SHAKTI SUPER STORE,P1471,Sundry Debtor,Assets,null,11 Chhaprabhatha Rd Kartik Nagar Amroli Surat,Gujarat 394107 India,,Billwise,P1471,HUL-10C120P24543,NA
L,Maa Chamunda Kirana Super Store,P1472,Sundry Debtor,Assets,null,Maruti villa Maruti Dham 2 1K Devdeep Society,Amroli Surat Gujarat 394107 India,,Billwise,P1472,HUL-10C120P24555,NA
L,Chehar Dairy And Kirana Store,P1473,Sundry Debtor,Assets,null,Shop No.1/2 Vrundavan App Vishwanagar Soc Under Ov,er Bridge Bhagu Nagar-1 Amroli Surat Gujarat 3,94107 India,Billwise,P1473,HUL-10C120P24556,NA
L,IQRA STORE,P1474,Sundry Debtor,Assets,null,Plot No. 607 80 Feet Rd Halpati Colony Kinnary,Talkies On 80 Feet Road Behind Power House Umarw,Ada Bhatena Surat Gujarat 395002 India,Billwise,P1474,HUL-10C120P24558,NA
L,The Purushottam Farmers. Cotton Ginning and Pressi,P1475,Sundry Debtor,Assets,null,Iskcon Circle Ichchhanagar Society Surat Gujara,t 395005 India,,Billwise,P1475,HUL-10C120P24564,NA
L,Khatu Shyam Mistan Bhandar,P1476,Sundry Debtor,Assets,null,5MF5+RVC Mora Tekra GSEG Colony Hazira Gujarat,394517 India,,Billwise,P1476,HUL-10C120P24566,NA
L,KHUSHBU KIRANA STORE,P1477,Sundry Debtor,Assets,null,opp. Tapovan Asram Mora Tekra,Siddhi Vinayak Road,Near Hasmukha Hanuman Asram,Billwise,P1477,HUL-10C120P24567,NA
L,Shree Devnarayan Kirana Store,P1478,Sundry Debtor,Assets,null,Shop No. 5 near Paani Tanki Mora Tekra surat H,azira Gujarat 394517 India,,Billwise,P1478,HUL-10C120P24568,NA
L,PARADISE PHARMACY AND GENERAL STORE,P1479,Sundry Debtor,Assets,null,Shop No 1 Opp. Pippdiyawala School Khodiyar Naga R,Naher Colony Rander Surat Gujarat 395 005 India Su,,Billwise,P1479,HUL-10C120P24577,GJ-SUR-257258
L,DAILY DOSE,P1480,Sundry Debtor,Assets,manzooralam004@gmail.com,6QGR+QJ5 Near Hanumantekri Reva Nagar Rander S,urat Gujarat 395005 India,,Billwise,P1480,HUL-10C120P24595,258599
L,ROMIL PHARMACY,P1481,Sundry Debtor,Assets,null,G-67 66 Ofira business hub opp Bhagavan Mahaveer c,VIP Rd Bharthana Surat Gujarat 395007 India Surat,,Billwise,P1481,HUL-10C120P24602,GJ-SUR-200254
L,VIHA MEDICAL STORE,P1482,Sundry Debtor,Assets,null,5HG6+5MC Songadh Gujarat 394670 India,,,Billwise,P1482,HUL-10C120P24604,248868
L,RAJ SHREE MEDICAL AND GENERAL STORE,P1483,Sundry Debtor,Assets,null,Ganga Nagar Society 2,Opp.Shyam Enclave,Ugat Canal Road Surat,Billwise,P1483,HUL-10C120P24606,GJ-SUR-247297
L,Life Care Chemist &amp; General Store,P1484,Sundry Debtor,Assets,null,GROUND FLOOR Ved Rd Opp. PATEL ATTARWALA Jalara,M Society Raman Nagar Katargam Surat Gujarat 3,95004 India,Billwise,P1484,HUL-10C120P24607,GJPPR4234F
L,BHAIRUJI CHEMIST,P1485,Sundry Debtor,Assets,null,PLOT NO 143 GROUND FLOOR  ARCHANA GROUP HOUSING SO,KATARGAM Singanpor Surat Gujarat 395004 I,ndia,Billwise,P1485,HUL-10C120P24608,253047
L,Careplus Medical &amp; General Store,P1486,Sundry Debtor,Assets,null,G9 Rudransh HightsJahangir Pura Surat Gujarat 39,dia,,Billwise,P1486,HUL-10C120P24609,GJ SUR 261765
L,Krishna Collection,P1487,Sundry Debtor,Assets,null,6Q4G+8PG C-166 Palanpur Canal Rd Awadhpuri Ada,Jan Surat Gujarat 394510 India,C166,Billwise,P1487,HUL-10C120P24610,NA
L,PRIME CHEMIST,P1488,Sundry Debtor,Assets,null,Someshware Char Rasta Udhana - Magdalla Rd,Vesu Surat Gujarat 395007 India Surat Gujarat,,Billwise,P1488,HUL-10C120P24623,GJ-SUR-261786
L,RAMDEV MEDICAL STORE,P1489,Sundry Debtor,Assets,null,Word No. 12 Muktanand Nagar Rd Adajan East Kris,hna Nagar Society - 2 Choksi Wadi Adajan Patiya,Surat Gujarat 395009 India,Billwise,P1489,HUL-10C120P24635,NA
L,Pearl The Beauty Hub,P1490,Sundry Debtor,Assets,null,304 Road Ramnagar Sima Nagar Surat Gujarat 39,5005 India,Pl 217 Sh 3 Ramnagar Colony,Billwise,P1490,HUL-10C120P24639,NA
L,Care Pharmacy,P1491,Sundry Debtor,Assets,null,Sitaram nagar society opp. 9 Square Honey Park A,rea Pankaj Nagar Surat Gujarat 395009 India,,Billwise,P1491,HUL-10C120P24647,NA
L,MARUTI MEDICAL STORE,P1492,Sundry Debtor,Assets,null,03 Near Dabholi Char Rasta Katargam Surat Guj,Surat 395004 India,,Billwise,P1492,HUL-10C120P24649,NA
L,Omshivay Medico,P1493,Sundry Debtor,Assets,null,Vijalpore Main Road Police Station Road Shree Kr,Ishna Nagar Vejalpore Navsari Gujarat 396450 I,Ndia,Billwise,P1493,HUL-10C120P24655,CBYPP3636G
L,Hevan Medical (Rushabh Tower),P1494,Sundry Debtor,Assets,null,5RX3+P9X Sangana Society Narotam Nagar Surat G,Ujarat 395009 India,,Billwise,P1494,HUL-10C120P24658,NA
L,Dhanlaxmi Medical &amp; General Store,P1495,Sundry Debtor,Assets,null,Shop No.1 Plot No.78 Omsh Shanti Nagar 1,New Kosad Road,Amroli,Billwise,P1495,HUL-10C120P24667,NA
L,Shyam Dairy And Sweet-D,P1496,Sundry Debtor,Assets,null,Shop 86 Kanteshwar Soc,Opp Balvant Nagar,Singpore,Billwise,P1496,HUL-10B234D-P26790,1
L,GURUKRUPA BAKERY AND GENERAL STORE(KATARGAM)-D,P1497,Sundry Debtor,Assets,null,A 97,AVDHUT NAGAR SOCIETY,KATARGAM,Billwise,P1497,HUL-10A225D-P67740,1
L,VASHANTILAL CHANDMA-D-D-D-D-D-D,P1498,Sundry Debtor,Assets,null,SHOP NO. 23/24DARJI MOALO BORBHATHA BHATHA GAM,NR.SAIBABA TEMPLE,NA,Billwise,P1498,HUL-132638P8936,24222400135
L,RAHUL KARIYANA AND GENERAL STORE (KATARGAM)-D,P1499,Sundry Debtor,Assets,null,RAMAN NAGAR SOCIETY,NEAR.SHYAM WADI,96KATARGAM SURAT,Billwise,P1499,HUL-10A225D-P67750,1
L,JAY AMBE GEN. STORE-UMRA-D-D-D-D-D,P1500,Sundry Debtor,Assets,null,UMRA GAMTALAV FALIYU,UMRA GAMNR N.R KARYANA,SURAT,Billwise,P1500,HUL-132638D-D0050,***********
L,GAJANAND KARIYANA STORE (VED ROAD KATARGAM)-D,P1501,Sundry Debtor,Assets,null,A 25 SHIV SAIYAN SOCIETY,VED ROAD,KATARGAM,Billwise,P1501,HUL-10A225D-P67775,1
L,RAMDEV KIRANA STORE-D,P1502,Sundry Debtor,Assets,null,SHIV CHAYA SOCIETY,NEAR BAPA SITARAM MANDIR,VED ROAD KATARGAM,Billwise,P1502,HUL-10A225D-P67800,1
L,JAY GANESH  PROVISION STORE-D,P1503,Sundry Debtor,Assets,null,AB 75 Jalaram Aaprtment Viramnagar Socity,VED ROAD,KATARGAM,Billwise,P1503,HUL-10A225D-P67810,1
L,SAI SUPER STORE-D,P1504,Sundry Debtor,Assets,null,69 GITA APPARTMENT,VIRAM NAGARAKHANAND SCHOOL,VED ROADKATARGAM,Billwise,P1504,HUL-10A225D-P67815,1
L,NEW SHIVAMBAKERY&amp;GENERALSTORES.-D-D-D-D-D-D-D,P1505,Sundry Debtor,Assets,null,15DIPACOMPLEX,ADAJANPATIYAOPP.SANGHVITOWER,SURAT,Billwise,P1505,HUL-132638D-D0628,***********
L,JAY JALARAM GENERAL STORE-D-D,P1506,Sundry Debtor,Assets,null,MAGALDEEP APT.,SAAK MARKET,OPP SRI MALAXMI KIRANA,Billwise,P1506,HUL-134733D-P7127,APPLIED
L,Shree Bhavani Provision-D,P1507,Sundry Debtor,Assets,null,Chaprabhatha Road,Amroli,Surat,Billwise,P1507,HUL-10A225D-P68080,1
L,DEVNARAYAN KARIYANA-D-D-D-D-D-D,P1508,Sundry Debtor,Assets,null,BHAVANI AREA,KAWAS GAM,NA,Billwise,P1508,HUL-132638P8915,UNREGISTERED
L,Bansidhar Tredars-D,P1509,Sundry Debtor,Assets,null,Shantinath Mahadev Mandir Same,Ic Gandhi Dchool Niche,Sumul Dairy Road,Billwise,P1509,HUL-10A225D-P68115,1
L,RIYA GENERAL STORE-D-D-D-D-D,P1510,Sundry Debtor,Assets,null,DIPAL NI SAME,ICCHAPOR,SURAT,Billwise,P1510,HUL-132638P8924,UNREGISTERED
L,Pramukh Kirana-D,P1511,Sundry Debtor,Assets,null,Welcome Residancy,Shop No 7,Kosad Road,Billwise,P1511,HUL-10A225D-P68155,1
L,Shree Shyam Super Stor-D,P1512,Sundry Debtor,Assets,null,Welcome Residancy,Shop.No 8,Kosad Road,Billwise,P1512,HUL-10A225D-P68160,1
L,Laxmi Super Stores-D,P1513,Sundry Debtor,Assets,null,Shop No 2/3 Green City Bhata Road,Shop No 2/3 Green City Bhata Road,Shop No 2/3 Green City Bhata Road,Billwise,P1513,HUL-134996D-P11486,*************
L,SHREE AAIMATA BAKERY AND PROVISION STORE-D,P1514,Sundry Debtor,Assets,null,SHOP NO -36 BHAGWANNAGAR SOC,UGAT - BESHAN ROAD,UGAT,Billwise,P1514,HUL-134996D-P22775,**************
L,SHIV SHANKAR PROVISSION STORE T-D-P-D-D-D,P1515,Sundry Debtor,Assets,null,MAHAVIR SOCIATY NEAR SONA HOTEL,RANDER ROAD SURAT,SURAT,Billwise,P1515,HUL-134083D-P12318,NA
L,GAYATRI PROVISION AND KIRANA STORE-D,P1516,Sundry Debtor,Assets,null,SHOP NO 2 UTSAV APARTMENT,OPP SILVER PARK PAL ROAD,SURAT,Billwise,P1516,HUL-134996D-P26271,1111111
L,Aditi Super Stores-D,P1517,Sundry Debtor,Assets,null,Shop No 6 Aagam Cross Road,Opp Star Galaxy,Vesu Surat,Billwise,P1517,HUL-10B234D-P39438,1
L,HARIYANA SUPER MART-D,P1518,Sundry Debtor,Assets,null,G 5 Aagam Arcade,Nr Jolly Residency Vesu,Surat,Billwise,P1518,HUL-10B234D-P28179,1
L,Kavita Dairy And Provision Store-D,P1519,Sundry Debtor,Assets,null,G2 Garden View Appartment,Near Botanical Garden,Jahangirpura,Billwise,P1519,HUL-10B234D-P39523,1
L,Vijay Supar Store-D,P1520,Sundry Debtor,Assets,null,Simidhar Complex,Near Raj Patel Dairy,Pal Rto Surat,Billwise,P1520,HUL-10A225D-P67066,1
L,DHANLAXMI GENERAL STORE-D,P1521,Sundry Debtor,Assets,null,Shop No 1 Divya Jyot Apartment,Opp Passport Office Piplod,Surat,Billwise,P1521,HUL-10B234D-P39599,1
L,MAHADEV SUPER STORE-D,P1522,Sundry Debtor,Assets,null,35 SOLITER BUSINESS PLAZA CANAL ROAD PALANPUR J,JAKAT NAKA NR PRAMUKH MEDICINE,N.A.,Billwise,P1522,HUL-10B234D-P29033,1
L,DHARMNANDAN SUPER STORE-D-D-D-D-D-D,P1523,Sundry Debtor,Assets,null,NR JALARAM PETROL PUMP,AMROLI RELIENCE NAGAR,AMROLI,Billwise,P1523,HUL-132967P4019,NA
L,ISHWER TRADERS-D,P1524,Sundry Debtor,Assets,null,4 ASHOKVATIKA RO HOUSE  NEW L P SAVANI SCHOOL RO,OAD  PALANPUR GAM SURAT,N.A.,Billwise,P1524,HUL-10B234D-P29047,1
L,Shree Ram Dairy Sweet &amp; Kirana Store-D,P1525,Sundry Debtor,Assets,null,Shop No.-4 Deep Anklev Ichhapore Bus Stand No.-,Shop No.-4 Deep Anklev Ichhapore Bus Stand No.-,Shop No.-4 Deep Anklev Ichhapore Bus Stand No.-,Billwise,P1525,HUL-134996D-P13948,***
L,AKSHAR TRADERS*AMROLI*D*-D-D-D-D,P1526,Sundry Debtor,Assets,null,SHOPNO3BALINATHSHOPPINGCENTER,NEARPOLICECHOKIAMROLICHARRASTA,NA,Billwise,P1526,HUL-101471P8768,24222500275
L,Ambika Super Store-D,P1527,Sundry Debtor,Assets,null,B1 Bhagylaxmi Society,Link Road,Cozway Road,Billwise,P1527,HUL-10B234D-P39639,1
L,Shree Aai Mata Ugat-D,P1528,Sundry Debtor,Assets,null,Shop 27,Bhesan Road,Jahangirabad Ugat,Billwise,P1528,HUL-10B234D-P39646,1
L,Satyam Gen *Amrolig*-D-D-D-D-D,P1529,Sundry Debtor,Assets,null,NO-1314SAHYOG COMPLEXNR-SHAK MRKT,NR-MANSROVAR CIRCLE,NA,Billwise,P1529,HUL-101471D-MSA237,24222501644
L,BHAVANI SABU*KATARGAM*D*-D-D,P1530,Sundry Debtor,Assets,null,A-64 KUBER NAGARBEH-PARAS POLICE CHOWKI,OPP SANTI VIHAR APT.,KATARGAM DARWAJA,Billwise,P1530,HUL-101471D-MSA1016,11111
L,Sarswati Kirana Store-D,P1531,Sundry Debtor,Assets,null,ABG Road,Magdalla Port,Dumas Road,Billwise,P1531,HUL-10B234D-P39667,1
L,LAKSHMI KIRANA-D-D,P1532,Sundry Debtor,Assets,null,SHOP NO.-2 HARMONI,RESIDENCY NEAR PANI NI,TANKI PAL SURAT.,Billwise,P1532,HUL-134733D-P7037,APPLIED
L,SHREE DEV TREDERS-D-D,P1533,Sundry Debtor,Assets,giradharigiradhariji09@gmail.com,G-9 SANGINI GARNIYA,DANDI ROAD,SURAT,Billwise,P1533,HUL-134733D-P7122,APPLIED
L,JAY JALARAM SOAP FACTORY-D,P1534,Sundry Debtor,Assets,null,3.Bhakti Sagar Row House,Honey Park  Road.,L P Savani Circle.,Billwise,P1534,HUL-10B234D-P39717,1
L,HEMANT TRADERS*VEDROAD*SVS*D-D-D,P1535,Sundry Debtor,Assets,null,SHOP NO 6VIJAY NAGAR,B/H PRANNATH MED,NA,Billwise,P1535,GJ39500461090,24222600724
L,VARNI BEKARI &amp; SUPER STORE-D,P1536,Sundry Debtor,Assets,null,Shop 21 Ganesh Residency,Nr Khajuriya Shiyam Kiarna,Amroli Fire Station Ni Bajuma,Billwise,P1536,HUL-10B234D-P39755,1
L,Laxmi General  Store-D,P1537,Sundry Debtor,Assets,null,Shop No 11 Arihant Hights Opp Stuti Icon Cenal Roa,Same,Same,Billwise,P1537,HUL-10A225D-P62361,1
L,HUNNY GENERAL-D-D-D-D-D-D,P1538,Sundry Debtor,Assets,null,ONGC CHAR RASTA,ICHHAPOR,NA,Billwise,P1538,HUL-132638P8914,UNREGISTERED
L,NEW LAXMI DAIRY &amp;SUPER STORE-D,P1539,Sundry Debtor,Assets,null,SHOP NO 78,near uma bhavan,chapra bhata road Amroli,Billwise,P1539,HUL-10B234D-P39769,1
L,PRAMUKH DHARSHAN KIRANA-D,P1540,Sundry Debtor,Assets,null,SHIKSHAPATRI HIGHT,NI SAME SHUSTI SOC,AMROLI,Billwise,P1540,HUL-10B234D-P39791,1
L,SHREE RAM SUPER STORES-D-D-D-D,P1541,Sundry Debtor,Assets,null,SIMNDHAR COMPLEX,NR RUPAM MEDICAL PAL,SURAT,Billwise,P1541,HUL-132638D-D0778,***********
L,SARASWATI STORE-D,P1542,Sundry Debtor,Assets,null,Shop No 12 Westen City CNG Pump Pal Road Adajan,Shop No 12 Westen City OPP CNG Pump PAL ROAD Surat,SURAT Adajan Pal Road,Billwise,P1542,HUL-10B234D-P39832,1
L,JAY BHGAVATI KIRANA(PANAS GAM)-D-D-D-D-D,P1543,Sundry Debtor,Assets,null,231NR.DEVNARAYAN KARYANA,PANAS GAM,NA,Billwise,P1543,HUL-132638D-D0263,***********
L,JAY SHREE KRISHNA PRO. STOR-D,P1544,Sundry Debtor,Assets,null,JAYRAJ SOCIETY ICHHAPUR,BUS STOPS 3 ICHHAPUR,NR. KHUSHBU KIRANA STOR,Billwise,P1544,HUL-10B234D-P26825,1
L,PADMAVATI HOUSEKEEPINGS-D,P1545,Sundry Debtor,Assets,null,Shop No 6 Aagam Orchid Nr.Aakansha Medical,Opp Shiv Kartik Enclave,Vesu Surat,Billwise,P1545,HUL-10A176D-P66467,1
L,Jai Ambe Provission Store T-D-D-D-D,P1546,Sundry Debtor,Assets,null,Krishana Nagar,Icchapur,Surat,Billwise,P1546,HUL-133172D-P3754,UNREGISTERED
L,AMAR DEEP GEN *AMROLI GHB*-D-D-D-D-D,P1547,Sundry Debtor,Assets,null,952PARTH SOCIETY,Sayan RoadFrire BrigGADE,NA,Billwise,P1547,HUL-101471D-P2965,1
L,Bhavani General Store-D,P1548,Sundry Debtor,Assets,null,240 Manisha Soc Sai Pujan Ni Same,Juno Kosad Road,Amroli,Billwise,P1548,HUL-10B234D-P26835,1
L,SHREEJI KARIYANA*KATARGAM*-D-D-D,P1549,Sundry Debtor,Assets,null,SHOP NO. 4,ASOPALAV APT. PATEL FALIYU,KATARGAM,Billwise,P1549,HUL-101471D-MSA2323,11211
L,PRINCE KIRANA STORE-D,P1550,Sundry Debtor,Assets,null,Shop No B2 Akash East Point,L R Patel Sports Complex,Bhimradh Road Althan Surat,Billwise,P1550,HUL-10A176D-P67126,1
L,MAtajiSupar-D,P1551,Sundry Debtor,Assets,null,Sivsomeswr,Bimradkenalroad,AltanBimradroad,Billwise,P1551,HUL-10A176D-P67390,1
L,AKSHAR SUPER STORE-D-D,P1552,Sundry Debtor,Assets,null,SHOP NO-4 GRAUND FLOOR,AMARDEEP COMPLEX,AMROLI,Billwise,P1552,HUL-134996D-P21119,---
L,AMRUT PROVISION (A M ROAD)-D-D-D-D-D-D-D,P1553,Sundry Debtor,Assets,null,A-32CLASSIC POINT,NR.NEWS AVENUE APTANAND MAHAL ROAD,SURAT,Billwise,P1553,HUL-132638D-D0867,24220200972
L,Gandhi Premchand Devchand-D,P1554,Sundry Debtor,Assets,null,GF1 Massimo Complex,Althan Bhimrad Canal Road,Bhimrad,Billwise,P1554,HUL-10A176D-P67442,1
L,SHIVSHAKTIPROVISION(RANDERGAM)-D-D-D-D-D-D-D,P1555,Sundry Debtor,Assets,null,4/5SAIAPP.,COZWAYROADOPP.ASOPALAVAPP.,SURAT,Billwise,P1555,HUL-132638D-D0912,UNREGISTERED
L,Sai Jarnal Store-D,P1556,Sundry Debtor,Assets,null,3,Narayan Complex,Nandhi Park Piplodh,Billwise,P1556,HUL-10A176D-P68619,1
L,Jagdamba Super Store,P1557,Sundry Debtor,Assets,null,2 Sidhhi Vinayak Residency,Singhanpor,Singhanpor,Billwise,P1557,HUL-131916P1211,APPLIED FOR
L,Shanti Traders-D,P1558,Sundry Debtor,Assets,null,A 3 EAST POINT,Opp Bella Cassa,Althan Surat,Billwise,P1558,HUL-10A176D-P69873,1
L,TULSI KIRANA -D-D,P1559,Sundry Debtor,Assets,null,B-21 AMIRAJ APP.,PARS SOC.,KATARGAM,Billwise,P1559,HUL-132638D-P1865,APLIED FOR
L,Jay Jalaram Soap Factory-D,P1560,Sundry Debtor,Assets,null,No 3 Bhaktisagar Raw House,Opp.Daskaka Namkern,Honey Park Road Surat,Billwise,P1560,HUL-10B234D-P40583,1
L,Vimal General Super Stores-D,P1561,Sundry Debtor,Assets,null,1VISHvakarma Soc.,B/HASHARAMKATARGAM RD,NA,Billwise,P1561,HUL-101471D-MSA1060,11111
L,NAMKEWN HOUSE-D,P1562,Sundry Debtor,Assets,null,SHOP 3 SAMART CAMPUS,LP SAVANI CIRCAL,ADAJAN,Billwise,P1562,HUL-10B234D-P40590,1
L,KANAIYA DAIRY *SUMUL DAIRY*SMART*-D-D-D,P1563,Sundry Debtor,Assets,null,ARIHANT PARK SUMUL DAIRY ROAD,NEAR SURAT PEOPLES BANK,NA,Billwise,P1563,HUL-101471D-MSA2856,1111
L,Veer Maruti Treding Co.-D,P1564,Sundry Debtor,Assets,null,17 Uday Nagar,17 Uday Nagar,17 Uday Nagar,Billwise,P1564,HUL-10B234D-P40886,1
L,RAGHUVANSHIPROVISIONSTORE(SMART)-D-D-D-D-D-D,P1565,Sundry Debtor,Assets,null,L-5BHAVIKCOM.,OPPL.B.PARKGHODDODROAD.,SURAT-395001,Billwise,P1565,HUL-132638D-D0243,24220302399
L,Dayanand Kirana Stors-D,P1566,Sundry Debtor,Assets,null,Kawash.Bapasai,Kawash.Bapasai,Kawash.Bapasai,Billwise,P1566,HUL-10B234D-P26862,1
L,Dipak Treders-D,P1567,Sundry Debtor,Assets,null,G.1.2 Time World,Opp. Atlanta Mall,Althan Bhimrad Canal Road,Billwise,P1567,HUL-10A176D-P65061,1
L,KRISHNA SABU CENTRE-D-D-D-D-D-D,P1568,Sundry Debtor,Assets,null,A-28 SHANTI SADAN APPARTMENT,PALANPUR PATIA SHAK MARKET,NR SHREE HAR GOVIND,Billwise,P1568,HUL-132638P8982,UNREGISTERED
L,FARM FRESH SHOP-D,P1569,Sundry Debtor,Assets,null,BLU TRIO OPP GREEN CITY,PAL BHATA,PAL GAM,Billwise,P1569,HUL-10B234D-P40986,1
L,Rehmat Veraity-D,P1570,Sundry Debtor,Assets,null,Aashyana Apt,Near Tavvkkal Enterprise,Surat,Billwise,P1570,HUL-10A225D-P62665,1
L,SHREE DEVNARAYAN KIRANA-D,P1571,Sundry Debtor,Assets,null,145 SARITA SAGAR SOCIETY,PANI KI TAKI CHHAPRA,PATA ROAD,Billwise,P1571,HUL-10B234D-P41112,1
L,UDAY TRADERS-D,P1572,Sundry Debtor,Assets,null,B1 GOVIND NAGAR SOCITY,AJRAMAR CHOWK Opp Bsnl Office,ADAJAN,Billwise,P1572,HUL-10B234D-P18606,1
L,KANAIYA NAMKEEN BACKERY-D,P1573,Sundry Debtor,Assets,null,SHOP NO 79 GRUHAM EMPIRE,SAYAN ROAD,AMROLI,Billwise,P1573,HUL-10A225D-P62801,1
L,Shiddhi Super Mart-D,P1574,Sundry Debtor,Assets,null,Shop No G 3 4 Aagam Square,Bh Dreem Heritage,Vesu Canal Road Surat,Billwise,P1574,HUL-10B234D-P26885,1
L,Khodiyal Sales-D,P1575,Sundry Debtor,Assets,null,Shop No 4 Samarpan Complex,Canal Road,Jhangirpura,Billwise,P1575,HUL-10B234D-P41119,1
L,Padmavati Home Care-D,P1576,Sundry Debtor,Assets,null,shop.no.12 Shantideep residency,tgb road near saurabh police chowk PAL,near mahavir kiraana,Billwise,P1576,HUL-10B234D-P41241,1
L,Salasar Balaji-D,P1577,Sundry Debtor,Assets,null,617,Pragti Nagar,Amroli,Billwise,P1577,HUL-10B234D-P41291,1
L,DEV RAJ KIRANA STORE-D-D-D-D-D,P1578,Sundry Debtor,Assets,null,SHOP NO-4 SUDA BHAVAN,NR BHARTI MAIYA SCHOOL,NR BIG BAZAR VESU,Billwise,P1578,HUL-134107D-P10641,NA
L,Dipak Traders-D,P1579,Sundry Debtor,Assets,null,Shop No.34,Divyadarshan Aprment,Navug College Post Offe Ni Same,Billwise,P1579,HUL-10B234D-P20304,1
L,BHARTI KIRANA ST-D-D-D-D-D-D,P1580,Sundry Debtor,Assets,null,B-55 KESHA NAGAR SOC,UMRA GAM ICHHANATH,OPP HANSH KIRANA,Billwise,P1580,HUL-132967P0985,0
L,HANUMAN KARYANA STORE-D-D-D-D-D-D-D,P1581,Sundry Debtor,Assets,null,D-30VISHAL NAGAR SOC.,NRLALJI NAGAR,SURAT,Billwise,P1581,HUL-132638D-D0932,UNREGISTERED
L,MATESHWARI KIRANA STORE-D,P1582,Sundry Debtor,Assets,null,68 BORDI FALYU,CHHAPRA BHATA GAM,AMROLI,Billwise,P1582,HUL-10B234D-P41379,1
L,KANIYA GENERAL STORES,P1583,Sundry Debtor,Assets,null,Rilains Hosing,Shop No 162,Amroli Rood,Billwise,P1583,HUL-10A225D-P68235,1
L,Bhavana Katalari Stor-D,P1584,Sundry Debtor,Assets,null,Rilains Hosing,Shop No 481,Amroli Rood,Billwise,P1584,HUL-10A225D-P68245,1
L,Jay Khodiyar Supra Stor-D,P1585,Sundry Debtor,Assets,null,Rilains Hosing,Shop No 446,Amroli Rood,Billwise,P1585,HUL-10A225D-P68250,1
L,SAI TRADERS(SMART)-D-D-D-D-D-D-D,P1586,Sundry Debtor,Assets,null,5SAI SQUARE SHOP. CEN,OPP SHASVAT APPT,SURAT,Billwise,P1586,HUL-132638D-D1091,***********
L,HAARIOM PROVISION STORES-D-D-D-D,P1587,Sundry Debtor,Assets,null,12-ABHILASHA APTB/H VASHUPUJAY RES,PAL ROAD ADAJAN,SURAT,Billwise,P1587,HUL-132638D-P22510,APPLIED FOR
L,FAZAL KIRANA STORE-D,P1588,Sundry Debtor,Assets,null,TEEN BAUTI NR SWAMISHREEJI STORE,RANDER,SURAT,Billwise,P1588,HUL-134996D-P21764,**********
L,TULSI KIRANA-D,P1589,Sundry Debtor,Assets,null,Ambika Nagar,Aaroki Kendra Ni Pachad,Katargaam Surat,Billwise,P1589,HUL-10A225D-P68365,1
L,JAY AMBAY Kirana-D,P1590,Sundry Debtor,Assets,null,Shope No9 MARUTI APPOINTMENT,B AMBIKA NAGAR,Katargaam Surat,Billwise,P1590,HUL-10A225D-P68370,1
L,AMBIKA KIRANA-D,P1591,Sundry Debtor,Assets,null,Plot NO 508 SAHAJANAND SOCIETY,HARIDARSHAN KA KHADA,DABHOLI,Billwise,P1591,HUL-10A225D-P68506,1
L,Ambaji Mart-D,P1592,Sundry Debtor,Assets,null,122 Nutan Raw House,B.H Vidhyakunj School,Pal Road  Adajan,Billwise,P1592,HUL-10B234D-P26892,1
L,KRISHNA SUPER STORE-D,P1593,Sundry Debtor,Assets,null,7 SURYAM RESIDENCY,HARIDARSHAN NO KHADO,SINGANPORE DABHOLI,Billwise,P1593,HUL-10A225D-P68526,1
L,KHODIYAR GENERAL STORE-D,P1594,Sundry Debtor,Assets,null,4 SURAYAM RESIDENCY,HARIDARSHAN NO KHADO,DABHOLI SINGANPORE,Billwise,P1594,HUL-10A225D-P68531,1
L,CHAMUNDA DAIRY AND KIRANA STORE-D,P1595,Sundry Debtor,Assets,null,NANDANVAN SOCIETY,BAPA SITARAM CHOWK NI PACHHAL,SURAT,Billwise,P1595,HUL-10B234D-P41436,1
L,KHUSBHU SUPER STROR-D,P1596,Sundry Debtor,Assets,null,24 SIDDHESHWARI SOCIETY,SAHAJAND KE SAMNE,DABHOLI KATARGAM,Billwise,P1596,HUL-10A225D-P68541,1
L,BAPA SITARAM DAIRY AND GENERAL-D,P1597,Sundry Debtor,Assets,null,9 SARJEN AVENUE,COUSWAY CROSS ROAD,DABHOLI KATARGAM,Billwise,P1597,HUL-10A225D-P68546,1
L,SARSWATI PROVISON STORE-D,P1598,Sundry Debtor,Assets,null,6 BAPA SITARAM SOCIETY,RADHE RESIDENCY,SINGAN PORE DABHOLI,Billwise,P1598,HUL-10A225D-P68551,1
L,MANISHBHAI-D,P1599,Sundry Debtor,Assets,null,PLOOT NO 12 B,NAGER SHETH NIWADI,MORABHAGAL,Billwise,P1599,HUL-10A225D-P68581,1
L,Asif Kerana Stro-D,P1600,Sundry Debtor,Assets,null,Revarvw Sosayte,Baremata Rod,Gale No 4 Sedeke Madekal Ka Samna,Billwise,P1600,HUL-10A225D-P68617,1
L,SHREE GANESH CHEMIST-D,P1601,Sundry Debtor,Assets,null,G4 DIVYA MALL NR.  MANISHA GARNALA,NR. UTTERAN ST.,NR. MANISHA GARNALA,Billwise,P1601,HUL-10A225D-P68727,1
L,ANNAPURNA PROVISION STORE-D,P1602,Sundry Debtor,Assets,null,7 Mira Apartment Vishvanagar Soc,Opp Bhavani Medical,AMROLI SURAT,Billwise,P1602,HUL-10A225D-P68740,1
L,Ganesh Kariyana-D,P1603,Sundry Debtor,Assets,null,Lake View Residency,New Kosad Road,Amroli,Billwise,P1603,HUL-10A225D-P68751,1
L,Vidhui Genral Store  D-D-D-D-D-D,P1604,Sundry Debtor,Assets,null,KRishana Nagar,Hajira Road Icchapur,SURAT,Billwise,P1604,HUL-132638D-D0901,UNREGISTERED
L,SHREE NATH JI BAKERY-D,P1605,Sundry Debtor,Assets,null,JAIN DERASAN SHOPPINGCENTER,AMROLOLI CHAR RASTA,AMROLI,Billwise,P1605,HUL-10A225D-P68811,1
L,MA KALI KIRANA-D,P1606,Sundry Debtor,Assets,null,SHOP 124 SATTATHAR SOCIETY,NEW KOSAD ROAD,AMROLI SURAT,Billwise,P1606,HUL-10A225D-P68831,1
L,PANOR KRUPA GENERAL STORE-D,P1607,Sundry Debtor,Assets,null,SHOP 68 SHIV NAGAR  SOCIETY,OLD KOSAD ROAD  AMROLI,KOSAD  ROAD,Billwise,P1607,HUL-10A225D-P68861,1
L,BAYAN MATA SUPER  STORE-D,P1608,Sundry Debtor,Assets,null,SHOP 3 SYAM COMPLEX  GURU NANAK COLLEGE  ROAD,NEAR JALARAM MANDIR,AMROLI  ROAD SURAT,Billwise,P1608,HUL-10A225D-P68871,1
L,SHREE JAY BHAVANI PROVISION STORE-D,P1609,Sundry Debtor,Assets,null,SAHYOG APP NR BUS STAND,ADAJAN GAM,SURAT,Billwise,P1609,HUL-134996D-P23686,***************
L,Shree Chamuda-D,P1610,Sundry Debtor,Assets,null,Madhav Ashram,Near Parsh Sak Market,Beside Heena Cutlary Katargaam,Billwise,P1610,HUL-10B234D-P41457,1
L,Ramdav Kirana-D,P1611,Sundry Debtor,Assets,null,H4 Avas B No 292,Rum No 4,Fayaristasan Ka Pas,Billwise,P1611,HUL-10A225D-P69071,1
L,Barunath Kirana-D,P1612,Sundry Debtor,Assets,null,Smc Kosad Avas,H4 299 B3,Amrole Surat,Billwise,P1612,HUL-10A225D-P69081,1
L,CHUNMUNA SUPER STORE-D,P1613,Sundry Debtor,Assets,bhavrlaldewasi30@gmail.com,ICCHAPOOR BUS STOP,ICCHAPOOR,SURAT,Billwise,P1613,HUL-134996D-P21849,**********
L,Ramji Kirana Store-D,P1614,Sundry Debtor,Assets,null,H4 284 A 4 Kosad Avas,Amroli Rod Surat,Fayaristasan Ka Pas,Billwise,P1614,HUL-10A225D-P69091,1
L,KHODIYAR GEN. STORES(SVS-1)-D-D-D-D-D-D,P1615,Sundry Debtor,Assets,null,L-2SILP APP.ADARSH SOC.,OPP.GOKULAM DAIRY,GHODDOD ROAD,Billwise,P1615,HUL-132638D-D0008,APPLIED FOR
L,PARASHPROVISIONSTORE(MAHAVEERPRO.STORE)-D-D-D-D-D-,P1616,Sundry Debtor,Assets,null,7KALPANASHOPCENTER,ADAJANPATIYANR.JAINDERSAR,SURAT,Billwise,P1616,HUL-132638D-D0609,***********
L,A H FOODS-D,P1617,Sundry Debtor,Assets,null,Shop No 4 5 6 Ashwamegh App,Near Ambika Niketan,Bihaind Surti Khaman Parle Point,Billwise,P1617,HUL-10B234D-P41464,1
L,MAHALAXMI SUPER STORE-D,P1618,Sundry Debtor,Assets,null,22 SRADAR NAGAR,NR KOSAD AWAS,AMROLI KOSAD,Billwise,P1618,HUL-10A225D-P69141,1
L,GAYTRI Genral Store-D,P1619,Sundry Debtor,Assets,null,Vishv Nagar Sayad Road,Amroli,99shoping Center Ni Same,Billwise,P1619,HUL-10A225D-P69226,1
L,SHREE VARDHMAN PRO. STORES-D-D-D-D-D-D,P1620,Sundry Debtor,Assets,null,2SWASTIK APT.,NR.AMBIKANIKETANATHWALINES,SURAT,Billwise,P1620,HUL-132638D-D0013,24220300189
L,THE PAL GROUP CO OP COTAN SALE SOC LTD-D-D,P1621,Sundry Debtor,Assets,null,JAHGIPURA,RANDER,SURAT,Billwise,P1621,HUL-134996D-P22372,---
L,AMBIKATRADERS-D-D-D-D-D-D,P1622,Sundry Debtor,Assets,null,G-10ALISHANAPP.,B/H.SMCWORDOFFICE,ADAJANGGAMROAD,Billwise,P1622,HUL-133172D-P3784,UNREGISTERD
L,Aashapura Super Store-D,P1623,Sundry Debtor,Assets,null,Sai Villa Shopr 11,Doctor Park Road,Near Gyatri Dairy Kirana,Billwise,P1623,HUL-10A225D-P69517,1
L,ISHWAR KRUPA-D,P1624,Sundry Debtor,Assets,malimanak04@gmail.com,Dovyajoyot Apt,Pos. Passport Office,Surat,Billwise,P1624,HUL-10B234D-P26561,1
L,MAHALAXMIPROVISONSTORE-D-D-D-D-D-D-D,P1625,Sundry Debtor,Assets,null,E-4S.M.C.TENAMENT,ANANDMAHALROADOPPSAKMARKET,SURAT,Billwise,P1625,HUL-132638D-D0936,24220201296
L,ASHAPURA KIRANA STORE-D,P1626,Sundry Debtor,Assets,null,SHOP NO.4 SAYAN TEXTILE OFFICE,ICHHAPORE,SURAT,Billwise,P1626,HUL-10A225D-P69594,1
L,CHAMUNDA PROVISION STORE-D,P1627,Sundry Debtor,Assets,null,27 LOYADHAM HOMES SHRUSTI,AMROLI,surat,Billwise,P1627,HUL-10B234D-P41478,1
L,ANJANA SUPER STORE-D,P1628,Sundry Debtor,Assets,null,Shop.5.RAJHANS PLATINUM ADAJAN Surat,Shop.5.RAJHANS PLATINUM ADAJAN SURAT,ADAJAN SURAT,Billwise,P1628,HUL-10A225D-P69606,1
L,SHREE NEW SAVARIYAJI SUPER STORES-D-D-D-D-D-D,P1629,Sundry Debtor,Assets,null,SHOP NO-E/1-2,PRAGATI NAGAR PIPLOD,SURAT,Billwise,P1629,HUL-133172D-P7483,UNREGISTER
L,SAIYAD TRADERS-D-(AASIFBHAI)-D-D-D,P1630,Sundry Debtor,Assets,null,SAULAT APP-,RANDERGAM,SURAT,Billwise,P1630,HUL-133172D-P7277,UNREGISTER
L,GAYAPRASADCHOTALAL-D-D-D-D-D-D-D,P1631,Sundry Debtor,Assets,null,1/143BHANDARIWAD,NR.HANUMANTAKERIRADERGAM,SURAT,Billwise,P1631,HUL-132638D-D0650,24220100078
L,C.N.GANDHI(ADAJAN)-D-D-D-D-D-D-D,P1632,Sundry Debtor,Assets,null,7ANNAPURNASOC.,ADAJANPATIYANRRUSHABHAPP.,SURAT,Billwise,P1632,HUL-132638D-D0601,UNREGISTERD
L,Pruthvi Super Stor-D,P1633,Sundry Debtor,Assets,null,Shree Hari Haghait,Opp Swaminarayan Tempal,Chhapra Bhatha Road,Billwise,P1633,HUL-10B234D-P41506,1
L,SHREE DURGA PROVISION STORE-D,P1634,Sundry Debtor,Assets,null,Q57 JAI RAJ SOCIETY ICHHAPUR,BUS STOP 3 ICHHAPUR,NR. BUS STOP 3ICHHAPUR,Billwise,P1634,HUL-10A225D-P70069,1
L,Laxmi Mart-D,P1635,Sundry Debtor,Assets,null,#%&amp;*()+.,Same,Same,Billwise,P1635,HUL-10A225D-P70094,1
L,RAMESHWAR KIRANA-D-D,P1636,Sundry Debtor,Assets,null,DEVI KRUPA SOCGURUKRUPA APPT,UTRAN,NA,Billwise,P1636,HUL-133172D-P19585,NA
L,JAIN PRO STO  *SAYAN ROAD*-D-D-D-D-D,P1637,Sundry Debtor,Assets,null,A2GAUTAM PARKSAYAN ROAD,GANESH CIRCLE,AMROLI,Billwise,P1637,HUL-101471D-MSA2489,1111
L,MATAJI SUPER STORE-D-D-D-D-D-D-D-D-D,P1638,Sundry Debtor,Assets,null,SHOP.33 SWEET HOME,KOSAD ROAD,AMROLI,Billwise,P1638,HUL-132967P2476,0
L,MAHADEV SABU BHANDAR-D,P1639,Sundry Debtor,Assets,null,VESHNU DEVI HIGHTS,JAHANGIRPURA,SURAT,Billwise,P1639,HUL-134996D-P24548,****************
L,SMURTI SUPER STORE-D,P1640,Sundry Debtor,Assets,null,SMURTI SADAN APP,SHOP NO-15TARWADI,TEKRAWALA SCHOOL,Billwise,P1640,HUL-134996D-P23281,----
L,Darshan General Store-D,P1641,Sundry Debtor,Assets,null,Near Krishna Cutlery,Paras Bazar,Paras Bazar,Billwise,P1641,HUL-10B234D-P16215,1
L,ASHIRWAD PROVISION-D,P1642,Sundry Debtor,Assets,null,HONEY PARK ROAD,OPP-PANI NI TANKI,GREEN PARK APP,Billwise,P1642,HUL-134996D-P23316,-----
L,Sagar Store-D,P1643,Sundry Debtor,Assets,null,Shop No 19 Shree Krishan Complex Jahangirpura,Jahangirpura,Jahangirpura,Billwise,P1643,HUL-10B234D-P41557,1
L,Sri Chamunda Super Store-D,P1644,Sundry Debtor,Assets,null,Dukan No.30 Dipanjali Jakat Naka .,Dukan No.30 Dipanjali Jakat Naka .,Dukan No.30 Dipanjali Jakat Naka .,Billwise,P1644,HUL-134996D-P13793,***
L,SHREE JAINAM KARIYANA &amp; PRO. STORES-D-D-D-D-D-D-D,P1645,Sundry Debtor,Assets,null,5MAHAVIR RESIDENCE NR- PARIBRAHMA SOC.,TARWADI SURAT,9427470810,Billwise,P1645,HUL-132638D-P1220,***********
L,GANGA MAIYA DAIRY &amp; PROVISION STORE-D,P1646,Sundry Debtor,Assets,null,SHOP NO-10LOTAS RESIDENCY,OPP-MIRA NAGAR,RAJWADI PARTY PLOT NI GALIMA,Billwise,P1646,HUL-134996D-P26047,111
L,RAJRAJESHWARITRADERS&amp;DAIRYD-D-D-D-D-D-D,P1647,Sundry Debtor,Assets,null,123KAILASHRESIDENCY,B/HHARIOMPETROLPUMP,L.P.SAVANISCHOOLPALROAD,Billwise,P1647,HUL-132638D-D0336,***********
L,SHRI KRISHNA KIRANA AND PROVISION,P1648,Sundry Debtor,Assets,null,KIRTI NAGAR UTRAN,SURAT,SURAT,Billwise,P1648,HUL-134996D-P26662,111
L,SHRI HARI KRISHNA STATONORY AND GENRAL-D,P1649,Sundry Debtor,Assets,null,B-9 SHUKHDEV RESIDENCY,OPP RAILWAY STATION,UTRAN,Billwise,P1649,HUL-134996D-P26672,11
L,KANAIYA KIRANA-D,P1650,Sundry Debtor,Assets,null,2 KIRTI NAGAR,MAIN ROAD,UTRAN,Billwise,P1650,HUL-134996D-P26692,1
L,A TO Z RETAIL SHOP-D,P1651,Sundry Debtor,Assets,null,ANMOL HIGHTS OPP SHALIGRAM PANNI TANKI,UTRAN,SURAT,Billwise,P1651,HUL-134996D-P26697,11
L,Shreeji Kirana Stores-D,P1652,Sundry Debtor,Assets,null,Ichhapore 3 Number,IchhaporIchhapore 3 Numbere 3 Number,Ichhapore 3 Number,Billwise,P1652,HUL-134996D-P13833,***
L,SHIV SHANKAR PRO. STORE-D-D-D-D-D-D-D,P1653,Sundry Debtor,Assets,null,MORA  HAZIRA ROAD,SURAT,SURAT,Billwise,P1653,HUL-132638D-D0913,***********
L,KINJAL KIRANA-D,P1654,Sundry Debtor,Assets,null,BULDING NO AAWAS KOSAD,AMROLI,SURAT,Billwise,P1654,HUL-134996D-P27140,1111
L,PUSHPANJALI KIRANA-D,P1655,Sundry Debtor,Assets,null,MADHAVAN SOC.,GALI NO 3  CHAPRABHATTHA ROAD,SURAT,Billwise,P1655,HUL-134996D-P54855,11111
L,BRAMANI KARIYANA STORE-D-D,P1656,Sundry Debtor,Assets,null,11OPERA CITY,OPP-MANISHA GARNARA,UTRAN,Billwise,P1656,HUL-134996D-P14228,-----
L,BALAJI GEN. STORE-D-D-D-D-D-D-D,P1657,Sundry Debtor,Assets,null,41ANKUR SOC.,NRSHUBHAM STORESS,NR.GUJRAT GAS CIRCLE,Billwise,P1657,HUL-132638D-D0976,***********
L,YOGESHWARI DAIRY AND GENRAL STORE-D,P1658,Sundry Debtor,Assets,null,SHOP NO 3 KIRAN COPLEX,PALANPUR JAKATNAKA,SURAT,Billwise,P1658,HUL-134996D-P26341,111111111
L,SHREE RENUJA SUPER STORE -D-D-D-D-D,P1659,Sundry Debtor,Assets,null,SHOP NO-12RAJ MANDIR CORNER,NR V R MALL MAGDALL,DUMAS,Billwise,P1659,HUL-133172D-P15259,NA
L,SARKAR SUPER STORES-D-D-D-D-D-D-D,P1660,Sundry Debtor,Assets,null,3 FATEMA TOWERCAUSEWAY ROAD,ADAJAN PATIYA,SURAT,Billwise,P1660,HUL-133172D-P14802,UNREGISTER
L,ASHA TELECOM PROVISION STORES-D-D,P1661,Sundry Debtor,Assets,null,8KRANTI NAGAR,BAPASITARAM TIN RASTA,CHHAPRABHATHA MAIN ROAD,Billwise,P1661,HUL-134996D-P14273,----
L,PUJA TRADERS(SMART)-D-D-D-D-D-D-D,P1662,Sundry Debtor,Assets,null,PL 180GREEN PARK SOC.,ANAND MAHAL ROAD,BEHIND JOGANI NAGAR,Billwise,P1662,HUL-132638D-D0888,UNREGISTERED
L,ANKITA KARIYANA &amp; GENERAL STORE-D-D,P1663,Sundry Debtor,Assets,null,C-5KRUSHNA KUNJ RESIDENCY,B/HDEVI KRUPA SOC,UTRAN,Billwise,P1663,HUL-134996D-P14338,----
L,BHAGVATI SALES ( SVS-1)-D-D-D-D-D-D,P1664,Sundry Debtor,Assets,null,G-3ANMOL COMPLEX,OPP.ICCHANATH STORES,ICCHANATH,Billwise,P1664,GJ39500761085,24220300515
L,SHREENATHJI GENERAL STORE-D-D,P1665,Sundry Debtor,Assets,null,SHOP N0-9MARUTI COMPLEX,NRAADARSH NAGAR,CHHAPRA BATHA,Billwise,P1665,HUL-134996D-P14403,---
L,GANESH KARIYANA &amp; BACKRY-D-D,P1666,Sundry Debtor,Assets,null,A-36KATHIYAWADI CHAL,SANKRUPA SOC,CHHAPRABHATHA ROAD,Billwise,P1666,HUL-134996D-P14518,-----
L,purab dav kariyana-D,P1667,Sundry Debtor,Assets,null,vundavan gat no 1,brts rod,dhabolo char rasta,Billwise,P1667,HUL-10B234D-P41632,1
L,ANIL PROVISION-D-D-D-D-D-D,P1668,Sundry Debtor,Assets,null,MOTATEKRAHAZIRASURAT,NA,NA,Billwise,P1668,HUL-132638P8931,UNREGISTERED
L,BALAJI KARIYANA-D-D,P1669,Sundry Debtor,Assets,null,6SHITAL RESIDENCY,VARIYAWA ROAD,CHHAPRABHATHA MAIN ROAD,Billwise,P1669,HUL-134996D-P14348,-----
L,DEV SHREE SUPER STORE-D,P1670,Sundry Debtor,Assets,null,19 SAI MILAN RESIDENCY,PALAN PUR SURAT,SURAT,Billwise,P1670,HUL-134996D-P24573,**************
L,MAHALAXMI GENRAL STORE-D,P1671,Sundry Debtor,Assets,null,A-43 SHIBAM OPP,NAKSTRA,PALANPUR GAM,Billwise,P1671,HUL-134996D-P23781,***********
L,DEVI KRUPA STORE-D-D,P1672,Sundry Debtor,Assets,null,1DEVIKRUPA SOC,OPP-GUJARATI SCHOOL,UTRAN,Billwise,P1672,HUL-134996D-P16437,----
L,SHREE DEVNARAYAN KARIYANA-D-D,P1673,Sundry Debtor,Assets,null,366KRISHNA NAGAR,GUJARAT HOUSING,AMROLI,Billwise,P1673,HUL-134996D-P16442,----
L,AMBICA SABU STORE-D,P1674,Sundry Debtor,Assets,null,16SAHYOG COMPLIES,NEAR  SAHYOG MEDICAL,AMROLI,Billwise,P1674,HUL-10A225D-P63697,1
L,MAHESHVARI SUPER STORES-D-D-D-D-D-D,P1675,Sundry Debtor,Assets,null,6ROYAL ARCADE,RELIENCE TOWN SHIP,ICCHANATH,Billwise,P1675,HUL-132638D-D0010,UNREGISTERED
L,SHIV SHAKTI PROVISION STORE-D,P1676,Sundry Debtor,Assets,null,NEAR RAMDEV PROVISON,AMROLI MAIN ROAD,AMROLI,Billwise,P1676,HUL-134996D-P21454,**************
L,SHREE GANESH KARYANA &amp; PRO.-D-D-D-D-D-D-D,P1677,Sundry Debtor,Assets,null,B-1MILAP RESHIDANCY,ANAND MAHAL ROAD,BESIDES GAIL TOWER,Billwise,P1677,HUL-132638D-D0968,***********
L,UMIYA DAIRY AND PROVISION STORE-D,P1678,Sundry Debtor,Assets,null,JUNA KOSAD ROAD,SWSTIK APPRTMENT,AMROLI,Billwise,P1678,HUL-134996D-P21729,**********
L,BHAGWATI SUPER STORE-D,P1679,Sundry Debtor,Assets,ravindralaxkar80@gmail.com,JUNA KOSAD ROAD,STAR HOME,AMROLI,Billwise,P1679,HUL-134996D-P21664,*********
L,RAJDEEP PROVISION STORE-D,P1680,Sundry Debtor,Assets,null,JUNA KOSAD ROAD LOTUS,RESIDENCY,AMROLI,Billwise,P1680,HUL-134996D-P21869,**********
L,Surbhi Dary Kirana Store-D,P1681,Sundry Debtor,Assets,null,Adajan,JIVAN JYOT Complex,HANIPARk Surat,Billwise,P1681,HUL-10A225D-P62872,1
L,SHREE DEV SUPER STORE-D,P1682,Sundry Debtor,Assets,null,STAR RESIDENCY,RAJWADI PARTY PLOT,AMROLI,Billwise,P1682,HUL-134996D-P21894,**********
L,AAI SHREE KHODIYAR PROVISION STORE-D,P1683,Sundry Debtor,Assets,null,JUNA KOSAD ROAD,SWSTIK APPRTMENT,AMROLI,Billwise,P1683,HUL-134996D-P21864,*********
L,AMBIKA STIONARY AND GENRAL STORE-D,P1684,Sundry Debtor,Assets,null,19 SHREENATHJI APPERMETN,RAGHUVIR CHOKDI,AMROLI,Billwise,P1684,HUL-134996D-P22430,**********
L,LAXMI KIRANA-GOKUL ROW HOUSE-D-D-D-D-D,P1986,Sundry Debtor,Assets,null,NRBLUE EVON,GOKUL ROW HOUSEATHWALINES,SURAT,Billwise,P1986,HUL-132638D-D0055,***********
L,KIRAN MARKETING-D,P1987,Sundry Debtor,Assets,null,Aagm Aarket,Aagam Aarket,Shop.No 74,Billwise,P1987,HUL-10A176D-P62244,1
L,SAI TRADERS &amp; GANERAL STORES-D-D-D-D-D-D,P1988,Sundry Debtor,Assets,null,SHOP NO 15  SAI TIRTH RES,PALANPUR GAM ROAD SARKAL,SURAT,Billwise,P1988,HUL-133172D-P7366,UNREGISTER
L,Lashkari Cold Drinks &amp; General Store-D,P1989,Sundry Debtor,Assets,null,Sultana Bad Langhr Sulatana Bad Langur,Sultana Bad,Langhar,Billwise,P1989,HUL-10A176D-P62520,1
L,MAHALAXMI SUPER STORE-D,P1990,Sundry Debtor,Assets,null,G 12 SENTOSA HEIGHT,Sentosa Height Shopping.,ASHIRWAD ENCLAVE APPT,Billwise,P1990,HUL-10A176D-P62593,1
L,IshwarSuperstore-D,P1991,Sundry Debtor,Assets,null,G 33Exceluss,BimradcanslRoad,Althan,Billwise,P1991,HUL-10A176D-P62595,1
L,YOGIKRUPAKIRANA-D-D-D-D-D-D,P1992,Sundry Debtor,Assets,null,GANGAJAMNAAPP.,NR.VIJAYDAIRYADAJANROAD,ADAJANRD.,Billwise,P1992,HUL-132638D-D0769,24220200114
L,ANAND SUPER STORE-D,P1993,Sundry Debtor,Assets,null,G23 Time Square,Canal Road,Vesu,Billwise,P1993,HUL-10A176D-P62631,1
L,JAY AMBE GENERAL STORE-D,P1994,Sundry Debtor,Assets,null,NR VARDHMAN PRO GOD DOD ROAD,,N.A.,Billwise,P1994,HUL-10B234D-P26979,1
L,MAHESHWARI PROVITION STORE-D,P1995,Sundry Debtor,Assets,null,G 10 Happy Hol Mark Shoppers,Nr Selibrety Green Vesu Abhava Road,Surat,Billwise,P1995,HUL-10A176D-P64578,1
L,GHOS KIRANA-D,P1996,Sundry Debtor,Assets,null,VIJAY NAGER 2,KATARGAM,SURAT,Billwise,P1996,HUL-10B234D-P42381,1
L,SHREE DEV PROVISAN STORE-D,P1997,Sundry Debtor,Assets,null,Magdala Port  Dumas Road Surat,Magdala Port  Dumas Road Surat,Magdala Port Dumas Road Surat,Billwise,P1997,HUL-10A176D-P64693,1
L,KOPAR STONE SUPER STORE-D,P1998,Sundry Debtor,Assets,null,KOPER STONE DELHI PUBLIC SCHOOL AIRPORT DUMAS,KOPER STONE DELHI PUBLIC SCHOOL AIRPORT DUMAS,KOPER STONE DELHI PUBLIC SCHOOL AIRPORT DUMAS,Billwise,P1998,HUL-10A176D-P64703,1
L,MAHADEV SUPER STORE-D,P1999,Sundry Debtor,Assets,null,AVADH CAROLINE DELHI PUBLIC SCHOOL  AIRPORT,AVADH CAROLINE DELHI PUBLIC SCHOOL AIRPORT DUMAS,AVADH CAROLINE DELHI PUBLIC SCHOOL AIRPORT DUMAS,Billwise,P1999,HUL-10A176D-P64708,1
L,RAHUL GENRAL STORE T-P-D-D-D,P2000,Sundry Debtor,Assets,null,GHANSHYAM NAGAR,JAGDIYA CHOKADI  PALANPUR,JAKAT NAKA,Billwise,P2000,HUL-134083D-P11551,NA
L,JALA SAI GANRAL STORE-D,P2001,Sundry Debtor,Assets,null,MAGDALA BHAVANI STREET. DUMAS,MAGDALA BHAVANI STREET. DUMAS,MAGDALA BHAVANI STREET. DUMAS,Billwise,P2001,HUL-10A176D-P65455,1
L,Nagnechi Super Store-D,P2002,Sundry Debtor,Assets,null,Shop 3 4 Bapu Nagar   Near Shiv  Sai Medical Store,Shop No 3 4 Bapu Nagar Near Shiv Sai Medical Store,Magdalla Gam Surat,Billwise,P2002,HUL-10A176D-P65553,1
L,GOKUL GENRAL STORE T-D-P-D-D,P2003,Sundry Debtor,Assets,null,1SARTHAK REES NEAR RAMESVAR RESS.,PAL ROAD ADAJAN SURAT,,Billwise,P2003,HUL-133343D-P17527,APPLYED
L,KAMAL STORE-D-D-D-D-D,P2004,Sundry Debtor,Assets,null,68-HIDAYAT NAGARPANPUR ROAD,KRISHNA TOBACCO NI GALI MA,,Billwise,P2004,HUL-133172D-P3436,UNREGISTERD
L,Shree Mahalaxmi  Super-D,P2005,Sundry Debtor,Assets,null,Shop No 5,Shikhar Resedecy,Piplod  Surat,Billwise,P2005,HUL-10A176D-P66801,1
L,Bariyadev Provision Store-D,P2006,Sundry Debtor,Assets,null,Nani Bajar Opp Bhatat Bakery,Nani Bakar,Dummas Surat,Billwise,P2006,HUL-10A176D-P66943,1
L,Pritam Kariyana Store-D,P2007,Sundry Debtor,Assets,null,Laya Faliya,Dukan Mohllo,Abhvagam.Surat.,Billwise,P2007,HUL-10A176D-P66949,1
L,Aaymata Sig  Chana  Store-D,P2008,Sundry Debtor,Assets,null,Sighanpur Sakmarkit,ICICI  Bak Ni Sama,Kozva Rod,Billwise,P2008,HUL-10B234D-P42395,1
L,Karni Super Mart-D,P2009,Sundry Debtor,Assets,null,G 36&amp;37 Sai Ashish Trade Center,OPP Punyabhoomi  NR Bhawan Mahavir College,Vvip Road  Vesu Althan,Billwise,P2009,HUL-10A176D-P67462,1
L,PATEL PRO. STORE-D-D-D-D-D-D,P2010,Sundry Debtor,Assets,mitulpatel301180@gmail.com,120-HODI CHAKLA,ADAJAN GAMNR.PRIMARY SCHOOL,SURAT,Billwise,P2010,HUL-132638D-D0939,24220201572
L,Shree Ganesh Camesty-D,P2011,Sundry Debtor,Assets,null,Shop No 2,Panas Gav Men Rod,Near Brts Bus Stop Panasgav,Billwise,P2011,HUL-10A176D-P68377,1
L,Jay Mata Di Kirana-D,P2012,Sundry Debtor,Assets,null,Shop No 1,Narayan Skwerr,Near Hiils School Vesu,Billwise,P2012,HUL-10A176D-P68574,1
L,Ambika Supar Stoer-D,P2013,Sundry Debtor,Assets,null,Shop.No 7 Shivshakiti Sos Ner Vidhan Kunj Carcal,Shiv Sakti Sos Ner January Medical,...,Billwise,P2013,HUL-10B234D-P42409,1
L,Ambika Super Store-D,P2014,Sundry Debtor,Assets,null,Shop G5 Mahalaxmi Dream,Near AAGAM Shopping World,Vesu Surat,Billwise,P2014,HUL-10A176D-P68690,1
L,ASHIRWAD GEN. STORE-D-D-D-D-D-D,P2015,Sundry Debtor,Assets,null,7RUTWAN APP.,BHWATER TANKCLASSIC POINT,NA,Billwise,P2015,HUL-132638D-D1014,UNREGISTERED
L,HARIOM PROVISION STORE-D,P2016,Sundry Debtor,Assets,null,SHOP NO 13 PUJA ABHISHEK APP.,RELINCE MEGHA MARKET,VESU,Billwise,P2016,HUL-134996D-P22905,************
L,Jay Ma Sharada Kariyana Stores-D,P2017,Sundry Debtor,Assets,null,1 Up Nagar City Light Surat,1 Up Nagar City Light Surat,1 Up Nagar City Light Surat,Billwise,P2017,HUL-134996D-P13642,****
L,Mangalam Kirana Store-D,P2018,Sundry Debtor,Assets,null,G-05,Indra Dhanush Complex,Adajan Patiya,Billwise,P2018,HUL-10B234D-P42416,NA
L,MAHAVEER SUPER STORE-D-D-D-D-D,P2019,Sundry Debtor,Assets,null,G3/4CORNER POINT,CITY LIGHT,SURAT,Billwise,P2019,HUL-132638D-D0217,UNREGISTERED
L,Mahalaxmi Provision Store-D-D-D-D-D-D,P2020,Sundry Debtor,Assets,null,75 Ghanshyam Nagar Opp.,Palanpur Jakat Naka,Surat,Billwise,P2020,HUL-132638D-D1026,***********
L,Jay Bherunath General Store-D,P2021,Sundry Debtor,Assets,null,Shop No 2 Old G.I.D.C,Nera Mahavir Gen,Fulpada Road,Billwise,P2021,HUL-10B234D-P26345,1
L,Mahavir Corporation-D,P2022,Sundry Debtor,Assets,null,Shop No.2,Mora Tekra,Hazira RoadSurat,Billwise,P2022,HUL-10B234D-P26395,1
L,Apnabazar-D,P2023,Sundry Debtor,Assets,null,Shop 1shiganpur Char Rasta,Kozva Rod,Katargam,Billwise,P2023,HUL-10B234D-P42423,1
L,AMAR KARYANA (RAMNAGER)-D-D-D-D-D-D,P2024,Sundry Debtor,Assets,null,LAHRU NIVASJULELAL MANDIR NI GALI,RAMNAGER GUJ HOUSING,SURAT,Billwise,P2024,HUL-132638D-D0643,24220200131
L,Bhavani Ganral Stor-D,P2025,Sundry Debtor,Assets,null,1 Plot 83,Kuber Park So Ashirvad Medical Ni Gali Ma,Katargam,Billwise,P2025,HUL-10B234D-P26450,1
L,Ghanshyam Kariyana-D,P2026,Sundry Debtor,Assets,null,Shop No.3Sai Nagar Society,Anand Mahal Road,Adajan,Billwise,P2026,HUL-10B234D-P42458,1
L,DEVANSHI STORE-D,P2027,Sundry Debtor,Assets,null,Talav Faliu Iccapore Gam,,N.A.,Billwise,P2027,HUL-10B234D-P26984,1
L,Lucky Genral Store-D,P2028,Sundry Debtor,Assets,null,Shop No.2,Ajmeri Comlex,Cozve Road,Billwise,P2028,HUL-10B234D-P42465,1
L,Padela Super Store-D,P2029,Sundry Debtor,Assets,null,7 Near Hanumantekri Reva Nagar Rander S,Urat Gujarat 395005 India Surat Gujarat,,Billwise,P2029,HUL-10C120D-P21267,394853632704
L,SHREE GANESH KIRNA-D,P2030,Sundry Debtor,Assets,null,REHMAT NAGER,KATRGAM,SURAT,Billwise,P2030,HUL-10B234D-P42472,1
L,Krishna Radhe Kirana Janaral Store-D,P2031,Sundry Debtor,Assets,null,6QJP+VG7 Doctor Park Rd Jalaramnagar Jahangir P Ur,Dahin Nagar Surat Gujarat 395005 India Surat Gujar,,Billwise,P2031,HUL-10C120D-P21316,298071163363
L,LUCKY GENERAL STORE-D,P2032,Sundry Debtor,Assets,null,Near Bhanki Stadium BehinNear Bhanki Stadium Beh I,Hanumantekri Reva Na Gar Rander Surat Gujarat 3950,,Billwise,P2032,HUL-10C120D-P21346,676063895508
L,Jay Sainath Provision Store-D,P2033,Sundry Debtor,Assets,null,82/741 Rander Rd Gujarat Housing Board Ramnagar Pa,Patia Surat Gujarat 395005 India Surat Gujarat,,Billwise,P2033,HUL-10C120D-P21360,957340948753
L,Mataji Supar Store-D,P2034,Sundry Debtor,Assets,null,Fire Brigade Road Mahadev Medical Ni,Baju Ma Vesu Surat Surat Gujarat,,Billwise,P2034,HUL-10C120D-P21378,AGYPF9299G
L,Shiv Genral Store-D,P2035,Sundry Debtor,Assets,null,6QMQ+457 Jahangir Pura Surat Gujarat,395005 In Dia Surat Gujarat,,Billwise,P2035,HUL-10C120D-P21385,AOHPP4595A
L,Ramdav Super Stores-D,P2036,Sundry Debtor,Assets,null,Slganpurgam Near Sidsvar Mahadev Mander,Near Police Choki Surat Gujarat,,Billwise,P2036,HUL-10C120D-P21392,462960328953
L,BISMILLAH SUPER STORE-D,P2037,Sundry Debtor,Assets,null,Shop No 3-Faiz Complex Ajmeri,Char Rasta Surat Surat Gujarat,,Billwise,P2037,HUL-10C120D-P21443,892950583381
L,Mahavir Store Kawas-D,P2038,Sundry Debtor,Assets,null,Patel Maholla,Shiv Mandir,Kawas,Billwise,P2038,HUL-10B234D-P27402,1
L,Shree Devnarayana Kirana-D,P2039,Sundry Debtor,Assets,null,H5 Building No 373,Amroli Avas,Surat,Billwise,P2039,HUL-10B234D-P43632,1
L,Balaji SUPER Store-D,P2040,Sundry Debtor,Assets,null,Shop 2 Sagar Sankul Apt,Palanpur Canal Road,,Billwise,P2040,HUL-10B234D-P45018,NA
L,NIRMAL KIRANA STORE-D,P2041,Sundry Debtor,Assets,null,PRABHU NAGAR NEAR AKSHAR DAIRY,TAPI NAGAR GET KE PAAS,KATARGAM,Billwise,P2041,HUL-10A225D-P63485,1
L,SHIV GENRAL  STORE -D-D-D-D-D-D-D-D-D,P2042,Sundry Debtor,Assets,null,ANJANI HIGHTES,NEAR UMIYA KRIYANA,JANGIPURA,Billwise,P2042,HUL-132967P0391,0
L,Silver PRO Store-D,P2043,Sundry Debtor,Assets,null,Sai Sartha Smc Aavas Bilding 11 Croma,Center Behind Adajan Gam Surat Surat Gujarat,,Billwise,P2043,HUL-10B812D-P25030,931439423428
L,Aai Mata Store-D,P2044,Sundry Debtor,Assets,null,59 Dhruvtarak Society Gate No 3 Katargam,Surat Guj Arat 395004 India Surat Gujarat,,Billwise,P2044,HUL-10B812D-P27437,464534237286
L,Lakshmi Kirana Store-D,P2045,Sundry Debtor,Assets,null,Motikunj App Satyam Nagar Society,Kozway Road Surat Gujarat,,Billwise,P2045,HUL-10B812D-P27444,534795594458
L,Jay Maa Chamunda Kirana-D,P2046,Sundry Debtor,Assets,null,Adajan Prashant Nagar Palanpur Jak Atnaka,Surat Gujarat 395009 India Surat Gujarat,,Billwise,P2046,HUL-10B812D-P27472,CBUPK6579F
L,Shivam kariyana-D,P2047,Sundry Debtor,Assets,null,A 7 Isvarnagar soc,chandan gas office,shinganpor,Billwise,P2047,HUL-10B234D-P42570,1
L,Janki Plastic-D,P2048,Sundry Debtor,Assets,null,Shop No 3 Yoginagar Akhand Anand Society Yojna P,Ark Society Dabholi Surat Gujarat 395004 India Sur,,Billwise,P2048,HUL-10B812D-P27549,BXRPR8212C
L,DEV KRUPA PROVISION STORES-D,P2049,Sundry Debtor,Assets,null,3 Ratnamani Doc LP Savani Rd TGB Adajan Gam,Ad Ajan Surat Gujarat 395009 India Surat Gujarat,,Billwise,P2049,HUL-10B812D-P27570,830393629265
L,S. K Kirana-D,P2050,Sundry Debtor,Assets,null,Shop No1 Bhaychand Nagar,Madhav Anand Aashram,Katargam Surat,Billwise,P2050,HUL-10B234D-P42584,1
L,Rudraksh-D,P2051,Sundry Debtor,Assets,null,8 LP Savani Rd Adajan Gam Adajan,Surat Gujara T 395009 India Surat Gujarat,,Billwise,P2051,HUL-10B812D-P27591,BBKPN7057C
L,Shree Devnarayan Pro. Store-D,P2052,Sundry Debtor,Assets,null,6VM2+X77 Vijay Nagar Amroli Surat Gujarat,3941 07 India Surat Surat Gujarat,,Billwise,P2052,HUL-10B812D-P27605,213350958150
L,Yash Super Store-D,P2053,Sundry Debtor,Assets,null,UF-10 Silver Plaza Complex Rander Rd Opp. Vijay Da,Mahavinagar Society P Alanpur Patia Surat Gujarat,,Billwise,P2053,HUL-10B812D-P27675,543654660620
L,Sai Villa Super Store-D,P2054,Sundry Debtor,Assets,null,60 Next To Janki Residency,Canel Road,Jahangirabad Surat,Billwise,P2054,HUL-10B234D-P27015,1
L,KANAIYA DAIRY &amp; PROVISION STORE-D,P2055,Sundry Debtor,Assets,null,PLOT NO 204 KESHAVPARK SOCIETY,PANDOL VED ROAD Surat Gujarat,,Billwise,P2055,HUL-10B812D-P27703,652797353114
L,Shiv Sakti Store-D,P2056,Sundry Debtor,Assets,null,G-6 SHANTI COMPLEX NEAR NAVYUG COLLEGE Rander Rd B,Navyug Society Sangana Society Adajan Surat Gujara,,Billwise,P2056,HUL-10B812D-P27731,AVNPP6177B
L,Aakash Mart-D,P2057,Sundry Debtor,Assets,null,49 Raghuvir Sos Cross Road,Amroli Surat Surat Gujarat,,Billwise,P2057,HUL-10B812D-P27759,228768094738
L,Maa Meldi Genral Store-D,P2058,Sundry Debtor,Assets,null,Vrundavan Soc Gate No 2Mahadev Nagar Jakatnaka,Surat Gujarat 395009 India Surat Gujarat,,Billwise,P2058,HUL-10B812D-P27780,CVZPP0275J
L,JAINAM KIRANA STORE-D,P2059,Sundry Debtor,Assets,null,Shakti Niketan Mandir Jai Ambe Society Adajan,S Surat Gujarat 395009 India Surat Gujarat,,Billwise,P2059,HUL-10B812D-P27787,327405461604
L,Om Traders-D,P2060,Sundry Debtor,Assets,null,A-2 Amroli - Kosad Rd Abhishek Twp Amroli Sura,T Gujarat 394107 India Amroli Char Bhuja Surat Gu,,Billwise,P2060,HUL-10B812D-P27808,GANPM6358A
L,SAI RAM GENERAL STORE-D,P2061,Sundry Debtor,Assets,null,7Q7M+M45 Near Old Gram Panchayat Saroli,Gujarat 394520 India Saroli Gujarat,,Billwise,P2061,HUL-10B812D-P27836,ISTPS1681A
L,ARNAV SUPER STORE-D,P2062,Sundry Debtor,Assets,null,G-6 Atlanta Shopping Mall Althan Chokadi Apcha,Nagar Surat Gujarat 395017 India Surat Gujarat,,Billwise,P2062,HUL-10B812D-P27850,861842401405
L,Asha Provision-D,P2063,Sundry Debtor,Assets,null,81 Shyam Sundar Society Vishwakarma Society Ram Na,Nagar Surat Gujarat 395005 India 05 India Surat Gu,,Billwise,P2063,HUL-10B812D-P27857,ADQPL0745A
L,PRAM GENERAL  STORE-D,P2064,Sundry Debtor,Assets,null,33 Laxminarayan Society-2 Laxminarayan Society-1,Dabholi Surat Gujarat 395004 India,NER LAXMI MART,Billwise,P2064,HUL-10B812D-P27871,10719031001562
L,Attri Liquid Soap-D,P2065,Sundry Debtor,Assets,null,6RH9+P78 Maheta Nagar Society Mehta Nagar Singa,Npor Surat Gujarat 395004 India Surat Gujarat,,Billwise,P2065,HUL-10B812D-P27878,497566517547
L,Parth Grocery Store-D,P2066,Sundry Debtor,Assets,null,61 Mahavir Dham-1 Amroli Surat Gujarat 394107,India Rajvadi Parti Plots Amroli Surat Gujarat,,Billwise,P2066,HUL-10B812D-P27899,737394002465
L,Varudi Pan-D,P2067,Sundry Debtor,Assets,null,6RC9+XXH Tribhuvan Nagar Singanpor Surat Gujar,Nr Radhika Bakery Singapore Surat Gujarat,,Billwise,P2067,HUL-10B812D-P27920,719885996238
L,Saikrupa Ice Cream &amp;Provision  Store-D,P2068,Sundry Debtor,Assets,null,7Q7H+3QR Olpad Rd Opposite Sai Temple Saroli,G Ujarat 395005 India Saroli Gujarat,,Billwise,P2068,HUL-10B812D-P27927,BONPP1495N
L,Vinayak Janral Store-D,P2069,Sundry Debtor,Assets,null,7Q7M+M45 Near Old Gram Panchayat Saroli,Gujarat 394520 India Saroli Gujarat,,Billwise,P2069,HUL-10B812D-P27934,377285274033
L,Shree Sindhvay Kariyana-D,P2070,Sundry Debtor,Assets,null,Singapore Road,Ved Road,Singapore Road,Billwise,P2070,HUL-10B234D-P42682,1
L,SH LAXMI PROVISION STORES-D,P2071,Sundry Debtor,Assets,null,Surat 6Q8P+PR5 Ambika Nagar Society Vishwakarma So,Nagar Surat Gujarat 395 005 India Surat Gujarat,,Billwise,P2071,HUL-10B812D-P27984,BFOPP6286F
L,Divya Sabu-D,P2072,Sundry Debtor,Assets,null,1 Parvati Nagar Parvati Nagar-2 Katargam,Surat Gujarat 395004 India Surat Gujarat,,Billwise,P2072,HUL-10B812D-P27998,CAVPV4145E
L,Sahyog Provision Store-D,P2073,Sundry Debtor,Assets,null,B4 Sahyog Apprtment Palanpur Jakatnaka Mahadev Na,Adajan Surat Gujarat 395009 India Surat Gujarat,,Billwise,P2073,HUL-10B812D-P28040,909202091752
L,Shree Bherunath Kariyana Store-D,P2074,Sundry Debtor,Assets,null,Shop No 8 Soham Prid Nr.Shiv Digja,Pal Gourav Path Road Surat Gujarat,,Billwise,P2074,HUL-10B812D-P28047,382195787066
L,Shri Krishna Dairy &amp; Provision Store,P2075,Sundry Debtor,Assets,null,Shop No B G3 Bilvam Height,Opp.Monarch Pharmacy Pal Adajan Surat Gujarat,,Billwise,P2075,HUL-10B812D-P28068,514833121519
L,RAJESH PROVISION STORE-D,P2076,Sundry Debtor,Assets,null,6 Sandhyavandan Soceity Palanpur,Jakatnaka Surat Surat Gujarat,,Billwise,P2076,HUL-10B812D-P28089,550459205179
L,SHREE SHYAM KIRYANA-D,P2077,Sundry Debtor,Assets,null,47 Hazira Rd Krishna Nagar Society Ichchhapor,Hazira Gujarat 394510 India Hazira Gujarat,,Billwise,P2077,HUL-10B812D-P28096,280307079101
L,Shiv Shakti Store-D,P2078,Sundry Debtor,Assets,null,Shop No 20 Om Nager Soci,Opp.Smart Bazar Pal Surat Gujarat,,Billwise,P2078,HUL-10B812D-P28110,470681491931
L,Kaklotar Super Store-D,P2079,Sundry Debtor,Assets,null,B4 Shivlok Soc Nilkanth School Katargam,Surat Gujarat 395004 India Surat Gujarat,,Billwise,P2079,HUL-10B812D-P28117,FHRPK3677N
L,NEELKANTH TRADERS-D,P2080,Sundry Debtor,Assets,null,G11oG11orchid Blossom Opp Shavion Shopping Center,Gourav Path Road Surat. Surat Gujarat,,Billwise,P2080,HUL-10B812D-P28124,465968823587
L,OM SAI KIRANA STORES-D,P2081,Sundry Debtor,Assets,null,6RC9+857 Ved Rd Trilok Society Tribhuvan Nagar,Singanpor Surat Gujarat 395004 India Surat Gujarat,,Billwise,P2081,HUL-10B812D-P28138,970908257767
L,AAIJI SUPER STORE-D,P2082,Sundry Debtor,Assets,null,Singanpore Vegetable Market Radhe Shyam Society Si,Surat Gujarat 395004 India Surat Gujarat,,Billwise,P2082,HUL-10B812D-P28145,BOWPM2524N
L,RAMDEV DARSHAN-D,P2083,Sundry Debtor,Assets,null,Bhagvan Nagar Bi Baju MA Santosi Krupa Society,Vishal Nagar Surat Gujarat 395004 India Surat Guja,,Billwise,P2083,HUL-10B812D-P28159,254144425618
L,GAYATRI PROVISION STORE-D,P2084,Sundry Debtor,Assets,null,1 Jay Ambe Rd Jay Ambe Society Adajan Patiya S,Surat Gujarat 395009 India,,Billwise,P2084,HUL-10B812D-P28166,927930774473
L,Sonal Kariyana Store-D,P2085,Sundry Debtor,Assets,null,304 Kanjinagar Motived Gurukul Road Surat,Gujarat 395004 India Surat Gujarat,,Billwise,P2085,HUL-10B812D-P28180,520564397599
L,Brahmani Store-D,P2086,Sundry Debtor,Assets,null,5 Vaishnodevi Rd Canal Road Jahangir Pura Dahi,N Nagar Surat Gujarat 395005 India Surat Gujarat,,Billwise,P2086,HUL-10B812D-P28194,NZAPS7737G
L,Jay Mahakali Super Store-D,P2087,Sundry Debtor,Assets,null,3 4 Viram Nagar Ved Road Surat,Gujar At 395004 India Surat Gujarat,,Billwise,P2087,HUL-10B812D-P28271,485622352652
L,Shree Devnarayan General-D,P2088,Sundry Debtor,Assets,null,Block No 85,GHB Palanpur Patiya,Nr.Shubhash Yelor,Billwise,P2088,HUL-10B234D-P42731,1
L,PATEL DAIRY&amp; KIRANA STORE-D,P2089,Sundry Debtor,Assets,null,14 D M Park Society Katargam Surat Gujarat,395 004 India NEAR MARUTI MEDICAL Surat Gujarat,,Billwise,P2089,HUL-10B812D-P28299,26825
L,Patel Kirana-D,P2090,Sundry Debtor,Assets,null,774 Prashant Nagar Jahangirabad Sima Nagar Sur,At Gujarat 395005 India Surat Gujarat,,Billwise,P2090,HUL-10B812D-P28313,527975391172
L,Purab Kirana-D,P2091,Sundry Debtor,Assets,null,201 Ved Rd Trilok Society Anand Park Society,S Inganpor Surat Gujarat 395004 India Surat Gujara,,Billwise,P2091,HUL-10B812D-P28320,ARBPC4134B
L,RAJARAAM PROVISION STORE-D,P2092,Sundry Debtor,Assets,null,70 Near Kantareshwar Temple Subhash Nagar Subha Sh,Society Katargam Surat Gujarat 395004 SHREEJI MEDI,,Billwise,P2092,HUL-10B812D-P28334,954149696963
L,Pakiza General Store-D,P2093,Sundry Debtor,Assets,null,7 Singanpor Rd Ishwar Nagar Society Vishal Naga,R Surat Gujarat 395004 India Surat Gujarat,,Billwise,P2093,HUL-10B812D-P28348,729514489860
L,Welcome Store-D,P2094,Sundry Debtor,Assets,null,Amrin Park,Rander,Rander Road,Billwise,P2094,HUL-10B234D-P42766,1
L,Maa Amba Kirana-D,P2095,Sundry Debtor,Assets,null,B N 292 Sop No 1b,H4 Avas,Amroli,Billwise,P2095,HUL-10A225D-P69046,1
L,Partick Enterprises-D,P2096,Sundry Debtor,Assets,null,Shop No.3,Virbhdhra Avnu,Green City,Billwise,P2096,HUL-10B234D-P19309,1
L,Mahalaxmi Provision-D,P2097,Sundry Debtor,Assets,null,Jagirabad Dandi Road,Opp.Ambaji Temlpe,JagirpuraSurat,Billwise,P2097,HUL-10B234D-P20289,1
L,Ashapura Kirana &amp; Ganral Store-D,P2098,Sundry Debtor,Assets,null,Shop No 105 Panchvati Socity Sitaram Chok Shaak Ma,Same,Same,Billwise,P2098,HUL-10A225D-P63068,1
L,TAVKKALENTERPRISE-D-D-D-D-D-D-D,P2099,Sundry Debtor,Assets,null,1-ASHIYANAPP.(AASHIYANADAIRY),ADAJANPATIYAAASHIYANAAPTNISHANTHSOC,SURAT,Billwise,P2099,HUL-132638D-D0041,UNREGISTERED
L,Aurum Mart-D,P2100,Sundry Debtor,Assets,null,106-Shiven Arise Near Madhav Elegance Behind Ros,Jahangir Pura Surat Gujarat 395005 In Dia Surat G,,Billwise,P2100,HUL-10C120D-P22714,AXBPN3896K
L,Akshar Pursotam  Ganral Stor-D,P2101,Sundry Debtor,Assets,null,32-33 Amroli Surat Gujarat,394105 India Surat Gujarat,,Billwise,P2101,HUL-10C120D-P22733,347614343622
L,Berunath Kirana Stor-D,P2102,Sundry Debtor,Assets,null,6RXW+W7G Amroli Surat Gujarat,394107 India Surat Gujarat,,Billwise,P2102,HUL-10C120D-P22740,564562788730
L,Raj Laxmi Foam Rubber Supply-D,P2103,Sundry Debtor,Assets,null,G 13 Raj Corner L P,Savani Road Surat Surat Gujarat,,Billwise,P2103,HUL-10C120D-P22749,811040086581
L,Prince Super Store-D,P2104,Sundry Debtor,Assets,null,Werribee Apartment Ni Same Near Sabnam Kirana,Stor Hangman Tekari Rander Surat Gujarat,,Billwise,P2104,HUL-10C120D-P22762,725202107630
L,DEV KRUPA PROVISION-D,P2105,Sundry Debtor,Assets,yatingodiwala55@gmail.com,4 DEEP DARSAN APP,NR MAHALAXMI TEMPLE,ANADMAHAL ROAD,Billwise,P2105,HUL-10A225D-P63201,1
L,Shree Devnarayan Kirana Store-D,P2106,Sundry Debtor,Assets,null,89 Janta Nagar Gahera School,Ke Pass Katargan Surat Gujarat,,Billwise,P2106,HUL-10C120D-P22849,NA
L,AKHAND GRUH UDYOG,P2107,Sundry Debtor,Assets,null,Shop 4 Near Bhagwati Bakery Krushnjivan Society Ra,Society Singanpor Surat Gujarat 395004 India Surat,,Billwise,P2107,HUL-10C120D-P22873,504459134738
L,SHIVSHAKTI KARIYANA-D,P2108,Sundry Debtor,Assets,null,1 Paras Society Katargam Surat,Gujarat 395004 India Surat Gujarat,,Billwise,P2108,HUL-10C120D-P22905,845149021357
L,Mumbai Mart-D,P2109,Sundry Debtor,Assets,null,G11 Aanand Awenew Nr Balaji Chemist,Bhesan Road Palanpur Surat Surat Gujarat,,Billwise,P2109,HUL-10C120D-P22919,NA
L,Kuldevi Provigen Stores-D,P2110,Sundry Debtor,Assets,null,Sarthak Residency  Charbuja Trades  Ni Bajuma,Palanpur Jakatnaka Road,,Billwise,P2110,HUL-10C120D-P22926,NA
L,Shree Aaimata Super Store-D,P2111,Sundry Debtor,Assets,null,Sh 9Anmol Heights Opp Shangrila Heights Utran,Utran,Utran Bridge Niche,Billwise,P2111,HUL-10B234D-P42836,1
L,AASHAPURA PATANJALI STORE-D,P2112,Sundry Debtor,Assets,null,M 37 JAYRAJ SOCIETY OPP VASUPUJYA,NR VASUPUJYA SOCIETY,ICHHAPORE,Billwise,P2112,HUL-10B234D-P26577,1
L,BHARAT KIRANA-D,P2113,Sundry Debtor,Assets,null,AMBATALAVWDI ROAD,OM PARK SOS,KATARGAM,Billwise,P2113,HUL-10A225D-P63073,1
L,Gosiya Kariyana-D,P2114,Sundry Debtor,Assets,null,C 17 Riwarviw Sosayti,Fulwadi Rod,Bharimata Road,Billwise,P2114,HUL-10B234D-P42843,1
L,aaftab kirana  2-D,P2115,Sundry Debtor,Assets,null,riwarvwiy  sosayti,5 no.  gali fulwadi,bharimata rod,Billwise,P2115,HUL-10B234D-P42850,1
L,K.G.N BLICHING DEPO-D,P2116,Sundry Debtor,Assets,null,Adajanpatiya,Adajanpatiya,Adajanpatiya,Billwise,P2116,HUL-10B234D-P27146,1
L,DIPAK SUPER STOR-D,P2117,Sundry Debtor,Assets,null,Soap No 1 Shiva Park So.Opp Surat Distrik Bank,Opp Dhi Surat  Distrik Bank,Soap No 1 Shiva Park So.Opp Surat Distrik Bank,Billwise,P2117,HUL-10A225D-P63242,1
L,Bhagvati Kariyana-D,P2118,Sundry Debtor,Assets,null,Vadinath Chowk,Vihar Soc,Near Mahadev Temple,Billwise,P2118,HUL-10B234D-P42864,1
L,Shah shantilal chhogalal-D,P2119,Sundry Debtor,Assets,null,chhaprabhata main road,mangal stores ni baju ma,chhaprabhatha,Billwise,P2119,HUL-10B234D-P42878,1
L,UMA DAIRY AND KARIYANA-D,P2120,Sundry Debtor,Assets,null,Shop No 11 Parth Complex,Nr Gokul Bakery Singanpor Road,Katargam Surat,Billwise,P2120,HUL-10B234D-P42885,1
L,Shree Pansuria Dairy&amp; Pro. Store-D,P2121,Sundry Debtor,Assets,null,Shop No 4 Gopinath Vibhag 3 Magan Nagar 2 Bapa Si,Katargam,Surat,Billwise,P2121,HUL-10A225D-P63078,1
L,SHREE KIRANA STORE-D,P2122,Sundry Debtor,Assets,null,RJD TEXTILE PARK GATE NO 2,Ichhapore,Surat,Billwise,P2122,HUL-10B234D-P42913,1
L,RAKHI KIRANA-D,P2123,Sundry Debtor,Assets,null,RJD TEXTILE PARK,GATE NO. 5,ICHHAPORE,Billwise,P2123,HUL-10B234D-P42920,1
L,MADHAV GENERAL STORE-D,P2124,Sundry Debtor,Assets,null,Shop No 4 Rajdeep Complex,Singapore  Char Rasta Ved Road,Katargam Surat,Billwise,P2124,HUL-10B234D-P42927,1
L,GURU KRUPA STORE-D,P2125,Sundry Debtor,Assets,null,Aabaa Gaam Near Bus Stop,Behind Pritam Kariyana,Vesu,Billwise,P2125,HUL-10B234D-P42934,1
L,GANESH KIRANA-D,P2126,Sundry Debtor,Assets,null,RJD TEXTILE PARK,GATE NO 5,ICHHAPORE,Billwise,P2126,HUL-10B234D-P42948,1
L,Balaji Super-D,P2127,Sundry Debtor,Assets,null,Shop 3 Chitrakaunt Soc,Haridasan Khado,Shinganpur Road Surat,Billwise,P2127,HUL-10B234D-P42955,1
L,Maa Ardhna Store-D,P2128,Sundry Debtor,Assets,null,Amba Talwadi Road,Near Radhe Medical Store,Katargam,Billwise,P2128,HUL-10A225D-P63099,1
L,Vinayak Super Store-D,P2129,Sundry Debtor,Assets,null,Shop 6 Hans Residency,Navo Mohlo Panchvati Society,Singanpor Roar Katargam Suart,Billwise,P2129,HUL-10B234D-P42990,1
L,DHAN SHYAM TRADERS-D,P2130,Sundry Debtor,Assets,null,Shop No 1 Shree Nathji Complex Shree Ram Society,Opp Manish Shak Market,Dabholi Road Surat,Billwise,P2130,HUL-10B234D-P42997,1
L,Khodiyar Kariyana Store-D,P2131,Sundry Debtor,Assets,null,Shop 3 Hans Residency,Opp Panchvati Society,Navo Mohllo Singnpor Road Katargam Surat,Billwise,P2131,HUL-10B234D-P43032,1
L,Shree Hari Kirana-D,P2132,Sundry Debtor,Assets,null,2 Bhagunagar1 Soc,Singanpoor,Surat,Billwise,P2132,HUL-10B234D-P43109,1
L,Vinayak Store-D,P2133,Sundry Debtor,Assets,null,Shop No 2 Puspa Anjali App,Near Raj Vaibhav Smc Comisnar Bangla,Ni Gali Parle Point,Billwise,P2133,HUL-10B234D-P43130,1
L,Maa Nagneshi Super Store-D,P2134,Sundry Debtor,Assets,null,Satyam Nagar,Agrawal Mobile Ke Baju Me,Chandan Ges,Billwise,P2134,HUL-10A225D-P63104,1
L,Khodal Oil Sugar-D,P2135,Sundry Debtor,Assets,null,ChikuWadi,Ved Road,Katargam,Billwise,P2135,HUL-10B234D-P43144,1
L,VISION GROUP INDIA-D,P2136,Sundry Debtor,Assets,null,184Bihari Patel,River Park Singanpore Road,Surat,Billwise,P2136,HUL-10B234D-P42164,1
L,Mateshwari Kirana Store-D,P2137,Sundry Debtor,Assets,null,S.M.C Qouter,Somchintamani App.,NewPalroad,Billwise,P2137,HUL-10B234D-P43158,1
L,Shree Ramdev Kirana-D,P2138,Sundry Debtor,Assets,null,S.M.C. Qouters,Somchintamani App.,New Pal Road,Billwise,P2138,HUL-10B234D-P43165,1
L,Laxmi Kirana Store-D,P2139,Sundry Debtor,Assets,null,Satyam Nagar,Agrawal Mobile Ke Baju Me,Kozwey Road,Billwise,P2139,HUL-10A225D-P63109,1
L,Shree Dev Super Stors-D,P2140,Sundry Debtor,Assets,null,Shop No.3,Sgini Svraj,Visnodevi Road,Billwise,P2140,HUL-10B234D-P43242,1
L,Patel Janral-D,P2141,Sundry Debtor,Assets,null,Shop.A36,Saroli Jakatnaka,Rajdeep Same Patel Nagar,Billwise,P2141,HUL-10B234D-P43263,1
L,Saiyed N Sons-D,P2142,Sundry Debtor,Assets,null,Sultinya Gymkhana,New Rander Road,Opp Gulzar Avanu,Billwise,P2142,HUL-10B234D-P43284,1
L,JANTA STORES-D-D-D-D,P2143,Sundry Debtor,Assets,null,PANCH HATDI,NEAR SURAT DIST CORP BANK,RANDER,Billwise,P2143,HUL-134083D-P9910,NA
L,Rizwan Kariyana Store-D,P2144,Sundry Debtor,Assets,null,13B Nana Bazar Kasaiwad Masjid,Kasaiwad Masjid,Nana Bazar,Billwise,P2144,HUL-10B234D-P43298,1
L,MAHALAXMI PROVISION STORE-D,P2145,Sundry Debtor,Assets,null,SMC TENAMENTSHREEJI NAGRIUGAT ROAD,1,2,Billwise,P2145,HUL-10B234D-P43312,1
L,Vijay Egg Center-D,P2146,Sundry Debtor,Assets,null,Shope-3 Krishna Complex,Opp. Gov Cotours Ram Nagar,Rander Road,Billwise,P2146,HUL-10B234D-P43354,NA
L,JAY AASHAPURI PROVISION STORE-D,P2147,Sundry Debtor,Assets,null,ICHHAPUR STOCK NO 2,GAM PANCHAYAT,GEAT NO 2,Billwise,P2147,HUL-10A225D-P63360,1
L,Gajanand Kirana-D,P2148,Sundry Debtor,Assets,null,106 Ptabhu Nager,Ne.Patel Samaj  Ni Vadi,Katargam,Billwise,P2148,HUL-10B234D-P43368,1
L,Sai Shree Ram  Stan.&amp;Genral StoreTt-P-D-D-D,P2149,Sundry Debtor,Assets,null,368 KRISHANA NAGAR ICCHAPUR,,SURAT,Billwise,P2149,HUL-133172D-P8727,*********
L,Om Namah Super Store-D,P2150,Sundry Debtor,Assets,null,Shop 89 Adarsh Pachat Warg,Near Sai Kurpa Chemist,Sai Auto Gareg,Billwise,P2150,HUL-10B234D-P43410,1
L,Sirvi Super Store-D,P2151,Sundry Debtor,Assets,null,193Laxminagar,Suman High School Ni Same,Singapore Roads,Billwise,P2151,HUL-10B234D-P43432,1
L,Ganesh Super Store-D,P2152,Sundry Debtor,Assets,null,5Santoshi Nagar,Aamba Talavadi,Lalita Chowkadi Road,Billwise,P2152,HUL-10B234D-P43439,1
L,NILAM KARIYANA STORE-D,P2153,Sundry Debtor,Assets,null,DHARM BHAKTI APP,MOTI FARI,ICHHA PURE 2,Billwise,P2153,HUL-10A225D-P63370,1
L,Laxmi Narayan Provition-D,P2154,Sundry Debtor,Assets,null,41 Krishna Park,Oppo Gaytri Nagar Near Power House,Utran,Billwise,P2154,HUL-10B234D-P43488,1
L,Bherunath Provition &amp; Dery-D,P2155,Sundry Debtor,Assets,null,91 Krishna Park,Oppo Gaytri Socity Near Power Hosue,Utran,Billwise,P2155,HUL-10B234D-P43495,1
L,Abhinandan Tobacco-D,P2156,Sundry Debtor,Assets,null,Shop No 8 Mangalam Residency,Oppo Govermnet School,Utran,Billwise,P2156,HUL-10B234D-P43502,1
L,SHREE LAXMI KIRANA-D,P2157,Sundry Debtor,Assets,singsandip912@gmail.com,96 TRIVENI SOC,OPP SHREE MAHAKALESHWAR KIRANA NI,SAME NI GALI MA AKHAND AANAD COLLEGE KATARGAM,Billwise,P2157,HUL-10B234D-P27298,1
L,Mhalaxmi Provision-D,P2158,Sundry Debtor,Assets,dabupatel1990@gmail.com,Shop No 5 Ridhem Recidency,Oppo Railway Station,Utran,Billwise,P2158,HUL-10B234D-P43509,1
L,RAM TRADERS-D,P2159,Sundry Debtor,Assets,null,7 Sima Nagar,Mashal Circal,Palnpor Patiya,Billwise,P2159,HUL-10A225D-P63376,1
L,Jay Ambe Pan &amp; Provition-D,P2160,Sundry Debtor,Assets,null,Shop No 22 Ridham Recidency,Oppo Uttran Railway Station,Uttran,Billwise,P2160,HUL-10B234D-P43516,1
L,Devnarayan Kirana-D,P2161,Sundry Debtor,Assets,null,279 Amroli Awas,Amroli,Surat,Billwise,P2161,HUL-10B234D-P43639,1
L,Mateshwari Pro-D,P2162,Sundry Debtor,Assets,null,Santtukaram V 6,Santtukaram,Palanpur Jakatnaka,Billwise,P2162,HUL-10B234D-P43660,1
L,shree vinayak provision stores-D,P2163,Sundry Debtor,Assets,null,shop no 11 bhumi complex,honey Park road,surat,Billwise,P2163,HUL-10B234D-P43667,1
L,MARUTI GENERAL STORE-D,P2164,Sundry Debtor,Assets,null,PURSOTAM NAGR SO OPP RUXMANI SO,KATARGAM MR DOKALA KI GALI,MHILA MANDIR KE PASS SITARAM COOK,Billwise,P2164,HUL-10B234D-P43702,1
L,Khothari General  Store-D,P2165,Sundry Debtor,Assets,null,Dari Dariya,Aluu Puri Ambika Kirana,Katargam,Billwise,P2165,HUL-10A225D-P63144,1
L,DHANLAXMI SABU-D,P2166,Sundry Debtor,Assets,null,Kinshasa kunj so.,palanpur,opp jay jalaram dairy,Billwise,P2166,HUL-10B234D-P43807,1
L,Shree Ambe Provision Store-D,P2167,Sundry Debtor,Assets,null,Shop No 8 Suda Awas,Shakti Vijay Sosacity,Piplod,Billwise,P2167,HUL-10B234D-P43905,1
L,MATESHWARI TRADING &amp; GEN.STORE-D-D-D-P-D-D,P2168,Sundry Debtor,Assets,null,5/6 SARTHI COMPLEX,B/SGANGESWAR MAHADEV,ADAJAN ROAD SURAT,Billwise,P2168,HUL-134083D-P10445,NA
L,SABNAM KIRANA-D,P2169,Sundry Debtor,Assets,null,1 Prispark Soci Bajuma,Hanuman Tekri,Janhgripura,Billwise,P2169,HUL-10B234D-P43933,1
L,KRISHNA GENRAL STORE-D,P2170,Sundry Debtor,Assets,null,5 Anand Villa,Veer Savrkar Ke Bajune,Jahngirpura Ughat Road,Billwise,P2170,HUL-10B234D-P43954,1
L,Malam Kariyana-D,P2171,Sundry Debtor,Assets,null,Malamwad Street,Malamwad Masjid,Near Anjum Library,Billwise,P2171,HUL-10B234D-P44010,1
L,Damji Store-D,P2172,Sundry Debtor,Assets,null,Al Nasir Apartment,Khangah Street,Khangah,Billwise,P2172,HUL-10B234D-P44017,1
L,Marhaba Kirana-D,P2173,Sundry Debtor,Assets,null,Shop No 3 Fatema Malam Apartment Nana Bazaar,Nana Bazar,Nana Bazar Rander,Billwise,P2173,HUL-10B234D-P44052,1
L,Shree bherunath kariyana-D,P2174,Sundry Debtor,Assets,null,6 B hadpitwas gam piplod,hadpitwas gaam,piplod,Billwise,P2174,HUL-10B234D-P44080,1
L,OM PROVISION JANARL STORE-D,P2175,Sundry Debtor,Assets,null,Mangal Deep App Palan Pur ROAD Behind Jakat Naka,Adajan Jakat Naka Surat,Mangal Deep App PALANPUR ROAD Behind Jakat Naka,Billwise,P2175,HUL-10B234D-P27331,1
L,Hitesh Super Store-D,P2176,Sundry Debtor,Assets,null,68 Bhagunagar Socity Near Bank Of Baroda Ved Roadm,Same,Same,Billwise,P2176,HUL-10A225D-P63180,1
L,GAYATI GENERAL STORE-D,P2177,Sundry Debtor,Assets,null,67 NIRMAL NAGAR,JAIN DERASAR NI PACHAR,AMROLI,Billwise,P2177,HUL-10B234D-P44115,1
L,VARDMAN GENERAL STORE-D,P2178,Sundry Debtor,Assets,null,82 3 RANGLAXMI SOC,MANSAROVAR CIRCLE,AMROLI,Billwise,P2178,HUL-10B234D-P44122,1
L,JAI YOGESHWAR GENERAL STORE-D,P2179,Sundry Debtor,Assets,null,3 RANGLAXMI SOC,RAMJI MANDIR,AMROLI,Billwise,P2179,HUL-10B234D-P44129,1
L,Noni Gopal Kariyana-D,P2180,Sundry Debtor,Assets,null,Vijay Nagar 2,Ved Road,Prabhu kirana,Billwise,P2180,HUL-10B234D-P44157,1
L,MAHALAXMI GENERAL STORE-D,P2181,Sundry Debtor,Assets,null,14SURYANJALI RESIDENCY,CROSS ROADOPP KHETLAJI,KARIYANA  AMROLI,Billwise,P2181,HUL-10B234D-P26637,1
L,Maheta Kariyana-D,P2182,Sundry Debtor,Assets,null,Vijay Nagar 2,Ved Road,Prabhu Kirana,Billwise,P2182,HUL-10B234D-P44164,1
L,JAY JALRAM KIRNA-D,P2183,Sundry Debtor,Assets,null,SUMUL DAIRY,FULPADA ROAD,Surat,Billwise,P2183,HUL-10B234D-P44185,1
L,JAYESHSTORES(SVS-4)-D-D-D-D-D-D-D,P2184,Sundry Debtor,Assets,null,21PALANPURPATIACHARRASTA,NR.BUSSTAND,2762274,Billwise,P2184,GJ39500961096,UNREGISTERED
L,GULAB KIRANA-D,P2185,Sundry Debtor,Assets,null,JIDC KATRGAM,KATRGAM,SURAT,Billwise,P2185,HUL-10B234D-P44192,1
L,Umiya General Store-D,P2186,Sundry Debtor,Assets,null,Near Relian Water Tank,Oppo Gov. School,Mora Tekra,Billwise,P2186,HUL-10B234D-P27351,1
L,RAJARAM KIRANA-D,P2187,Sundry Debtor,Assets,null,3PRIZAM APT,NEARPETROL PUP,AMROLISURAT,Billwise,P2187,HUL-10A225D-P62706,1
L,SHREE SAI VAISNVI STOR-D,P2188,Sundry Debtor,Assets,null,SOAP NO.2 KRISHNA NAGAR ICCHAPUR,Bus Stop 3 Icchapur Surat,Op Jai Ambe Pro.Stor,Billwise,P2188,HUL-10A225D-P63682,1
L,Vedant Store-D,P2189,Sundry Debtor,Assets,null,B 2 1 Smc Quaters,Near Madhuvan Circle,Adajan Gam,Billwise,P2189,HUL-10B234D-P44318,1
L,Bherunath Kirana Store-D,P2190,Sundry Debtor,Assets,null,Madhav Vash,Near Indian Petrol Pump,Jahangirpura,Billwise,P2190,HUL-10B234D-P44332,1
L,DHAVAL PROVISION-D,P2191,Sundry Debtor,Assets,null,6 TIRUMALA COMLEX,Opp.BALA NAGAR,Piplod,Billwise,P2191,HUL-10B234D-P44346,1
L,Shree Krishna Pro Store-D,P2192,Sundry Debtor,Assets,null,181,Pader Street  Magdalla Bob Bank Ni Same,Vr Mall Near,Billwise,P2192,HUL-10B234D-P27431,1
L,379 AMBIKA KIRANA PROVISION STORE-D,P2193,Sundry Debtor,Assets,null,SHIVAM APPARTMENT,SANTTUKARAM SOC.6,PALANPUR JAKATNAKA,Billwise,P2193,HUL-10B234D-P44360,1
L,DEVDEEP KIRANA STORE-D,P2194,Sundry Debtor,Assets,null,37devdeep socvibhag 2,behind shree sati,chapra bhata roadamroli,Billwise,P2194,HUL-10B234D-P44402,1
L,KAMDHENU TRADERS-D,P2195,Sundry Debtor,Assets,null,G 35 AAGAM ORCHID OPP.SHIV KARTIK ENCLAVE VESU,SAME,SAME,Billwise,P2195,HUL-10B234D-P44451,1
L,Jay Mahalaxmi Kirana-D,P2196,Sundry Debtor,Assets,null,353 H5 Avas,Amroli,Amroli,Billwise,P2196,HUL-10B234D-P44479,1
L,PARTH KARIYANA-D,P2197,Sundry Debtor,Assets,null,69 RANGLAXMI NAGAR SOC,MANSAROVAR CIRCLE,AMROLI,Billwise,P2197,HUL-10B234D-P44493,1
L,BABA SAI NATH GENRAL STORE T-P-D-D-D,P2198,Sundry Debtor,Assets,null,G1BEJANWALA COMPLEX TARWADI ROAD,OPP. ADITYA MEDICAL,,Billwise,P2198,HUL-133172D-P21175,NA
L,Harsita Supar Stor-D,P2199,Sundry Debtor,Assets,null,Alnur Rasidansi,Bharimata Rod,Variyali Baja,Billwise,P2199,HUL-10B234D-P44507,1
L,Samir Kirana-D,P2200,Sundry Debtor,Assets,null,Rivarviw Sosayti,Gali No. 3 Fulwadi,Katargam,Billwise,P2200,HUL-10B234D-P44521,1
L,Mahalaxmi Super-D,P2201,Sundry Debtor,Assets,null,10 Krishna Park Ro Hause,Pal Gam Road,Palanpur Adajan,Billwise,P2201,HUL-10B234D-P44536,1
L,Bhernatha Super Stores-D,P2202,Sundry Debtor,Assets,null,Dwakkesh Dairy.Sweets,Vaisanavdavi,Jahangirpura,Billwise,P2202,HUL-10B234D-P44543,1
L,Rudra Supar Store-D,P2203,Sundry Debtor,Assets,null,Shop no.G 5 Shararam Complex,Jahangirpura Variyav road,jahangirpura,Billwise,P2203,HUL-10B234D-P44566,1
L,Sankalp Store-D,P2204,Sundry Debtor,Assets,null,Shop No.1 Banshidhar Apart,Jahangirpura Variyav Road,Jahangirpura,Billwise,P2204,HUL-10B234D-P44580,1
L,Khusbu Sabu-D,P2205,Sundry Debtor,Assets,null,Sidhheshwari Soc Near Cozway,Singanpor,Surat,Billwise,P2205,HUL-10B234D-P44615,1
L,Premji Bhai Kariyana-D,P2206,Sundry Debtor,Assets,null,Dabholi Garden,Dabholi,Surat,Billwise,P2206,HUL-10B234D-P44629,1
L,KOHINOOR STORE D-D-D-D-D-D,P2207,Sundry Debtor,Assets,null,1/2/3 MASJID SHOPING CEN,RANDER SHAK MARKET,N.A.,Billwise,P2207,HUL-132638D-D0652,***********
L,Akash Corner-D,P2208,Sundry Debtor,Assets,null,124 Jay Ambe Society,Dabholi Char Rasta,Surat,Billwise,P2208,HUL-10B234D-P44678,1
L,GURUKRUPA GENERAL STORE-D,P2209,Sundry Debtor,Assets,null,2 SHREEJI APP OPP SATYAM MEDICAL NI BAJU,DHORKIA GARDEN NI SAME,KATARGAM,Billwise,P2209,HUL-10B234D-P44685,1
L,CHAMUNDA DAIRY &amp; SUP STORE-D,P2210,Sundry Debtor,Assets,null,6 Lakview Complex Vester Heights Ni Same,Pal Road,Adajan,Billwise,P2210,HUL-10B234D-P44692,1
L,Shree Aymataji-D,P2211,Sundry Debtor,Assets,null,50bKubernagar2,Katargam,Katargam,Billwise,P2211,HUL-10B234D-P44699,1
L,KRISHNA SABU BHANDAR-D,P2212,Sundry Debtor,Assets,null,Shop 1 Mahavir Complex,Behind Ashok Nagar Opp Jivan Deep Society,Singapore  Road Surat,Billwise,P2212,HUL-10B234D-P44706,1
L,jai sainath provision store-D,P2213,Sundry Debtor,Assets,lakshramchandani2501@gmail.com,shope No G 4 anand villa apartments,jangirabad,surat,Billwise,P2213,HUL-10B234D-P44815,1
L,Parmeswar Genral-D,P2214,Sundry Debtor,Assets,null,Shyam Krishna Complx Nr Taran Kund,Ashapuri Kirana,Siganpor,Billwise,P2214,HUL-10A225D-P63241,1
L,Shree Ganesh General  Store-D,P2215,Sundry Debtor,Assets,null,Bor Bhatha,Opp. Sai Mandir,Bhatha,Billwise,P2215,HUL-10B234D-P44843,1
L,Shree Bherunath Pro. Store-D,P2216,Sundry Debtor,Assets,null,7b Shop 11,Sagun Rasidancy,Jahahirpura,Billwise,P2216,HUL-10B234D-P44864,1
L,Ramdhani General-D,P2217,Sundry Debtor,Assets,null,2930Devdeep Soc,Amroli,Surat,Billwise,P2217,HUL-10B234D-P44943,NA
L,PAYEL GENRAL STORE-D,P2218,Sundry Debtor,Assets,null,7 Raj Ratan Enclave,Near Nishal Arcade,Pal,Billwise,P2218,HUL-10B234D-P44960,NA
L,TULSI DETERGENT AND SABU STORE-D,P2219,Sundry Debtor,Assets,null,SHOP 6,MADHAV APPARTMENT AVDHUT NAGAR,KATARGAM ROAD SURAT.,Billwise,P2219,HUL-10B234D-P44983,NA
L,Hamza Porvijan-D,P2220,Sundry Debtor,Assets,null,Shop No 1,Gaytri Cos,B7,Billwise,P2220,HUL-10B234D-P45025,NA
L,Jay Ambe Kirana-D,P2221,Sundry Debtor,Assets,null,15Nilkanth Appat,Nr Kantareshvar Mahadev Tempal,Katargam,Billwise,P2221,HUL-10B234D-P45046,NA
L,SHREE JALASAI GENERAL.STORE-D,P2222,Sundry Debtor,Assets,null,KAWAS ROAD,KAWAS,HAZIRA,Billwise,P2222,HUL-10A225D-P63852,1
L,DEV BHAIRAV KIRANA STORE-D-D-D,P2223,Sundry Debtor,Assets,null,417-SANT TUKARAM SOC VIBHAG-6,OPP DARPAN ROW HOUSE,ADAJAN,Billwise,P2223,HUL-134083D-P9580,NA
L,YASH PROVISION-D,P2224,Sundry Debtor,Assets,null,ABHIKRAM SHOPPING,NR JALARAM AUTO,ADAJAN,Billwise,P2224,HUL-10B234D-P45095,NA
L,SHREE RAMDEV GENERAL STORE-D-D,P2225,Sundry Debtor,Assets,null,PRAMUKH DARSHAN APP,KRUSHNA KUNJ SOC,PALANPUR PATIYA,Billwise,P2225,HUL-134996D-P13980,----
L,Shree Sawarya Traders-D,P2226,Sundry Debtor,Assets,null,Shop No 4Piramid Apprtment,Jagadya Chokdi,Ugat Road Surat,Billwise,P2226,HUL-10B234D-P45109,NA
L,Mahalaxmi Super Stor-D,P2227,Sundry Debtor,Assets,null,662Pragati NagarHousing Bord,AmroliSurat,Surat,Billwise,P2227,HUL-10B234D-P45123,NA
L,Jalaram Gen-D,P2228,Sundry Debtor,Assets,null,Madhav Baugh Soc,Surlabh Flat,Surat,Billwise,P2228,HUL-10B234D-P45166,NA
L,CHANDAN STORE-D,P2229,Sundry Debtor,Assets,null,Opp Kribhco Haep Town Ship Hazira Main,Road  At Kawas PATIYA,Surat,Billwise,P2229,HUL-10B234D-P45173,NA
L,AMRUT SUPER STORE-D,P2230,Sundry Debtor,Assets,null,DANGHVINI GARDEN,JAHAGIR PURA,DANDI ROAD,Billwise,P2230,HUL-10B234D-P27769,1
L,GURUKRUPA KIRIYANA-D,P2231,Sundry Debtor,Assets,null,186 BEHIND GUJARATI SCHOOL,BORDIFADIYU,CHAPRA BHATA,Billwise,P2231,HUL-10A225D-P63381,1
L,Purabji  Kirana Store-D,P2232,Sundry Debtor,Assets,null,Kasa Nagar Main Road,Nr Lake Garden,Katargam Surat,Billwise,P2232,HUL-10B234D-P45208,NA
L,Bajarang Kariyana Store-D,P2233,Sundry Debtor,Assets,null,Morabhagal Charrasta,Riksha Stand,Ugatroad,Billwise,P2233,HUL-10B234D-P45215,NA
L,395007-D,P2234,Sundry Debtor,Assets,null,Naxtra Nebula,Near Ankur Height Dr.Park Road,,Billwise,P2234,HUL-10B234D-P45229,NA
L,HARIOM GENERAL-D-D-D-D-D-D,P2235,Sundry Debtor,Assets,null,KAWAS GAM,KAWAS,NA,Billwise,P2235,HUL-132638P8918,UNREGISTERED
L,Maruti Kariyana-D,P2236,Sundry Debtor,Assets,null,Auvduth Society,Raman Nagar,Raman Nagar Society,Billwise,P2236,HUL-10B234D-P45301,NA
L,Atmiya General Provisions-D,P2237,Sundry Debtor,Assets,null,Kuber Parak,Jaybhadutya Complex,Ved Road,Billwise,P2237,HUL-10B234D-P45308,NA
L,Saiyad Stors-D,P2238,Sundry Debtor,Assets,null,Shop No. 2,Adjan Patya,Jilani Burg,Billwise,P2238,HUL-10B234D-P45401,NA
L,Agrawal Super Store-D,P2239,Sundry Debtor,Assets,null,Shop 7 8 Shreenath Ji Row House,Clg Road,Amroli,Billwise,P2239,HUL-10B234D-P26642,1
L,Madhav Harbal-D,P2240,Sundry Debtor,Assets,null,Shop No.l 1 36 Ranchod Nagar,Gokul Park Gajers Scol Surat GUJARAT,,Billwise,P2240,HUL-10B234D-P45422,NA
L,JALARAM GENRAL STORE-D,P2241,Sundry Debtor,Assets,null,Surya Nagar Society V 3,New Kosad Road Nr Om Sankar Tempal,Amroli Surat,Billwise,P2241,HUL-10B234D-P45477,NA
L,MAHADEV JANERAL STORE-D,P2242,Sundry Debtor,Assets,null,BATLAI MOTO FADIYU NR ICIC.ATM,BATLAI MOTO GADIU MORA TEKRA,BATLAI MOTO FADYU ICIC ATM,Billwise,P2242,HUL-10A225D-P64537,1
L,UMIYA KARYANA &amp; PRO. STORE(SMART)-D-D-D-D-D-D-D,P2243,Sundry Debtor,Assets,null,A-8ANAND MAHEL APT,NRDARSHAN TRADERS OPP. BHULAKA BHAVAN,SURAT,Billwise,P2243,HUL-132638D-D0892,24220100243
L,Shree Siddhi Vinayak Stores,P2244,Sundry Debtor,Assets,null,8arajpalacesoc,Mahalaxmimandirni Gali Ma,Aanandmahal Road Surat,Billwise,P2244,HUL-10A225D-P64538,1
L,Maa Chamunda Super Store-D,P2245,Sundry Debtor,Assets,jigneshrv0512@gmail.com,G 1 Tulsi Appartment Paras Multileval,Pay &amp; Park Katargam Surat GUJARAT,,Billwise,P2245,HUL-10B234D-P45561,NA
L,SHREE KHIMAJ KIRANA-D,P2246,Sundry Debtor,Assets,null,NANDU DOSHI NI WADI,LABH COMPLEX GOTALA WADI,KATARGAM,Billwise,P2246,HUL-10A225D-P63434,1
L,BHERUNATH KIRANA-D,P2247,Sundry Debtor,Assets,null,Indranagar,Uagat Road,Jahangirpura,Billwise,P2247,HUL-10A225D-P64543,1
L,Jay Jalaram Sabu Bhandaar-D,P2248,Sundry Debtor,Assets,null,Shop No 6 Star Galaxy,Chaprabhatha Amroli Surat GUJARAT,,Billwise,P2248,HUL-10B234D-P45621,NA
L,MAHALAXMI GANARAL STORE-D,P2249,Sundry Debtor,Assets,null,ASHAPURI COMPLEX,GOTALA WADI,KATARGAM,Billwise,P2249,HUL-10A225D-P63439,1
L,Shree Mahalaxmi Provision And Kirana-D,P2250,Sundry Debtor,Assets,null,Shreeji Nagari,UGAT Road,NA,Billwise,P2250,HUL-10A225D-P65188,1
L,Ruhani Enterprice-D,P2251,Sundry Debtor,Assets,null,G123 Galaxy,Besidecngpump,Jahangirpura,Billwise,P2251,HUL-10A225D-P65415,1
L,Jalaram Provision Store-D,P2252,Sundry Debtor,Assets,null,Mora Tekra,Kuva Ni Same,Mora Hajira,Billwise,P2252,HUL-10B234D-P44777,1
L,Jogmaya Provision Store-D,P2253,Sundry Debtor,Assets,null,K-13 Jayraj Soc. Ichhapore Bus Stop No.3 Hazira,K-13 Jayraj Soc. Ichhapore Bus Stop No.3 Hazira,K-13 Jayraj Soc. Ichhapore Bus Stop No.3 Hazira,Billwise,P2253,HUL-134996D-P13783,***
L,Dev Krupa Traders-D,P2254,Sundry Debtor,Assets,null,Anand Mahal Road Adajan,Anand Mahal Road Adajan,Anand Mahal Road Adajan,Billwise,P2254,HUL-10A225D-P65731,1
L,Kedarnath Provision-D,P2255,Sundry Debtor,Assets,null,Opp Sarojini Naydu Sabji Market,Palanpur Jakatnaka Main Road,Palanpur Jakatnaka Main Road,Billwise,P2255,HUL-10A225D-P65951,1
L,Hindustan Kirana Store-D,P2256,Sundry Debtor,Assets,null,Mora Road,Mora,Hazira,Billwise,P2256,HUL-10A225D-P66011,1
L,Kheteshwar General Store-D,P2257,Sundry Debtor,Assets,null,B-1 Sankheshwar Complex,Opposite Rushabh Tower,Rander Road,Billwise,P2257,HUL-134996D-P27323,345346346
L,Nirdhara Trdeieng-D,P2258,Sundry Debtor,Assets,nppatel1090@gmail.com,Shop No 1 Panchvati,Apt Near Sbi Bank,Jakatnaka Surat,Billwise,P2258,HUL-10A225D-P66204,1
L,SHREEJI GENERAL STORE-D,P2259,Sundry Debtor,Assets,null,SRAINIK APP,NR GREEN CITY,BHATHA GAM,Billwise,P2259,HUL-10A225D-P66293,1
L,SHREE SAI GENERAL STORE-D,P2260,Sundry Debtor,Assets,vanitapatel5527@gmail.com,2 SRINIK APARTMENT,NR GREEN CITY,BATHA GAM,Billwise,P2260,HUL-10A225D-P66298,1
L,PRADHANMANTRI BHARTIYA JAN AUSHATHI KENDRA ADAJAN,P2261,Sundry Debtor,Assets,saumilsavaj33@gmail.com,Shop Bh 5 Shamarth Park Shila Tavar Adajan,Shop Bh 5 Shilatavar Shamarth Park,Baps Hospital Adajan,Billwise,P2261,HUL-10A225D-P66394,1
L,Raj Chamunda-D,P2262,Sundry Debtor,Assets,null,Vestan City,Shop.No.29,Pal,Billwise,P2262,HUL-10A225D-P66545,1
L,BALAJI SUPER STORE-D,P2263,Sundry Debtor,Assets,null,G 46 RAJ CORNER,NR VASU RESIDENCY,PAL ADAJAN,Billwise,P2263,HUL-10A225D-P66617,1
L,JAY SHREE CHAMUNDA DAIRY-D,P2264,Sundry Debtor,Assets,null,PAVITRA RESIDENCY,NR DGVCL OFFICE,RAM NAGAR CHAR RASTA ADAJAN,Billwise,P2264,HUL-10A225D-P66622,1
L,BHAGWATI PROVISION STORE-D,P2265,Sundry Debtor,Assets,null,RACHI CARCAL LAXMI KANTE ASHRAM,KANAIYA MEDICAL KE PAAS,KATARGAM,Billwise,P2265,HUL-10A225D-P63469,1
L,Balaji Super Store-D,P2266,Sundry Debtor,Assets,null,Deep Mala Society,Raam Nagar Satnaam Shakshi Cercal New  Gb Office,Near Hariseva Genral Store,Billwise,P2266,HUL-10A225D-P66667,1
L,JAY JALARAM DAREY &amp;PROVISION-D,P2267,Sundry Debtor,Assets,null,SHOP 1.2 PRAMUKH DARSHAN APP KRSHNA KUNJ SOCIETY,BSNL NI GALIMA,Palan Pur Patiya Suart,Billwise,P2267,HUL-10B234D-P27814,1
L,HARI OM FLOUR PROVISION-D,P2268,Sundry Debtor,Assets,null,ANMOL APARTMENT,OPP SHREE NATH SOC,ADAJAN GAM,Billwise,P2268,HUL-10A225D-P66698,1
L,JAY INDANA MAA PROVION STORES-D,P2269,Sundry Debtor,Assets,null,SHOP NO 3 TAPOVAN SHOPPING CENTER MORA TEKRA,SHOP NO 3 TAPOVAN SHOPPING CENTER MORA TEKRA,MORA TEKRA,Billwise,P2269,HUL-10A225D-P66735,1
L,HARI OM GEN. STOR-D,P2270,Sundry Debtor,Assets,null,11VIMAL NAGAR SOCITY MEERA GARDEN,NR MEERA GARDEN JAHAGIRPURA,NR SHREE UMIYA KIRANA STOR,Billwise,P2270,HUL-10A225D-P66825,1
L,PRIYANKA PROVISION-D-D-D-D-D-D,P2271,Sundry Debtor,Assets,null,KAWAS MAIN BAZAR,KAWAS GAMNR KRIBHCO,NA,Billwise,P2271,HUL-132638P8941,UNREGISTERED
L,SHRIJI JANRAL STORE-D,P2272,Sundry Debtor,Assets,null,SHOP NO 21.LAXMI DARSAN APARTMENTS NR LUCKY JANRA,SHOP NO 21.LAXMI DARSAN APARTMENTS NR LUCKY,TADVADI RANDER ROAD SURAT,Billwise,P2272,HUL-10A225D-P66996,1
L,Shree Jalaram Store-D,P2273,Sundry Debtor,Assets,null,Krushnakunj Society,Honeypark Road,Surat,Billwise,P2273,HUL-10A225D-P67041,1
L,Pavan Super Store-D,P2274,Sundry Debtor,Assets,null,8 Riddhigiri Residency,Opp Kusalvatika Adajan,Pal Surat,Billwise,P2274,HUL-10A225D-P67056,1
L,SAI KIRANA STORE-D,P2570,Sundry Debtor,Assets,null,HANUMAN TEKRI,NR BHANKI STADIYAM,SURAT,Billwise,P2570,HUL-134996D-P21749,**********
L,SHREE JALARAM KARIYANA-D,P2571,Sundry Debtor,Assets,null,near kamdhenu medical  near hathi mandir,N.A.,N.A.,Billwise,P2571,HUL-10B234D-P28648,1
L,Dgarmendra Kirana-D,P2572,Sundry Debtor,Assets,null,Triloknagar,Vedroad,DabholicharRasta,Billwise,P2572,HUL-10A225D-P64449,1
L,SHREE SIVARAM KARIYANA STORE-D,P2573,Sundry Debtor,Assets,null,3 YOGI PALCE RAGHUVIR SOC,NEAR JALRAM PETROL PUMP,AMROLI,Billwise,P2573,HUL-134996D-P22440,*********
L,GURJAR KIRANA STORE-D,P2574,Sundry Debtor,Assets,null,271KRISHNA NAGAR,ICHHAPORE 3,SURAT,Billwise,P2574,HUL-10B234D-P18627,1
L,Swastik Provision Store-D,P2575,Sundry Debtor,Assets,null,5Pramukh  Residensi,Nr Bramani Bakery,Ved Road,Billwise,P2575,HUL-10B234D-P41912,1
L,TUHIN KARINA-D,P2576,Sundry Debtor,Assets,null,grfl shop no 4 darbar nager soc ved road,N.A.,N.A.,Billwise,P2576,HUL-10B234D-P28704,1
L,DIYA KHUSHABU KIRANA STORES-D-D-D-D,P2577,Sundry Debtor,Assets,null,MORA TEKRA,,MORA TEKRA,Billwise,P2577,HUL-133343D-P14284,APPLIED FOR
L,AMBICA DAIRY-D,P2578,Sundry Debtor,Assets,null,3 NIRMAL NAGAR SOC,MAHAVIR VILLA NI NICHE,JAIN DERASAR NI GALI MA,Billwise,P2578,HUL-10B234D-P44108,1
L,Nasir Kirana Store-D,P2579,Sundry Debtor,Assets,null,Sultinya Gymkhana,New Rander Road,Surat,Billwise,P2579,HUL-10B234D-P44885,1
L,SHEETALDAS STORES D-D-D-D-D,P2580,Sundry Debtor,Assets,null,LOVELE CHEKEN MORA BHAGAL,,,Billwise,P2580,HUL-133539D-P8653,0
L,KHUSHBU DEEP SABU-D-D-D,P2581,Sundry Debtor,Assets,null,COLLEGE ROAD,AMROLI GAM,S,Billwise,P2581,HUL-134083D-P10195,NA
L,Mahadev Treders-D,P2582,Sundry Debtor,Assets,null,18 Utran Rd Devi Krupa Society Uttran,Surat Gujarat 394105 India Utran Surat Gujarat,,Billwise,P2582,HUL-10B812D-P22754,NA
L,Dev BHERAV KIRANA,P2583,Sundry Debtor,Assets,null,Sho-2 Shree Bhati Ress.,L.P Savani  Pal Road,,Billwise,P2583,HUL-134083D-P11936,NA
L,Khatu Shyam Ganral-D,P2584,Sundry Debtor,Assets,null,E/501 Mangalam Residency Uttran Surat Gujarat,394105 India Utran Surat Gujarat,,Billwise,P2584,HUL-10B812D-P22761,NA
L,Dhanlaxmi Kirana-D,P2585,Sundry Debtor,Assets,null,Triloksociety,DabholicharRasta,Vedroad,Billwise,P2585,HUL-10A225D-P64479,1
L,Nilam General Store-D,P2586,Sundry Debtor,Assets,null,6Q69+9JF Palanpur Surat Gujarat,395009 India Surat Gujarat,,Billwise,P2586,HUL-10B812D-P22789,NA
L,CHAHWALA PROVISION STORE-D,P2587,Sundry Debtor,Assets,null,8-9 1st Floor Rander Rd Beside BOB Bank,Shree Rang Society Himgiri Society,Palanpur Patia Surat Gujarat 395005 India,Billwise,P2587,HUL-10B812D-P22817,NA
L,Shri Laxmi Dairy And Sweets-D,P2588,Sundry Debtor,Assets,null,Central Bazzar Vesu Vesu Main Road Someshwara Encl,Vesu Surat Gujarat 395007 India Surat Gujarat,,Billwise,P2588,HUL-10B812D-P22831,NA
L,Shree Gensh Brekars-D,P2589,Sundry Debtor,Assets,null,154 Dindayal Complex Palanpur Jakatnaka Dindayal S,Jakatnaka Surat Gujarat 395009 India Surat Gujarat,,Billwise,P2589,HUL-10B812D-P22859,NA
L,MATESHWERY KIRANA PROVISION STORE-D,P2590,Sundry Debtor,Assets,null,5 Shani Nager Socityrajwadi Party Plot Amroli,N.A.,N.A.,Billwise,P2590,HUL-10B234D-P28711,1
L,LAXMI DAIRY&amp; SWEET-D,P2591,Sundry Debtor,Assets,null,325Shivalik Bajrag Nage Society Dabholi Village,Surat Gujarat 395004 India,BAJRAG NAGAR SOC,Billwise,P2591,HUL-10B812D-P22866,NA
L,Patel Kirana-D,P2592,Sundry Debtor,Assets,null,Naran Bhai Plot 19 Sarjan Socity,Laxmikant Aashram Road Katargam Surat Gujrat,,Billwise,P2592,HUL-10B812D-P22873,NA
L,Vishnu Super Store-D,P2593,Sundry Debtor,Assets,null,SH GF 25 ATLANTIS SQUARE,VIP ROAD SURAT Surat Gujrat,,Billwise,P2593,HUL-10B812D-P22887,NA
L,SHREE HARI SUPER STORE-D,P2594,Sundry Debtor,Assets,null,10 Madhavkunj 1 Madhav Kunj Society Dabholi,Surat Gujarat 395004 India Surat Gujarat,,Billwise,P2594,HUL-10B812D-P22894,NA
L,Deep Amul Palour-D,P2595,Sundry Debtor,Assets,null,05 Vrundavan Society Dipika Marbal Palanpur Jakatn,Surat Gujarat 395009 India Surat Gujarat,,Billwise,P2595,HUL-10B812D-P22922,NA
L,Ishwar Provision Store-D,P2596,Sundry Debtor,Assets,null,1 Ved Rd Ramji Nagar Society Katargam Surat,Gujarat 395004 India,Katargam,Billwise,P2596,HUL-10B812D-P22936,NA
L,Jay Genral Store-D,P2597,Sundry Debtor,Assets,null,S3 Sahyog App Star Bajar Ni Pachal,Jay Bhavani Ni Baju Ma,,Billwise,P2597,HUL-10B812D-P22943,NA
L,Majisa Dairy And Sweets-D,P2598,Sundry Debtor,Assets,rajpurohitmoti055@gmail.com,6Q5M+547 Veer Savarkar Cir Mahadev Nagar,Pankaj Nagar Surat Gujarat 395009 India,India,Billwise,P2598,HUL-10B812D-P22950,NA
L,Mali Parlour-D,P2599,Sundry Debtor,Assets,null,A/18 Tapinagar Jalaram Society Kubernagar,Katargam Surat Gujarat 395004 India,Katargam,Billwise,P2599,HUL-10B812D-P22957,NA
L,MAA CHAMUNDA  SUPER STORE-D-D-D,P2600,Sundry Debtor,Assets,null,SHOP-1 ANIL NIVAS SAGAR DAIRY,CHAR RASTA  RAMNAGAR,RAMNAGAR,Billwise,P2600,HUL-134493D-P5415,APPLY FOR
L,NEW BALAJI GENRAL SOTRE-D,P2601,Sundry Debtor,Assets,null,6RM6+CJQ Dabholi Rd Akhand Anand Society,Yogi Nagar Society Dabholi Village Surat,Gujarat 395004 India,Billwise,P2601,HUL-10B812D-P22964,NA
L,Chamunda Super Market-D,P2602,Sundry Debtor,Assets,null,NA,Dabholi Road,Katargam,Billwise,P2602,HUL-10A225D-P64504,1
L,Gourami Gen.stors-D,P2603,Sundry Debtor,Assets,null,5MH5+FJG Mora Tekra GSEG Colony Hazira,Gujarat 394510 India,,Billwise,P2603,HUL-10B812D-P22995,NA
L,Mini Mart-D,P2604,Sundry Debtor,Assets,null,717 Gujarat Housing Board New Prasant,Backry Sima Nagar Surat Gujarat,,Billwise,P2604,HUL-10B812D-P23002,NA
L,Modi Sai-D,P2605,Sundry Debtor,Assets,null,120 Palapur Rd Kedarnath Society Mahadev Nagar Pan,Nagar Surat Gujarat 395009 India India Surat Gujar,,Billwise,P2605,HUL-10B812D-P23016,NA
L,Ambaji Bakery-D,P2606,Sundry Debtor,Assets,null,Shop No 1 Krishna Nagar Soc,Ichchhapor Main Sabhi Market Surat Gujarat,,Billwise,P2606,HUL-10B812D-P23023,NA
L,Jay Mataji Dairy &amp; Provision-D,P2607,Sundry Debtor,Assets,null,Shop No. Gf. 6 Aagam Prestige Besaid ONGC,Nagar Phase 1 Magdalla Surat Surat Gujarat,,Billwise,P2607,HUL-10B812D-P23030,NA
L,Vinayak Janeral Store-D,P2608,Sundry Debtor,Assets,null,2 Vir Bhagat Singh Marg Ramdevnagar Society Tirupa,Society Palanpur Patia Surat Gujarat 395009 India,,Billwise,P2608,HUL-10B812D-P23052,NA
L,Shree Subhlaxmi Trades-D,P2609,Sundry Debtor,Assets,null,20 Anand Mahal Rd Opp. Shreedhar Apartment Ramdevn,Society Palanpur Patia Surat Gujarat 395009 India,,Billwise,P2609,HUL-10B812D-P23059,NA
L,JAY MATAJI KIRANA-D,P2610,Sundry Debtor,Assets,null,Nidra Nagar Shop No 1 Rang Nagar Main,Road Amroli 394107 India Surat Surat Gujarat,,Billwise,P2610,HUL-10B812D-P23066,NA
L,Shati Mata Kirana &amp; Store-D,P2611,Sundry Debtor,Assets,null,Sai Enclave 6 Bhimrad-Althan Rd Apcha Nagar,Althan Surat Gujarat 395007 India Surat Gujarat,,Billwise,P2611,HUL-10B812D-P23108,NA
L,Jay Mataji Pan-D,P2612,Sundry Debtor,Assets,null,26 Krushnkunj Residency Krishna Park Society Uttra,Surat Gujarat 394105 India Surat Surat Gujarat,,Billwise,P2612,HUL-10B812D-P23122,NA
L,Modesvari Genral Store-D,P2613,Sundry Debtor,Assets,null,7 Shiva Park Anand Mahal Rd Opp. SUNSTAR App Honey,Park Adajan Gam Adajan Surat Gujarat 395009 India,,Billwise,P2613,HUL-10B812D-P23138,NA
L,Kalpesh Kumar-D,P2614,Sundry Debtor,Assets,null,06 SMC Twp Amroli Surat Gujarat,Nr Mataji Medi India Surat Gujarat,,Billwise,P2614,HUL-10B812D-P23145,NA
L,Hardikraj-D,P2615,Sundry Debtor,Assets,null,A65 Patelnagar Soc Beside SBI Bank Jahagipura,Jahagipura Checkpost Surat 395005 Surat Gujarat,,Billwise,P2615,HUL-10B812D-P23152,NA
L,Shree Sairam Provision Store-D,P2616,Sundry Debtor,Assets,null,13 Ankur Park Row House Near Chitrakut Apartment J,Pura Dahin Nagar Surat Gujarat 395005 India Surat,,Billwise,P2616,HUL-10B812D-P23160,NA
L,Krishna Dairy-D,P2617,Sundry Debtor,Assets,null,SHOP NO. 10 GREEN PARK APT.NR. CORNER POINT Opposi,City Light Town Athwa Surat Gujarat 395007 India S,,Billwise,P2617,HUL-10B812D-P23176,NA
L,Madhur Dairy-D,P2618,Sundry Debtor,Assets,null,G26Nirvana ShoppersNear DmartJahgirabad,Surat Gujarat 395005 India,,Billwise,P2618,HUL-10B812D-P23198,NA
L,Ambekirana-D,P2619,Sundry Debtor,Assets,null,NA,Opp Zon Office,Katargamroad,Billwise,P2619,HUL-10A225D-P64568,1
L,Dhirajbhai-D,P2620,Sundry Debtor,Assets,null,OM SATYAMNAGAR NEAR RAVI MARBAL Shirvi Medical,VED GURUKUL ROAD PRAMUKH SHOWK Surat Gujarat,,Billwise,P2620,HUL-10B812D-P23212,NA
L,KHIMAJ KIRANA,P2621,Sundry Debtor,Assets,null,Shop No.1 Rajhans Platinum Palanpur Surat,Gujarat 395009 India Surat Gujarat,,Billwise,P2621,HUL-10B812D-P23227,NA
L,Prabodham Super Store-D,P2622,Sundry Debtor,Assets,null,51 Silverpark Society Pankaj Nagar Surat,Gujarat 395009 India Surat Gujarat,,Billwise,P2622,HUL-10B812D-P23234,NA
L,Gokulam Dairy-D,P2623,Sundry Debtor,Assets,null,Ground Floor Shop No. 1 CASA KING Near Shree Jalar,International School Palanpur Surat Gujarat 395009,,Billwise,P2623,HUL-10B812D-P23242,NA
L,RADHE SUPER-D,P2624,Sundry Debtor,Assets,null,T.P. 43 Bhimrad-Althan Road B/307 Shikhar Heights,Surat Gujarat 395007 India Surat Gujarat,,Billwise,P2624,HUL-10B812D-P23257,NA
L,Kanaiya Dairy Farm &amp; Sweets-D,P2625,Sundry Debtor,Assets,null,1Kanaiya Dairy Farm &amp; sweets  near SBI Bank,Escondido Plaza Chhaprabhatha Amroli Surat,Gujarat 394107 India,Billwise,P2625,HUL-10B812D-P23264,NA
L,SHRI UMIYA KARIYANA &amp; DAIRY-D-D-D-D-D-D-D-D-D,P2626,Sundry Debtor,Assets,null,3ANJANI HIGHTS,B/H CNG PETROL PUMP,JAHANGIRPURA,Billwise,P2626,HUL-133343D-P15046,APPLIED FOR
L,Jay Bhawani Traders-D,P2627,Sundry Debtor,Assets,null,5 - C.Z.PATELPARK SOC Chhaprabhatha Rd Kartik Naga,Amroli Surat Gujarat 394107 India Surat Gujarat,,Billwise,P2627,HUL-10B812D-P23285,NA
L,MODI BAKERS-D,P2628,Sundry Debtor,Assets,null,SHOP L-25 Govindji Park Umra Gam Athwa,Surat Gujarat 395007 India Surat Gujarat,,Billwise,P2628,HUL-10B812D-P23300,NA
L,Radiant Mart-D,P2629,Sundry Debtor,Assets,null,G4 Shyam Enclave Vaishnodevi Road Gujarat,395005 Jahgirabad Surat Gujrati Surat Gujarat,,Billwise,P2629,HUL-10B812D-P23307,NA
L,Vijay Superstore-D,P2630,Sundry Debtor,Assets,null,NA,Near Swrag Resistance,Haridarshan Society,Billwise,P2630,HUL-10A225D-P64668,1
L,Mahakali Dairy-D,P2631,Sundry Debtor,Assets,null,B-23 Deepjyot Society Mahadev Nagar Pankaj Nagar,Surat Gujarat 395009 India India Surat Gujarat,,Billwise,P2631,HUL-10B812D-P23361,502165057438
L,T.P.Masala &amp; Dryfruit-D,P2632,Sundry Debtor,Assets,null,Shop No.18 Sai Milan Residency Opposite Coral Heig,Gam Palanpur Surat Gujarat 395009 India Surat Guja,,Billwise,P2632,HUL-10B812D-P23382,ATOPG2273L
L,SHREE ANNPURNA TRADERS-D,P2633,Sundry Debtor,Assets,null,SHOP NO-19 MAHENDRA PARK SOCITYJAHANGIRPURA,N.A.,N.A.,Billwise,P2633,HUL-10B234D-P28844,1
L,Ramdev Kirana-D,P2634,Sundry Debtor,Assets,null,Sahyog Park Society,Sahyog Chok,Katargam,Billwise,P2634,HUL-10A225D-P64678,1
L,Mox Kariyana Store-D,P2635,Sundry Debtor,Assets,null,Shop No 1 Linbacha Faliya Katargam Surat Gujarat,395004 India Near Pasvnarth Kirana Surat Gujarat,,Billwise,P2635,HUL-10B812D-P23412,975245944493
L,BHARAT MASALA-D,P2636,Sundry Debtor,Assets,null,109 Samarth Acquisti New City Light Rd,New Tirumala Bharthana Surat Gujarat 395007,India,Billwise,P2636,HUL-10B812D-P23419,24AAEHB4712J1ZN
L,Shree Mahalaxmi Mini Store-D,P2637,Sundry Debtor,Assets,null,Shop 16 Atlantas Business Hub Marvela Coridor,Vip Road Vesu Surat Surat Gujarat,,Billwise,P2637,HUL-10B812D-P23426,AKXPG2410P
L,Shree DARGAR-D,P2638,Sundry Debtor,Assets,null,Shop G42 Atlanta Busines Hub Vip,Road Vesu Surat Surat Gujarat,,Billwise,P2638,HUL-10B812D-P23433,410546175778
L,Kalaji Kariyana Store-D,P2639,Sundry Debtor,Assets,null,Hadpati Avas Iskon Mandir Jhagipura,Gujarat 395009 India Surat Gujarat,,Billwise,P2639,HUL-10B812D-P23448,AJSPT3870A
L,AMIM JASMIN VINUBHAI-D,P2640,Sundry Debtor,Assets,null,Shop 5 Uma Resi.Opp.Laxmi.Resi.Nr.Gajera.School. H,Katargam Surat Gujarat 395004 India Surat Gujarat,,Billwise,P2640,HUL-10B812D-P23455,795178112111
L,SHREE V M STORES-D,P2641,Sundry Debtor,Assets,null,52 GROUND FLOOR NR  SHIVANI STORE SURAT,N.A.,N.A.,Billwise,P2641,HUL-10B234D-P28921,1
L,DiptiBen A  Gandhi-D,P2642,Sundry Debtor,Assets,null,25 5 Square Point Near M.V.Circle Doctor Park Ro J,Pura Surat Gujarat 395005 India Doctor Park Road S,,Billwise,P2642,HUL-10B812D-P23476,ARIPG3559K
L,JAY BHAVANI PRO STORES-D-D-D-D,P2643,Sundry Debtor,Assets,null,MORA TEKRA,OPP TAPOVAN AASHARAM,MORA TEKRA,Billwise,P2643,HUL-133343D-P14743,APPLIED FOR
L,SHREE SAI SADAN KIRANA STORE.-D,P2644,Sundry Debtor,Assets,null,5 Vishram Nagar Sivchhaya society Katargam,Surat Gujarat 395004 India Surat Gujarat,,Billwise,P2644,HUL-10B812D-P23483,344576130085
L,Noorstd-D,P2645,Sundry Debtor,Assets,null,109 Sakunt AppGreen Enclave Adajan Patiya,Surat Gujarat 395009 India Surat Gujarat,,Billwise,P2645,HUL-10B812D-P23516,905866719233
L,GOKUL DAIRY-D,P2646,Sundry Debtor,Assets,null,39 Santoshi Krupa Society Vishal Nagar,Surat Gujarat 395004 India Surat Gujarat,,Billwise,P2646,HUL-10B812D-P23525,752374205289
L,Khodiyar Dairy And General-D,P2647,Sundry Debtor,Assets,null,411 Nandavan Soc,Shyam Aashish Resides Same,Bapa Sitaram Chowk,Billwise,P2647,HUL-10B234D-P26682,1
L,A1 Home Care-D,P2648,Sundry Debtor,Assets,null,Nana bazaar  Rander Surat,Gujarat 395005 India,,Billwise,P2648,HUL-10B812D-P23564,CPVPM3764F
L,OM SAI DAIRY GENERAL STORE-D,P2649,Sundry Debtor,Assets,null,14 LAKE VIEW FLATE BH PETROL PUMP,N.A.,N.A.,Billwise,P2649,HUL-10B234D-P28942,1
L,HAREKRISHNA SWADESHI STORE-D,P2650,Sundry Debtor,Assets,null,Plot 29 Padoty Nagar 1 Bapa Sitaram Chock,Katargam Surat Gujarat 395004 India Surat Gujarat,,Billwise,P2650,HUL-10B812D-P23595,446389664431
L,Jay Jogniya Kirana Store-D,P2651,Sundry Debtor,Assets,null,SAI NAGAR SOCIATY NR.GHANSHYA KIRANA Opp.V.N.House,Gas Company Road Adajan Surat. Surat Gujarat,,Billwise,P2651,HUL-10B812D-P23624,ASZPG3803C
L,Marufa General Store-D,P2652,Sundry Debtor,Assets,hansfarrah@gmail.com,5 127 Taskand Hotel Near Rainbow Store,Near Rig Ground Rander,,Billwise,P2652,HUL-10B812D-P23632,602304376575
L,Krishna Bakery &amp; Namkeen-D,P2653,Sundry Debtor,Assets,null,30Mahavir Dham 2 Amroli Surat Gujarat 394107,Satadhar Chwokadi,Amroli Surat,Billwise,P2653,HUL-10B812D-P23639,248493284382
L,ARBUDA TRADERS-D,P2654,Sundry Debtor,Assets,null,Shop G 16 Rajdream Shoping Near KARNI SUPER Vip RD,Karni Super Vip RD Shop G 16 Rajdream Shoping Nera,,Billwise,P2654,HUL-10B812D-P23646,HQTPK7113L
L,Jay Bhavani Provision-D,P2655,Sundry Debtor,Assets,null,56 Ugat Rd Ganga Nagar Society Devashish Nagar,Morabhagal Surat Gujarat 395005 India Surat Gujara,,Billwise,P2655,HUL-10B812D-P23654,797135488605
L,Gaviyar General Store-D,P2656,Sundry Debtor,Assets,null,Gaviyar VataGam Nr. Gaviyar Bus Stop Dumas,Road Gaviyar Vata Surat. Surat Gujarat,,Billwise,P2656,HUL-10B812D-P23676,CGFPP8624L
L,SAI TREDARS    SAI SQUARE-D,P2657,Sundry Debtor,Assets,null,5 SAI SQUARE HONNEY PARK ROAD,N.A.,N.A.,Billwise,P2657,HUL-10B234D-P28977,1
L,SANJAY KIRANA &amp; GEN STORES-D-D-D-D,P2658,Sundry Debtor,Assets,null,MORA TEKRA,-,MORA TEKRA,Billwise,P2658,HUL-133343D-P15454,APPLIED FOR
L,Balaji Kirana Provision Store-D,P2659,Sundry Debtor,Assets,null,2 Doctor Park Rd Morabhagal Rander,Surat Gujarat 395005 India Surat Gujarat,,Billwise,P2659,HUL-10B812D-P23702,818792793895
L,Gurukrupa-D,P2660,Sundry Debtor,Assets,null,117 .5 Square Point Jahangir Pura Morabhagal,Surat Gujarat 395005 India Surat Gujarat,,Billwise,P2660,HUL-10B812D-P23719,834716652803
L,Mataji Kirana-D,P2661,Sundry Debtor,Assets,null,6RF9+C42 Tirupti Society Singanpor Surat,Gujarat 395004 India Surat Gujarat,,Billwise,P2661,HUL-10B812D-P23733,743161188865
L,KING BAKERY AND CAKE SHOP,P2662,Sundry Debtor,Assets,null,1 Raj Harmonium Ugat Bheshan Road,B H Madhav Bhag Surat Gujarat,,Billwise,P2662,HUL-10B812D-P23747,EJFPS4703A
L,Akshar Kirana-D,P2663,Sundry Debtor,Assets,null,Nilkanthsociety2,Katargam,Katargam,Billwise,P2663,HUL-10A225D-P64818,1
L,RAMESHWAR TRADERS-D,P2664,Sundry Debtor,Assets,sunilprajapati750.sp@gmail.com,Shop No 7 Krishna Appartment Palanpur Jakat Naka,Palanpur Jakatnaka Surat Gujarat 395009 Surat Guja,,Billwise,P2664,HUL-10B812D-P23761,911417161778
L,SHREE GANESH BISCUT BEKARY-D,P2665,Sundry Debtor,Assets,null,6 SHIR RANG AVDUT SCO RAMNAGAR CHAR RASTA NR RAMN,NAGAR BUS STOP,N.A.,Billwise,P2665,HUL-10B234D-P29040,1
L,AMULYA BAKARY-D,P2666,Sundry Debtor,Assets,null,73 Tirupti Society Singanpor Surat,Gujarat 395004 India Surat Gujarat,,Billwise,P2666,HUL-10B812D-P23782,363310921907
L,Sumul Dairy Parlour-D,P2667,Sundry Debtor,Assets,null,4QHF+VQ7 Surat Gujarat 395007,India Surat Gujarat,,Billwise,P2667,HUL-10B812D-P23824,546636596571
L,Pappu Kiraba-D,P2668,Sundry Debtor,Assets,null,Jogi Nagar,Katargam,Katargam,Billwise,P2668,HUL-10A225D-P64843,1
L,Gokul Dairy...-D,P2669,Sundry Debtor,Assets,null,Shop No.4 Krishnakunj Apartments Back Side Of Madh,Rd Uday Nagar-2 Uday Nagar-1 Katargam Surat Surat,,Billwise,P2669,HUL-10B812D-P23831,10721031000424
L,Charbhuja Provition Store-D,P2670,Sundry Debtor,Assets,null,Hidayat Nagar Socity Oppo Keshrba,School Jhagadiya Chok Surat Gujarat,,Billwise,P2670,HUL-10B812D-P23852,525112450236
L,Anmol Super Stores-D,P2671,Sundry Debtor,Assets,null,PRAMUKH YOG Dabholi - Jahangirpura Bridge Dabholi,Village Surat Gujarat 395004 India Surat Gujarat,,Billwise,P2671,HUL-10B812D-P23859,693634784006
L,Krishna Privision Store-D,P2672,Sundry Debtor,Assets,null,30 Mahavirdham Satadhar Choukri New Kosad,Rd Amroli Surat Surat Gujarat,,Billwise,P2672,HUL-10B812D-P23873,393024054249
L,SURAT SUPER STORE,P2673,Sundry Debtor,Assets,null,Shop No 56 Arihant Heights Gaurav Path Road,Palanpur Surat Gujarat 395009 India Surat Gujarat,,Billwise,P2673,HUL-10B812D-P23880,601914513826
L,Maa Kali Namkeen Mart-D,P2674,Sundry Debtor,Assets,null,26 Palapur Rd Thakor Dwar Society Sima Nagar,Surat Gujarat 395009 India,,Billwise,P2674,HUL-10B812D-P23894,384598593473
L,MAHAVEER KARYINA-D-D-D,P2675,Sundry Debtor,Assets,null,SANTI DEN TGB HOTEL WALI GALI,NEW PAL ROAD SURAT,SURAT,Billwise,P2675,HUL-134493D-P5430,APPLY FOR
L,Mataji Super Store-D,P2676,Sundry Debtor,Assets,null,6RM7+QF2 Balaji Nagar Society,Sardar Patel Society Dabholi Surat,Gujarat 395004 India,Billwise,P2676,HUL-10B812D-P23918,EGFPM2744J
L,GUPTA KIRANA STORE-D,P2677,Sundry Debtor,Assets,null,Plot no 06 laxmi nagar Jay Shivam Society - 2,Laxmi Nagar Society Singanpor Surat Gujarat 395004,,Billwise,P2677,HUL-10B812D-P23928,820111489803
L,Shakti Wonder World-D,P2678,Sundry Debtor,Assets,null,96 Ab Sita Kutir App .Katargam,Gujarat 395004 India Surat Surat Gujarat,,Billwise,P2678,HUL-10B812D-P23936,842896390211
L,Shakti Wonder World-D,P2679,Sundry Debtor,Assets,null,96 Sita Kutir Katargam Surat,Gujarat 395004 India Surat Gujarat,,Billwise,P2679,HUL-10B812D-P23943,842896390211
L,Kadri Janeral Store-D,P2680,Sundry Debtor,Assets,null,Shop No 3 Fatema Malam Teres,Rander Nana Bazar,Shak Market Surat,Billwise,P2680,HUL-10B812D-P23950,471548726278
L,Atharva General Store-D,P2681,Sundry Debtor,Assets,null,Shop No.1 Sai Pujan Residency Ranchhod Park,Surat Gujarat 395005 India Surat Gujarat,,Billwise,P2681,HUL-10B812D-P23986,587090847963
L,Umiya Dairy Super Store-D,P2682,Sundry Debtor,Assets,null,2 Shiven Arise Madhav Eliganace Asharam Ashram Jh,Mandir Jhagipura Surat Gujarat 395005 India Surat,,Billwise,P2682,HUL-10B812D-P24000,523082477509
L,RATAN STORES-D,P2683,Sundry Debtor,Assets,null,123 LALGI NAGAR NEAR SARDAR B,N.A.,N.A.,Billwise,P2683,HUL-10B234D-P29096,1
L,SARASWATI DAIRY &amp; PROVISION-D,P2684,Sundry Debtor,Assets,null,Shop No 6 And 7 Main Road Amroli Surat 394105,NR JALARAM MANDIR  Amroli,Surat,Billwise,P2684,HUL-10B812D-P24061,681802562531
L,Jay Barbrik-D,P2685,Sundry Debtor,Assets,null,Mora Tekra Main Road,Mora Tekra Surat Gujarat,,Billwise,P2685,HUL-10B812D-P24068,675759389364
L,AGRAWAL SUPER STORE-D,P2686,Sundry Debtor,Assets,null,G1 Squre One Mall Opp Ashirwad Ancliv Althan,Canal Road Surat 395007 India Bhimrad Surat Gujrat,,Billwise,P2686,HUL-10B812D-P24082,708487228522
L,Hingaj Kirana Store-D,P2687,Sundry Debtor,Assets,null,92 Bapa Sai Sitaram Society Kavas Gam Limla,Gujarat 395510 India,,Billwise,P2687,HUL-10B812D-P24096,899609249821
L,Ganesh Superstore-D,P2688,Sundry Debtor,Assets,null,Santoshi Nagar,Katargam,Katargam,Billwise,P2688,HUL-10A225D-P64948,1
L,SHIVAM BAKERY-D-D-D,P2689,Sundry Debtor,Assets,null,GUJRAT HOUSING BOARD,BEHIND LILA SHAH WADI,RAMNAGAR,Billwise,P2689,HUL-134493D-P5440,APPLY FOR
L,Rajput General Store-D,P2690,Sundry Debtor,Assets,null,1 Girnar Soc Krishna Park Society Uttran,Surat Gujarat 394105 India Surat Surat Gujarat,,Billwise,P2690,HUL-10B812D-P24117,648645848623
L,Khushi Aalupuri-D,P2691,Sundry Debtor,Assets,null,278 Palapur Rd Deepjyot Society Mahadev Nagar Pank,Nagar Surat Gujarat 395009 India India Surat Gujar,,Billwise,P2691,HUL-10B812D-P24138,239411613259
L,MAHALAXMI TRADERS-D,P2692,Sundry Debtor,Assets,null,28 Shramjivi Society-1 Umra Gam Athwa,Surat Gujarat 395007 India Surat Gujarat,,Billwise,P2692,HUL-10B812D-P24152,895733670969
L,Jalaram Stationary &amp; Catlary-D,P2693,Sundry Debtor,Assets,null,5PM6+GM7 Ruchi Township Kavas Limla Gujarat 394510,India Near Nand Cemist Kawas Limla Gujarat,,Billwise,P2693,HUL-10B812D-P24166,721346931657
L,Shakti Krupa Dairy-D,P2694,Sundry Debtor,Assets,jatinbhuva481@gmail.com,A8 Pujan Row House Near Pankaj,Nagar Sarswati School Surat Gujarat,,Billwise,P2694,HUL-10B812D-P24173,325404439235
L,KRUNAL PRO STORES-D-D-D-D,P2695,Sundry Debtor,Assets,null,MORA TEKRA,,MORA TEKRA,Billwise,P2695,HUL-133343D-P16567,APPLYED
L,RANUJA KARIYANA-D,P2696,Sundry Debtor,Assets,null,4 PARVATY NAGAR SOCITY Parvati Nagar-2 Katargam,Surat Gujarat 395004 India Surat Gujarat,,Billwise,P2696,HUL-10B812D-P24187,980745065032
L,Mahadevi Dairy Bakery Pro Store-D,P2697,Sundry Debtor,Assets,null,SHOP NO:- G5 ORCHID BLOSSOM opp. SHAVION,Palanpur Surat Gujarat 395009 India Surat Gujarat,,Billwise,P2697,HUL-10B812D-P24194,656970806883
L,Mahadev Pan And Cold Drink-D,P2698,Sundry Debtor,Assets,null,121 Rajhans Platinum Plaza Near Bhakti Dharam Town,TP-8 Palanpur Canal Rd Palanpur Surat Surat Gujara,,Billwise,P2698,HUL-10B812D-P24201,730744403299
L,LAXMI DAIRY-D,P2699,Sundry Debtor,Assets,null,1 Subhash Nagar Lalita Chowkadi Soci Surat,Gujarat 395004 India Surat Surat Gujarat,,Billwise,P2699,HUL-10B812D-P24215,403530118315
L,Saffron Namkeen-D,P2700,Sundry Debtor,Assets,null,G1 Time Squar Near Capital Green,Vesu 395007 Surat Surat Surat Gujarat,,Billwise,P2700,HUL-10B812D-P24229,BLHPS5650M
L,Sukhnidhi Namkeen &amp; Super Store-D,P2701,Sundry Debtor,Assets,null,6RM6+H9P Dabholi Rd Akhand Anand Society Yojna Par,Dabholi Village Surat Gujarat 395004 India Surat G,,Billwise,P2701,HUL-10B812D-P24236,600020532577
L,GITA BAKERY SWEET &amp; NAMKIN-D-D-D,P2702,Sundry Debtor,Assets,null,G-1  VIVEK APP.,OPP. SHIRIJI COMPLEX,BEHIND HOUSING,Billwise,P2702,HUL-134493D-P5445,APPLY FOR
L,Vaishnavi Kariyana &amp;Dairy-D,P2703,Sundry Debtor,Assets,null,85 Vishram Nagar Tribhuvan Nagar Singanpor Surat,Gujarat 395004 India Surat Surat Gujarat,,Billwise,P2703,HUL-10B812D-P24257,517100754745
L,POOJA DAIRy-D,P2704,Sundry Debtor,Assets,null,Ishwar Nagar Society Katargam Surat Gujarat 395004,India Beside Amica Super Store Surat Gujarat,,Billwise,P2704,HUL-10B812D-P24320,346734237440
L,S P BAKERS-D,P2705,Sundry Debtor,Assets,null,Shop.No.1 V.N House Besaid Milk Palace Gujarat,Gas Road Adajangam Surat Surat Gujarat,,Billwise,P2705,HUL-10B812D-P24468,AGQPC9979G
L,Mahakali Amul Parlar &amp; Bakery-D,P2706,Sundry Debtor,Assets,null,10Palak Residancy Amroli Cross Rd Amroli,Amroli Surat Gujarat 394107 India,Surat,Billwise,P2706,HUL-10B812D-P24510,455315729982
L,Jay Goga Dairy And Sweet-D,P2707,Sundry Debtor,Assets,null,Shop 1 2 Param Square Apt,Opp.Bhoomi Complex Palanpur Patiya Surat Gujarat,,Billwise,P2707,HUL-10B812D-P24538,2022082500032
L,Bherunath Dairy-D,P2708,Sundry Debtor,Assets,null,aaradhaya shope h3 201 b room 10 avas Amroli - K o,Rd SMC Twp Kosad Tenaments Surat Gujarat 394107 In,,Billwise,P2708,HUL-10B812D-P24545,375640419510
L,SAIKRUPA NAMKEEN-D,P2709,Sundry Debtor,Assets,null,Unnamed Road Yogi Nagar Society Dabholi Surat Guja,395004 India Near Janvi Medical Surat Gujarat,,Billwise,P2709,HUL-10B812D-P24601,975101855565
L,PRAKASH BEKARY  H U F-D,P2710,Sundry Debtor,Assets,null,RAM NAGAR CHAR RASTA RANDER ROAD,N.A.,N.A.,Billwise,P2710,HUL-10B234D-P29208,1
L,Shree Laxmi Dairy &amp; Sweet-D,P2711,Sundry Debtor,Assets,null,Shop No 10 Aagam Krupa VIP Road Vesu,Surat Guj Arat 395007 India Surat Gujarat,,Billwise,P2711,HUL-10B812D-P24636,AZAPP7593A
L,SUBH LAXMI DAIRY &amp;SWEET-D,P2712,Sundry Debtor,Assets,null,18 Ved Rd Vishram Nagar Tribhuvan Nagar Singan,por Surat Gujarat 395004 India Surat Gujarat,,Billwise,P2712,HUL-10B812D-P24742,682559437916
L,MILK&amp;MORE-D,P2713,Sundry Debtor,Assets,null,127 Dindayal Society Sima Nagar Surat Gujarat,395005 India,,Billwise,P2713,HUL-10B812D-P24749,510934766827
L,Majisa Dairy-D,P2714,Sundry Debtor,Assets,null,Sardar Patel Society Dabholi Sardar Patel Society,Dabholi Surat Gujarat 395004 India,,Billwise,P2714,HUL-10B812D-P24784,593089979822
L,SHREE AAI MATA BEKERY-D,P2715,Sundry Debtor,Assets,null,36.Bhagvan Nagar Society. Ugat,N.A.,N.A.,Billwise,P2715,HUL-10B234D-P29341,1
L,Sitaram Dairy &amp; Icecream Parlour-D,P2716,Sundry Debtor,Assets,null,Sop No 104 Pipals Pipals Paras Society,Katargam Surat Gujarat 395004 India Surat Gujarat,,Billwise,P2716,HUL-10B812D-P25198,AGEPP3479N
L,Gautam Namkeen Store-D,P2717,Sundry Debtor,Assets,null,112/111 Laxmi Narayan Society Kailash Nagar Soci E,Dabholi Surat Gujarat 395004 India Surat Gujarat,,Billwise,P2717,HUL-10B812D-P25226,248029470410
L,Shree Ghanshyam Namkeen Bakery-D,P2718,Sundry Debtor,Assets,null,Sai Recidency B H Shrushti,Shop1.2.3.4,Amroli Sayan Road,Billwise,P2718,HUL-10B234D-P26769,1
L,NR GRUH UDHYOG Rajwadi Namkin-D,P2719,Sundry Debtor,Assets,null,7QCG+367 GJ SH 6 Saroli Gujarat 395005,India Jodhan Main Road Saroli Gujarat,,Billwise,P2719,HUL-10B812D-P25366,365865961148
L,Kanaiya Namkeen Bakery &amp; Dairy-D,P2720,Sundry Debtor,Assets,null,Shop No 1Krishna Park Soc,UtranAmroli,Surat,Billwise,P2720,HUL-10B812D-P25401,858153692196
L,Jay Shree Sainath Dairy-D,P2721,Sundry Debtor,Assets,null,Vinayak Apt Near Helth Canter Palanpur Jakatnaka,Surat Gujarat 395009 India Surat Gujarat,,Billwise,P2721,HUL-10B812D-P25479,977614707761
L,Radhika Dairy-D,P2722,Sundry Debtor,Assets,null,4/MADHUVAN SOC Near TAKSHSHILA SCHOOL Amroli Su,Rat Gujarat 394107 India Surat Gujarat,,Billwise,P2722,HUL-10B812D-P25542,768442682970
L,Mahadev Dairy-D,P2723,Sundry Debtor,Assets,null,17 City Light Rd Athwa Surat Gujarat 395007,I Near City Light Medical Surat Surat Gujarat,,Billwise,P2723,HUL-10B812D-P25661,CXHPG6635H
L,Vishat Dairy &amp; Sweet-D,P2724,Sundry Debtor,Assets,null,3PHG+R83 Bhimpore Main Rd Bhimpore Surat,Gujar At 394550 India Surat Gujarat,,Billwise,P2724,HUL-10B812D-P25675,899960760121
L,DAILY NEEDS PARLOUR-D,P2725,Sundry Debtor,Assets,null,32 Palanpur Canal Rd Sant Crystal Avenue Palanp,Ur Surat Gujarat 395009 India India Surat Gujarat,,Billwise,P2725,HUL-10B812D-P25703,723012069883
L,Dwarkesh Dairy &amp; Sweet-D,P2726,Sundry Debtor,Assets,null,Bhesan Rd Ugat Palanpur Surat Gujarat,395005 India Rajharmoney Surat Gujarat,,Billwise,P2726,HUL-10B812D-P25710,BCJPR1256H
L,Kailash Bakery-D,P2727,Sundry Debtor,Assets,null,136 Vitthalnagar Soc,Bapasitaram Chowk,Dabholi Road Katargam,Billwise,P2727,HUL-10B234D-P29788,1
L,RUDHRA DAIRY,P2728,Sundry Debtor,Assets,null,Sai Enclave Apcha Nagar Surat Gujarat 395007 I,ndia,Althan Canal Road Surat,Billwise,P2728,HUL-10B812D-P26748,AAQPT2722C
L,Aum Dairy-D,P2729,Sundry Debtor,Assets,null,G9 Sangini Swaraj Nr. Palm Cricket Box Jahangir,Pura Surat Gujarat 395005 India Surat Gujarat,,Billwise,P2729,HUL-10B812D-P26756,728683809216
L,Anand Bakery &amp;Ice Cream-D,P2730,Sundry Debtor,Assets,null,Vaikunthdham Society,Hathimandir Road,Katargam Surat,Billwise,P2730,HUL-10A225D-P66170,1
L,RNB BAKERS PASTRY AND CAKE SHOP-D,P2731,Sundry Debtor,Assets,null,SHOP NO G 5,NEAR PRASHAD BAKER,GUJRAT HOUSING BORD RAMNAGR,Billwise,P2731,HUL-10B234D-P29810,1
L,CENTRAL LIVE BEKARI-D,P2732,Sundry Debtor,Assets,panseriya999hignesh@gmail.com,6RHG+9P5 Magan Nagar Rd Magan Nagar Parvati Nag Ar,Katargam Surat Gujarat 395004 India India Surat Gu,,Billwise,P2732,HUL-10B812D-P27042,778839720684
L,Gajanand Farsan And Bakery-D,P2733,Sundry Debtor,Assets,null,Shop 20 Balvan Nagar,Near Nimu Genrel Store,Singanpore,Billwise,P2733,HUL-10B234D-P26785,1
L,MAA BAKERY N NAMKEEN-D,P2734,Sundry Debtor,Assets,null,Kanthariya Hanuman Temple River Park Society Sin,Ganpor Surat Gujarat 395004 India Surat Gujarat,,Billwise,P2734,HUL-10B812D-P27136,584462899145
L,Nilkanth  DAIRY-D,P2735,Sundry Debtor,Assets,null,2 Laxminarayan Society-1 Dabholi Surat,Gujarat 395004 India Surat Gujarat,,Billwise,P2735,HUL-10B812D-P27178,ASZPH5373G
L,UPKAR BEKARY-D-D-D,P2736,Sundry Debtor,Assets,null,NR JULELAL MANDIR,RAM NAGAR,RANDER,Billwise,P2736,HUL-132967P1514,0
L,SHREE GANESH BISCUIT BEKARY-D-D-D,P2737,Sundry Debtor,Assets,null,6-SHREE RANG AVDHOOT SOC,NR RAMNAGAR BUS STAND,RAMNAGAR,Billwise,P2737,HUL-132967P0795,0
L,Krishna Bakery-D,P2738,Sundry Debtor,Assets,null,Singeerpur Charr Rasta,Sitel Bakery,Katargaam,Billwise,P2738,HUL-10A225D-P66379,1
L,Jai Khodiyar Dairy &amp; Sweet-D,P2739,Sundry Debtor,Assets,null,Shop No 1 Marutinadan Residency,Ambatalawadi Road,Kataragam,Billwise,P2739,HUL-10A225D-P66384,1
L,Saurastra Dery-D,P2740,Sundry Debtor,Assets,null,Shop.1Pratibha App.,Opp.Bhulka Vidhyabhavan,Katargam.Near Axar Prov.,Billwise,P2740,HUL-10A225D-P66755,1
L,Shital Biscuit Bekary-D,P2741,Sundry Debtor,Assets,null,Shop No7 Shivranjani Coplex,Singanpor Char Rasta,Vedroad Surat,Billwise,P2741,HUL-10A225D-P66771,1
L,SUMUL SQUERE-D,P2742,Sundry Debtor,Assets,null,113 PARISHAR APT OPP,RAILWAY PARCEL OFFICE,SUMUL DAIRY ROAD,Billwise,P2742,HUL-10A225D-P66782,1
L,Umiya Diry-D,P2743,Sundry Debtor,Assets,null,Shop No1 Shivang Compalax Parash Socity Katargam,Same,Same,Billwise,P2743,HUL-10A225D-P66895,1
L,Chamunda Paan And Codrink-D,P2744,Sundry Debtor,Assets,null,Gajera School Ratan Mala Complix,Gajera School Cercal,Amroli Road Surat,Billwise,P2744,HUL-10A225D-P66980,1
L,Fuleshwar Dairy-D,P2745,Sundry Debtor,Assets,null,Geeta Nagar 1 Krishna Medical Ni Bajuma,Balvant Nagar Road,Katrgam,Billwise,P2745,HUL-10A225D-P67156,1
L,Devi Krupa Dairy-D,P2746,Sundry Debtor,Assets,null,Utran Pavar House Road,107 Krishna Park Society,Mota Varacha,Billwise,P2746,HUL-10A225D-P67202,1
L,Madhav Backry-D,P2747,Sundry Debtor,Assets,null,Anmol Hights Shop.No 1,Utran,Sangripa Hight Same,Billwise,P2747,HUL-10A225D-P67212,1
L,KRISHNA DAIRY &amp;BAKERY-D,P2748,Sundry Debtor,Assets,lalitsolanki526@gmail.com,SHPO NO 8  9 PRAMUKH RESIDENSI,Near Riya Cemist,Katargam,Billwise,P2748,HUL-10A225D-P67322,1
L,Ashirwad Bakery-D,P2749,Sundry Debtor,Assets,null,95Raman NagarNr Shyam Wadi,Katargam,Surat,Billwise,P2749,HUL-10A225D-P67518,1
L,Kanaiya Namkeen And Bekry,P2750,Sundry Debtor,Assets,null,1 3 Aamba Talavadi Panchdev Society Katargam,Surat Gujarat 395004 India Surat Gujarat,,Billwise,P2750,HUL-10C120P22957,NKUPK9879Q
L,Kanaiya Namkeen &amp; Bakery.,P2751,Sundry Debtor,Assets,null,108 Cross Shoping Center Bhagu Nagar-1 Amroli,Surat Gujarat 394107 India Surat Gujarat,,Billwise,P2751,HUL-10C120P23014,923236125810
L,Raju Snacks Store,P2752,Sundry Debtor,Assets,null,Shop No.G6 Siddhachal Avenue Nr.jainam,Kariyana Peatham Circle Surat Gujarat,,Billwise,P2752,HUL-10C120P23046,921230300475
L,WONDER 2,P2753,Sundry Debtor,Assets,null,Satkar Apartment B-1-2 Anand Mahal Rd Near Maha La,Ghariwala Chatrapati Shivaji Nagar Adajan Gam Adaj,,Billwise,P2753,HUL-10C120P23054,DXIPS9489F
L,MAHIDA PAN And COLDRINK STORE,P2754,Sundry Debtor,Assets,mahidaprakashbhai0@gmail.com,6RC6+GX4 Causeway Rd Industrial Area Singanpor Sur,Shop No 3 Navnath Society Causway Road SURAT Surat,,Billwise,P2754,HUL-10C120P23062,641069019818
L,Raj Farsan,P2755,Sundry Debtor,Assets,altafrb72@gmail.com,159 Near Mitra Channel Kubernagar 1 Kubernagar,Katargam Darwaja Surat Gujarat 395004 India,Surat,Billwise,P2755,HUL-10C120P23069,696558488981
L,Jay Bhavani Palar,P2756,Sundry Debtor,Assets,null,C-2 Panchvati Raw House Palanpur Canal Rd Near Raj,Crystal Avenue Palanpur Sur At Gujarat 395009 Indi,,Billwise,P2756,HUL-10C120P23093,BLTPG5763R
L,CHAMUNDA DAIRY,P2757,Sundry Debtor,Assets,null,SHOP NO.35A/28 NEW BHATAR Udhana - Magdalla Rd B H,New City Light Althan Surat G Ujarat 395017 India,,Billwise,P2757,HUL-10C120P23103,377173259528
L,DESAI BAKERS,P2758,Sundry Debtor,Assets,null,4 Krishnadham Society Piplod Surat Gujarat 39 Near,Pragati Nagar Opp.Madhuram Dairy Piplod Surat Sura,,Billwise,P2758,HUL-10C120P23107,IRAZSVESU42312
L,Multi Flavour Food Retail,P2759,Sundry Debtor,Assets,null,Block No 254 Opp Adarsh Nagar Soc,Chhaprabhatha Road Amroli Surat Surat Gujarat,,Billwise,P2759,HUL-10C120P23108,248172783215
L,Nitya Bkary,P2760,Sundry Debtor,Assets,null,118 Chapprabhatta Amroli Surat Gujarat 394107,India,,Billwise,P2760,HUL-10C120P23113,701062240939
L,N.R.dairy &amp; Sweet Nd Namkeen Store,P2761,Sundry Debtor,Assets,null,6QHG+CGC Prabhudarshan Society Dahin Nagar Sura,t Gujarat 395005 India,,Billwise,P2761,HUL-10C120P23119,BLHPS5526E
L,Shree Hari Amulya Parlour,P2762,Sundry Debtor,Assets,null,5 Vaishnodevi Rd Canal Road Jahangir Pura Dahi,N Nagar Surat Gujarat 395005 India,,Billwise,P2762,HUL-10C120P23126,748441890151
L,Anantdeep BAKERY,P2763,Sundry Debtor,Assets,priyankapadhiyar1001@gmail.com,Unnamed Road Chapprabhatta Ganeshpura Surat Gu,Jarat 394107 India Surat Gujarat,,Billwise,P2763,HUL-10C120P23133,950794216509
L,Tulsi Super Store,P2764,Sundry Debtor,Assets,null,A-2 Vasant Vihar Society New City Light Bhartha,Na Surat Gujarat 395007 India,India,Billwise,P2764,HUL-10C120P23134,760562136584
L,Sumul Dairy Parlour,P2765,Sundry Debtor,Assets,scbhuva66@gmail.com,7Dangigev ComMadhvanand ChowkPeoples Paras Soc,Iety Katargam Surat Gujarat 395004 India,India,Billwise,P2765,HUL-10C120P23150,807778225697
L,Shree Dev Dairy,P2766,Sundry Debtor,Assets,rameshchanderkalal@gmail.com,1234 Smc Awas Amroli Surat Gujarat 394107 Ind,ia,Shri Devi Dairy Aawas H4 285 A4,Billwise,P2766,HUL-10C120P23151,321185497488
L,Pramukh Bakery,P2767,Sundry Debtor,Assets,null,78 Gujarat Housing Board Amroli Surat,Gujarat 394107 India Surat Gujarat,,Billwise,P2767,HUL-10C120P23155,683916822006
L,K Prakash Bakery,P2768,Sundry Debtor,Assets,biscuitwalad@gmail.com,Bhatha Road Near Nayra Petrol Pump,,,Billwise,P2768,HUL-10C120P23173,CCMPB5709H
L,Kalaji Kariyana Ice Cream,P2769,Sundry Debtor,Assets,null,Shop.No.1 To 3Plot No. 284 Sharda Mohalla B/H Fi,Re Station Gaurav Path Road Palanpur Surat Guj,Arat 395009 India,Billwise,P2769,HUL-10C120P23195,606255567152
L,Shree Bherunath Icecream,P2770,Sundry Debtor,Assets,null,Nr MahewaKavas Limla Hazira Gujarat 394510 In,Dia,,Billwise,P2770,HUL-10C120P23197,918282493822
L,Shreenathji Dairy,P2771,Sundry Debtor,Assets,null,shop 18 Hari har co society Hari Society,Katarga m Surat Gujarat 395008 India Surat Gujarat,,Billwise,P2771,HUL-10C120P23200,CBWPV4310B
L,Mallinath Foods,P2772,Sundry Debtor,Assets,null,Kingston Opposite Green City Rd Bhatha,Surat Gujarat 395009 India Surat Gujarat,,Billwise,P2772,HUL-10C120P23202,463745153822
L,V N ICE CREAM PARLOUR,P2773,Sundry Debtor,Assets,null,54 Green Valley Rd TGB Uma Park Society,Adajan Surat Gujarat 395009 India Surat Gujarat,,Billwise,P2773,HUL-10C120P23203,408182691732
L,RADHE STORE ICECREAM &amp;BAKERY,P2774,Sundry Debtor,Assets,null,Murali Dhar Road Ghod Dod Rd Near By Science,Cen Ter Athwa Surat Gujarat 395007 India Surat Guj,,Billwise,P2774,HUL-10C120P23204,248872969523
L,Lucky Dairy&amp; Bakery,P2775,Sundry Debtor,Assets,null,5RFR+XR8 Aman Society Bhatena Surat Gujarat,39 5002 India Surat Gujarat,,Billwise,P2775,HUL-10C120P23215,767115490761
L,Shiv Dairy,P2776,Sundry Debtor,Assets,null,6QHG+CGC Prabhudarshan Society Dahin Nagar Sura,T Gujarat 395005 India Surat Gujarat,,Billwise,P2776,HUL-10C120P23216,501792904421
L,Shree Momai Dairy,P2777,Sundry Debtor,Assets,null,Sabji Markit Puspa Nagar Udhna,Arat 395002 India,,Billwise,P2777,HUL-10C120P23222,517470199943
L,Gokul Dairy &amp; Colddrink Parlour,P2778,Sundry Debtor,Assets,null,Nilkamal Society Adajan Gam Adajan Surat Gujar,At 395009 India,Sangvi Complex Shop No 1,Billwise,P2778,HUL-10C120P23223,964980128253
L,BHARAT BAKERY,P2779,Sundry Debtor,Assets,null,39 Gopinath Row House Ved Road Opp. Hariom Mil,L Maninagar Bahuchar Nagar Katargam Surat Guj,Arat 395004 India,Billwise,P2779,HUL-10C120P23226,469231470423
L,Sai Icecream,P2780,Sundry Debtor,Assets,null,498 PADAR STREET NEW MAGDALLA,Surat Gujarat 395007 India,NEAR BANK OF BARODA,Billwise,P2780,HUL-10C120P23230,925215751257
L,Madhuram Dairy &amp; Sweet,P2781,Sundry Debtor,Assets,null,Sahyog Complex 11-12 Sayan Rd Opp. Pan Sarovar,Circle Vijay Nagar Mahavir Nagar Amroli Surat,Gujarat 395006 India,Billwise,P2781,HUL-10C120P23231,DRUPS2845P
L,Visat Namkeen Viratra Bakery,P2782,Sundry Debtor,Assets,null,G 77 Happy Green Signature Shoppers Vesu Surat,Nr Nilkanth Medical Vesu Surat Surat Gujarat,,Billwise,P2782,HUL-10C120P23247,952600322640
L,Navkar Dairy,P2783,Sundry Debtor,Assets,null,74 Krishna Park Society Soc-2 Uttran Surat Gu,Jarat 394105 India,,Billwise,P2783,HUL-10C120P23252,601591256937
L,Surabhi Dairy And Sweet,P2784,Sundry Debtor,Assets,pnr0480@gmail.com,6QCQ+X3H Morabhagal Surat Gujarat 395005 India,,,Billwise,P2784,HUL-10C120P23305,913859906505
L,Jay Chamuda Sweet &amp; Bekars,P2785,Sundry Debtor,Assets,null,6RJ7+X4H Laxminarayan Society-1 Dabholi Surat,Gujarat 395004 India,,Billwise,P2785,HUL-10C120P23309,970912902184
L,Nanak Bakery,P2786,Sundry Debtor,Assets,null,D4 Palanpur Rd Vivekanand Twp Palanpur Jakatnak,a Surat Gujarat 395009 India,,Billwise,P2786,HUL-10C120P23313,CMIPA0300B
L,LAXMI DAIRY &amp;SWEETS,P2787,Sundry Debtor,Assets,null,5QRH+W6G Pal Gam Surat Gujarat 394510 India,,,Billwise,P2787,HUL-10C120P23334,998724095166
L,Mahalaxmi Dairy,P2788,Sundry Debtor,Assets,prahaladram21102000@gmail.com,59 Paras Society Vrundavandham Society Katargam Su,India Bhaichand Ni Wadi Ambika Nagar Surat Gujarat,,Billwise,P2788,HUL-10C120P23349,929378271241
L,VIRATRA BAKERY,P2789,Sundry Debtor,Assets,null,Shop 8.9 Sharathi Complex Near China Gate 2 New,City Light Surat New City Light Surat Surat Gujara,,Billwise,P2789,HUL-10C120P23358,967945040320
L,Apple Soda,P2790,Sundry Debtor,Assets,null,Shop No. 4 5 Palanpur Rd Behind Ramnagar Deepm Ala,Nagar Jahangirabad Sima Naga R Surat Gujarat 39500,,Billwise,P2790,HUL-10C120P23360,997146316482
L,Jay Radhe Dairy Nd Bakery,P2791,Sundry Debtor,Assets,null,Sai Milap AptShavion Circle,Gaurav Path Road,,Billwise,P2791,HUL-10C120P23427,1
L,VASUDEV NAMKEEN AND BAKERY,P2792,Sundry Debtor,Assets,null,8 Unity Corner,L P Savani,Gauravpath Road,Billwise,P2792,HUL-10C120P23435,1
L,Shree Harsidhhi Maa Bakery &amp; Namkeen,P2793,Sundry Debtor,Assets,null,Masal CirclePalanpur Patiya.,,,Billwise,P2793,HUL-10C120P23438,1
L,Baneshwari Parlor,P2794,Sundry Debtor,Assets,null,Plot B 28 Shop No1,Paras Society,Jain Derasar Ni Gali  Katargam,Billwise,P2794,HUL-10C120P23456,1
L,Jay Bhavani Dairy &amp; Bakery,P2795,Sundry Debtor,Assets,null,Chikuwadi,Surat,GUJARAT,Billwise,P2795,HUL-10C120P23472,1
L,Shree Gopal Dairy Farm,P2796,Sundry Debtor,Assets,null,G-48 Green Signature Shoppers,Near Rebounce NearDipak Super Mart,Vesu Surat,Billwise,P2796,HUL-10C120P23481,1
L,NAVKAR DAIRY,P2797,Sundry Debtor,Assets,null,Opp ARIHANT KIRANA,SHOP NO1 SALIBHADAR,APP. Katargaam Surat,Billwise,P2797,HUL-10C120P23483,1
L,JAY BHAVANI BAKERS,P2798,Sundry Debtor,Assets,null,Near Uma Residency,Gajera Road Katargam,Surat GUJARAT,Billwise,P2798,HUL-10C120P23492,1
L,Shivam Parlour,P2799,Sundry Debtor,Assets,null,05 Nakshtra Platinum Palanpur Canal Rd Palanpur,Surat Gujarat 395009 India Surat Gujarat,,Billwise,P2799,HUL-10C120P23494,FMIPS5090D
L,SIKOTAR NAMKEEN,P2800,Sundry Debtor,Assets,null,Shop No 14 Prasiddhi Apartment Rd Maheshwari So Ci,Nagar Society Piplod Surat Guja Rat 395007 India S,,Billwise,P2800,HUL-10C120P23507,BXKPR0706C
L,Matangi Namkeen,P2801,Sundry Debtor,Assets,null,Shop No 8 Lakeview,Flat Opposite Western Height,Apartment Pal Surat Surat,Billwise,P2801,HUL-10C120P23522,1
L,Dharmandan Icecream And Coldrinks,P2802,Sundry Debtor,Assets,null,6RM7+46F Balaji Nagar Society Sardar Patel Socie T,Dabholi Surat Gujarat 395004 India Surat Gujarat,,Billwise,P2802,HUL-10C120P23526,ASIPT3088R
L,Jay Chamunda Dairy And Bakery,P2803,Sundry Debtor,Assets,null,A/12 Balvant Nagar Society Katargam Surat Guja,Rat 395004 India . Surat Gujarat,,Billwise,P2803,HUL-10C120P23529,AVPPC7798H
L,Mahavir Bakery &amp; Namkeen,P2804,Sundry Debtor,Assets,null,2 Padmavati Flats Patel Faliya New Kantareshwer Te,Society Society Katargam Surat Gujarat 395004 Indi,,Billwise,P2804,HUL-10C120P23546,CCWPB7864F
L,Laxminarayan Namkeen &amp; Bekri,P2805,Sundry Debtor,Assets,null,3 Vitthal Nagar Dabholi Rd Santoshi Krupa Societ,y Katargam Surat Gujarat 395004 India Surat Gujara,,Billwise,P2805,HUL-10C120P23554,BNSPR0176A
L,SHAKTI NAMKEENS,P2806,Sundry Debtor,Assets,shaktinamkeenssurat@gmail.com,Shop No G7 Olive Pride Opp.,JMD HALL Bhimrad Althan Surat Gujarat,,Billwise,P2806,HUL-10C120P23558,DEQPM2252K
L,ARBUDA BAKERY AND NAMKEEN,P2807,Sundry Debtor,Assets,null,Shop.No.30 Aagam Orchid Opp.Shiv Kartik Vip,Road Vesu Surat. Surat Gujarat,,Billwise,P2807,HUL-10C120P23723,IR/AZ/S/VESU/16365
L,Mateshwari Kirana&amp;Dairy,P2808,Sundry Debtor,Assets,null,7V45+H6C Kosad Surat Gujarat 394107 India Kasod,Road Sudama Park Soc Surat Gujarat,,Billwise,P2808,HUL-10C120P23724,537394931879
L,AAVO VHALA CHAHAT NAMAKEEN &amp;BAKERY,P2809,Sundry Debtor,Assets,null,NEAR AMBIKA MEDIAL,AKSHARADEEP COMPLEX,Katargaam,Billwise,P2809,HUL-10C120P23733,1
L,Arbuda Bakery,P2810,Sundry Debtor,Assets,null,G-40 Atlanta Business Hub VIP Road Opp. Ofira Ap,Partment Bharthana Surat Gujarat 395007 India Sura,,Billwise,P2810,HUL-10C120P23750,EHCPR7509Q
L,Modi Bakers,P2811,Sundry Debtor,Assets,null,Shop No 747 Squra Point,City LightS Urat Gujarat 395008 India,Surat,Billwise,P2811,HUL-10C120P23757,BMZPD5940A
L,Keshav Amul Parlour,P2812,Sundry Debtor,Assets,null,Mahalaxmi Comple L .P. Savani Circle Pal Palanpu,R Rd Honey Park Rd Adajan Surat Gujarat 395009,India,Billwise,P2812,HUL-10C120P23761,ALVPV5429N
L,JAY MADI SWEET &amp; FARSHAN,P2813,Sundry Debtor,Assets,null,Sai Ashish Traders Centre Surat,Gujarat 395007 India Surat Gujarat,,Billwise,P2813,HUL-10C120P23774,AQIPP6678H
L,Jay Khodiyar Dairy&amp; Sweet,P2814,Sundry Debtor,Assets,null,Rishikesh ReshidencyGayatri Nagar Manmandir,Chhaprabhatha Road,Surat,Billwise,P2814,HUL-10C120P23777,DCNPG6061H
L,Sumul Dairy Parlour,P2815,Sundry Debtor,Assets,null,Mayuri Apartment Hazira - Adajan Rd Saint Park S O,Pavan Bhumi Adajan Gam Adajan Surat Gujarat 395009,,Billwise,P2815,HUL-10C120P23778,NA
L,Shree KeilJai Mata Kar &amp; Pro Store,P2816,Sundry Debtor,Assets,null,B-702 Near Cook Doo Cook Pal Gam,Surat Gujarat 394510 India Surat Gujarat,,Billwise,P2816,HUL-10C120P23779,699550669526
L,Varudi Amul Super Store,P2817,Sundry Debtor,Assets,null,7 Govardhan Row House Chhapra Bhatha,Road Amroli Same Same Surat Gujarat,,Billwise,P2817,HUL-10C120P23784,ANEPG8496K
L,Varniraj Namkeen &amp; DRYFRUIT,P2818,Sundry Debtor,Assets,null,131 Aamba Talavadi Panchdev Society Katargam S,Urat Gujarat 395004 India Surat Gujarat,,Billwise,P2818,HUL-10C120P23785,AFMPT4031P
L,Janta Bakery,P2819,Sundry Debtor,Assets,null,b 134 Katargam Rd near City Point Restaurant Ku be,Katargam Surat Gujarat 395003 India 03 India Surat,,Billwise,P2819,HUL-10C120P23788,AKUPA3775E
L,SHIVAM DAIRY FARM,P2820,Sundry Debtor,Assets,null,Shop 1ambika Niketan Soc Amroli Old,Road Kosad Kosad Amroli Surat Gujarat,,Billwise,P2820,HUL-10C120P23792,CPFPK7857F
L,Dharmanandan Ice Cream &amp; Coldrinks,P2821,Sundry Debtor,Assets,null,Shop No 1 Balajinagar,Society Near Swaminarayan Temple,Dabholi Road Surat GUJARAT,Billwise,P2821,HUL-10C120P23794,1
L,Aashirwad Bakery Parlour,P2822,Sundry Debtor,Assets,null,Sozo Residency Main Market 589 Ichhapur 3no Kr Ish,Society Ichchhapor Surat Hazira Gu Jarat 394510 In,,Billwise,P2822,HUL-10C120P23796,BDUPG5755J
L,Santkrupa Dairy And Bakery,P2823,Sundry Debtor,Assets,null,Shop No 3 Nityanand,Appartment Kahan Fadiyu Lake,Garden Pase Surat GUJARAT,Billwise,P2823,HUL-10C120P23803,1
L,Shree Foods,P2824,Sundry Debtor,Assets,null,C 17 Agam Shopping Word Besaid Maa Sarswati Kirana,Agarwal School Canal Road Vesu Surat Guja Surat Gu,,Billwise,P2824,HUL-10C120P23813,FBGPD3727P
L,MADHURAM BAKERS,P2825,Sundry Debtor,Assets,null,57 New City Light Rd Sai Nath Mohalla,Althan S Surat Gujarat 395007 India Surat Gujarat,,Billwise,P2825,HUL-10C120P23815,AKQPR1345F
L,SHREE HARI ICECREAM &amp; PRO.,P2826,Sundry Debtor,Assets,null,Yogi Krupa Society 16-17 IOC Colony Subhash Nag,Ar Athwa Surat Gujarat 395007 India Surat Gujarat,,Billwise,P2826,HUL-10C120P23820,FJTPB4048A
L,Brahmani Dairy,P2827,Sundry Debtor,Assets,null,Block A B97 Santoshi Nagar Society Mira Nagar S,ociety Katargam Surat Gujarat 395004 India Surat G,,Billwise,P2827,HUL-10C120P23822,AUCPJ0379F
L,Aai Mata Namkeen Ad Bakry,P2828,Sundry Debtor,Assets,null,4 5 Narayan Nagar near Dhanmora Rd Narayan Naga,r Katargam Surat Gujarat 395004 India Surat Gujara,,Billwise,P2828,HUL-10C120P23835,CTJPN9037N
L,Veer Backery,P2829,Sundry Debtor,Assets,null,B22 Man Sarovar Shopping CentAmroli Surat,Gujara t 394107 India Surat Gujarat,,Billwise,P2829,HUL-10C120P23843,BGMPP6565L
L,Gogeshvar Bakery &amp; Dryfruit,P2830,Sundry Debtor,Assets,null,Simandhar Campus 27 Hazira Adajan Surat,Gujar at 395009 India Surat Gujarat,,Billwise,P2830,HUL-10C120P23849,DBUPR9712Q
L,Krishna Bakery,P2831,Sundry Debtor,Assets,null,19Divya Mall Nr.Manisha Garnala Amroli Oli,Surat Gujarat 394107 India Surat Gujarat,,Billwise,P2831,HUL-10C120P23853,GFNPB2519R
L,Shree Ashapira Dairy And KRIYANYA STORE,P2832,Sundry Debtor,Assets,null,53 Bhaichand Nagar Society Kubernagar Katarga m,Surat Gujarat 395004 India Surat Gujarat,,Billwise,P2832,HUL-10C120P23863,AGOPP0813E
L,Bahubali Dry Fruits &amp; Bakery,P2833,Sundry Debtor,Assets,null,3rd Floor Ratna Vijay Apppartment Vesu Surat,G Ujarat 395007 India Surat Gujarat,,Billwise,P2833,HUL-10C120P23866,AHBPS2522H
L,Rich N Cream,P2834,Sundry Debtor,Assets,null,17 Kailashdham Society Nandi Gram Society Katar,gam Surat Gujarat 395004 India Surat Gujarat,,Billwise,P2834,HUL-10C120P23869,BAZPA5670E
L,Nakoda Namkeen &amp; Dryfruit,P2835,Sundry Debtor,Assets,null,G1 Green Plam Opp Shreepad Arena Pal,Near Navkar Food,,Billwise,P2835,HUL-10C120P23880,AAVPJ4012G
L,NAVNEET DAIRY,P2836,Sundry Debtor,Assets,null,A-51 Chikuwadi Rd Datt Vijay Society Chikuvadi,Dan Gigev Society Katargam Surat Gujarat 39500,4 India,Billwise,P2836,HUL-10C120P23882,9512197302_QR_CODE
L,SAJAN PROVISION KIRANA STORE-D,P3107,Sundry Debtor,Assets,null,MAGDDALA GAM BAPUNAGAR 2 OPP SHIVSAI MEDICAL SURAT,N.A.,N.A.,Billwise,P3107,HUL-10B234D-P29194,1
L,Yash Super Store-D,P3108,Sundry Debtor,Assets,null,SHOP NO.13 Pam Corner Jahangir Pura,Surat Gujarat 395005 India Surat Gujarat,,Billwise,P3108,HUL-10B812D-P24447,707743577464
L,RIDDHISIDDHISUPERSTORE-D-D-D-D-D-D-D,P3109,Sundry Debtor,Assets,null,12MAHINDRAPARK,JAHINGIRPURANR.JAHANGIRPURAJIN,SURAT,Billwise,P3109,HUL-132638D-D0687,UNREGISTERED
L,Mahalaxmi Karyana And Dairy-D,P3110,Sundry Debtor,Assets,null,G9 Sangini Swaraj Nr. Palm Cricket Box,Jahangir Pura Surat Gujarat 395005 India,,Billwise,P3110,HUL-10B812D-P24461,967826740046
L,KHUSHBU DEEP SABU-D,P3111,Sundry Debtor,Assets,null,Mahila Mandir Ni Seri Daboli Chaar,Rasta Behind Gautam Kariyana Surat Gujarat,,Billwise,P3111,HUL-10B812D-P24482,412435070310
L,Jalasai Kariyana Store-D,P3112,Sundry Debtor,Assets,null,01 Morabhagal Surat Gujarat,395005 India Surat Gujarat,,Billwise,P3112,HUL-10B812D-P24489,433609446311
L,B Mart Super Store-D,P3113,Sundry Debtor,Assets,null,6 Krushnakunj,Residency Near Manisha Garnala,Utran Surat,Billwise,P3113,HUL-10B234D-P26717,1
L,PARAS SUPER STORE-D,P3114,Sundry Debtor,Assets,null,Raj Square Ne Sai Neel Hotel,Bus Stop 3 Ichhpore Hazira Gujarat,,Billwise,P3114,HUL-10B812D-P24496,609582779155
L,Shree Krishna Super Store-D,P3115,Sundry Debtor,Assets,null,A89 Ganga Nagar Dahin Nagar Dandi Road Canal Road,Jhagrabad Surat 395005 Surat 395009 Gujrat India S,,Billwise,P3115,HUL-10B812D-P24503,AMGPT0334E
L,DEEPAK PROVISION AND ICE-D,P3116,Sundry Debtor,Assets,deepakchoudhary000077@gmail.com,CAUSEWAY ROAD,CAUSEWAY,CAUSEWAY,Billwise,P3116,HUL-10A225D-P65153,1
L,Shree Bherunath Super Store-D,P3117,Sundry Debtor,Assets,null,Guruhum Plaza Sai Chowk Sayan Road Kosad Lake Ga,Rden Kosad Surat Gujarat 394107 India Surat Gujara,,Billwise,P3117,HUL-10B812D-P24531,640825189151
L,Harsh Ankita Kirana-D,P3118,Sundry Debtor,Assets,null,Krishna Nager Society Ichhpore No 3 Maa Kru Pa Kri,Nagar Society Ichchhapor Gujarat 3945 10 India Sur,,Billwise,P3118,HUL-10B812D-P24566,UDYAM-GJ-22-0190945
L,MARUTI SUPER STORE-D,P3119,Sundry Debtor,Assets,null,6RH6+27P Haridarshan Society Singanpor Surat G Uja,395004 India Near Aaiji Chemist Surat Gujarat,,Billwise,P3119,HUL-10B812D-P24580,566387638935
L,TULAJA BHAVANI KIRANA&amp; SUPER STORE-D,P3120,Sundry Debtor,Assets,null,Swaminarayan Mandir Near Sumanpratik 14 Maal,Aawas Haridarsn No Khadu Surat Gujarat,,Billwise,P3120,HUL-10B812D-P24594,827041469442
L,Khajuriya Shyam Kirana-D,P3121,Sundry Debtor,Assets,null,Nilkanthsociety2,Katargamroad,Katargam,Billwise,P3121,HUL-10A225D-P65213,1
L,Banshi Super Store-D,P3122,Sundry Debtor,Assets,null,B-401 Aamba Talavadi Sahyog Society Katargam S,Urat Gujarat 395004 India Surat Gujarat,,Billwise,P3122,HUL-10B812D-P24615,CLRPR3308A
L,OM SHANTI KARIYANA-D,P3123,Sundry Debtor,Assets,null,Ashirwwad Villa Gate No2 Surat,Surat,Surat 395007 India,Billwise,P3123,HUL-10B812D-P24622,FBGPM1958B
L,Vardhman Traders-D,P3124,Sundry Debtor,Assets,null,3 Chirag Dhopping Center Chhaprabhatha Road,Amroli Nr Arihant Park 395107 India,Amroli Gujrat Surat,Billwise,P3124,HUL-10B812D-P24629,24ASSPS8189E1ZY
L,S UTTAM RAM JAI KISAN DAS GOLWALA-D,P3125,Sundry Debtor,Assets,null,A13 Shanti Sadan Complex Near Palanpur Patia Near,School Adajan Surat Surat 395009 Gujrat Surat Guja,,Billwise,P3125,HUL-10B812D-P24650,AOHPB2994K
L,MANISHA GENARAL STORE-D,P3126,Sundry Debtor,Assets,null,Shop No 5 Krishna Complex Opp Government Quatur,Ramnagar Sima Nagar Surat Gujarat 395005 Indi,A,Billwise,P3126,HUL-10B812D-P24658,374978889326
L,SHREE DARSHAN TOBACCO &amp; PRO. STORE(SMART)-D-D-D-D-,P3127,Sundry Debtor,Assets,null,A-6LAXMI KIRTAN APP.,TARWADI,SURAT,Billwise,P3127,HUL-132638D-D0874,24220202263
L,Kapil Tea Center-D,P3128,Sundry Debtor,Assets,null,34 Gaurav Path Road Piplod Surat Gujarat 39500,9 India,,Billwise,P3128,HUL-10B812D-P24672,496344989700
L,JAY JALARAM SABU-D,P3129,Sundry Debtor,Assets,null,Ground FloorNarayannagar Char Rasta Asha Nagar S,Ociety Snehsagar Society Katargam Surat Gujara,T 395004 India,Billwise,P3129,HUL-10B812D-P24679,603422082304
L,AMBICA TRADEING-D,P3130,Sundry Debtor,Assets,null,Kawas Gam Opp Mahalaxmi General,N.A.,N.A.,Billwise,P3130,HUL-10B234D-P29229,1
L,Umiya Dairy And Provision Store-D,P3131,Sundry Debtor,Assets,null,6R9H+9J5 Jeram Morar Ni Vadi Chikuvadi Vrundava,Ndham Society Katargam Surat Gujarat 395004 In,Dia,Billwise,P3131,HUL-10B812D-P24686,ASYPK1342F
L,Krishna Super Store-D,P3132,Sundry Debtor,Assets,null,6VM9+J25 Uttran Surat Gujarat,394105 India Surat Gujarat,,Billwise,P3132,HUL-10B812D-P24700,951350567225
L,Ashok Genaral Store-D,P3133,Sundry Debtor,Assets,null,153 Gruham Icon New Kosad Rd SMC Twp,Amroli Su Rat Gujarat 394107 India Surat Gujarat,,Billwise,P3133,HUL-10B812D-P24721,AGMPC5523E
L,Dhruvi Genralstore-D,P3134,Sundry Debtor,Assets,null,Opp Shree Villa,Katargam,Katargam,Billwise,P3134,HUL-10A225D-P65338,1
L,Jay Ambe Dana Chana-D,P3135,Sundry Debtor,Assets,null,72 Balvant Nagar Society Bhalchandra Nagar Socie,ty Vishal Nagar Surat Gujarat 395004 India,Oppo Umiya Plastick,Billwise,P3135,HUL-10B812D-P24756,873918375904
L,GAYATRI DARSHAN SUPER STORE-D,P3136,Sundry Debtor,Assets,null,5Q6G+62J Tirupati Nagar Himgiri Society Piplod,Surat Gujarat 395007 India Surat Gujarat,,Billwise,P3136,HUL-10B812D-P24763,283645661402
L,Janvi Bakery &amp; Super Store-D,P3137,Sundry Debtor,Assets,null,7 Govardhan Soc Chhaprabhatha Rd Amroli,394107 India .. Surat Gujarat,,Billwise,P3137,HUL-10B812D-P24770,573949661393
L,Gokul Masala-D,P3138,Sundry Debtor,Assets,null,Behind Gokul Soliter Vesu Vip,Road Surat Surat Gujarat,,Billwise,P3138,HUL-10B812D-P24777,630068939231
L,ATRE SABU SHOP-D,P3139,Sundry Debtor,Assets,null,6RH9+P78 Maheta Nagar Society Mehta Nagar Singa,npor Surat Gujarat 395004 India,,Billwise,P3139,HUL-10B812D-P24805,497566517547
L,Jay Mataji Kirana Stores-D,P3140,Sundry Debtor,Assets,null,11 Rd Part 2 Sima Nagar Sant Tukaram Society P Ala,Tukaram Society Part 2 Pa Lanpur Jakatnaka Surat G,,Billwise,P3140,HUL-10B812D-P24819,ADWPL8308D
L,Vinayak Genral-D,P3141,Sundry Debtor,Assets,null,7Q7M+M45 Near Old Gram Panchayat Saroli Gujarat,394520 India Mandir Falyu Saroli Saroli Gujarat,,Billwise,P3141,HUL-10B812D-P24840,335182920645
L,SHREE SOMNATH DAIRY&amp;PROVISION-D,P3142,Sundry Debtor,Assets,null,SMURTI SOCIETY,FULPADA ROAD GAJERA CRKAL,KATARGAM,Billwise,P3142,HUL-10A225D-P65414,1
L,RIDDHI SIDDHI KARIYANA STORE-D,P3143,Sundry Debtor,Assets,null,NR RADHA SWAMI MEDICAL SURAT,N.A.,N.A.,Billwise,P3143,HUL-10B234D-P29313,1
L,SHREE KHODAL SUPER STORE-D,P3144,Sundry Debtor,Assets,null,6RP8+F93 Pramukh Darshan Society Dabholi Surat,Gujarat 395004 India,,Billwise,P3144,HUL-10B812D-P24896,556582861599
L,Shree Swaminarayan Super Store-D,P3145,Sundry Debtor,Assets,null,1 Jigar Park Soc Ved Rd Near Cancer Hospital D Ars,Society Pramukh Darshan Society Dabh Oli Surat Guj,,Billwise,P3145,HUL-10B812D-P24917,BIJPK0372B
L,R.D.Super Store-D,P3146,Sundry Debtor,Assets,null,6 Doctor Park Rd Shree Shradha Society Morabhag,Al Surat Gujarat 395005 India India Surat Gujarat,,Billwise,P3146,HUL-10B812D-P24931,AIVPP1375N
L,Gujrat Dari-D,P3147,Sundry Debtor,Assets,null,Shop No. 1 Paradize Plaza Opposite Piperdiwala S C,Naher Colony Rander Surat Gujarat 395005 India Sur,,Billwise,P3147,HUL-10B812D-P24946,881967140519
L,SONAL KIRANA-D,P3148,Sundry Debtor,Assets,null,6RC6+2WC Industrial Area Singanpor Surat Gujar,At 395004 India,Suman Nisarg Awas,Billwise,P3148,HUL-10B812D-P24953,581336971427
L,Aamir Stor-D,P3149,Sundry Debtor,Assets,null,Vachali Strit Amlipura Rander Mat Nagar Rander,Surat Gujarat 395005 India Rander Surat Gujarat,,Billwise,P3149,HUL-10B812D-P24960,712442455716
L,SHREE BHAGWATI SUPER STORE-D,P3150,Sundry Debtor,Assets,null,G 7 AGRESHAN POINT NR  MAHARAJA AGRESHAN BHAVAN,CITY LIGHT SURAT,N.A.,Billwise,P3150,HUL-10B234D-P29320,1
L,KAALIKA KIRANA-D,P3151,Sundry Debtor,Assets,null,52 52 Rajput St Tekra Faliya Dabholi Surat,G Ujarat 395004 India HalPTI RIWAS Surat Gujarat,,Billwise,P3151,HUL-10B812D-P24981,807063026145
L,JAIN PROVISON STORE-D,P3152,Sundry Debtor,Assets,null,8 Rajput Faliya Dabholi Village Surat Gujarat,395004 India Daboli Gaam Surat Gujarat,,Billwise,P3152,HUL-10B812D-P25037,578219487128
L,BALAJI PANEER SUPPLIERS-D,P3153,Sundry Debtor,Assets,null,395005 Malhar Apatmant Gal Tavar Ni Gali Ma Tadva,At 395005 India Prabhat Tara Skul Surat Gujarat,,Billwise,P3153,HUL-10B812D-P25051,AFWPG6727P
L,Shree Super Store-D,P3154,Sundry Debtor,Assets,null,6RJ3+P52 Dabholi Surat Gujarat,395004 India Surat Gujarat,,Billwise,P3154,HUL-10B812D-P25065,402322286254
L,Sana MoBILE &amp; Digital Services-D,P3155,Sundry Debtor,Assets,null,3JXW+72J Hazira Gam Hazira Gujarat,394270 Indi A Hazira Gujarat,,Billwise,P3155,HUL-10B812D-P25079,641421155555
L,Ambika Dairy &amp; Super Stores-D,P3156,Sundry Debtor,Assets,null,52 Shop No.1,Akashganga Society Rashi Circle,Katargam,Billwise,P3156,HUL-10A225D-P65450,1
L,AYUSHI KIRANA STORE-D,P3157,Sundry Debtor,Assets,null,Vodod Nahar Sadguru Socity Masma Olpad,Surat Near Sai MedicL Talad Gujarat,,Billwise,P3157,HUL-10B812D-P25093,514900196945
L,STAR DYNAMIC-D,P3158,Sundry Debtor,Assets,null,Dr. Ajaysinh H. Mahida 6 Shantinath Complex Opp. G,India Anand Mahal Rd Ra Mdevnagar Society Jyoti Na,,Billwise,P3158,HUL-10B812D-P25100,432873108043
L,Shree Krishna Traders-D,P3159,Sundry Debtor,Assets,null,G-32  corner vaasupujya residency,N.A.,N.A.,Billwise,P3159,HUL-10B234D-P29369,1
L,Shree Ganesh Tobacco And Genral Store-D,P3160,Sundry Debtor,Assets,null,Sheetal Residency Chhaprabhatha Rd Chapprabhatta G,Surat Gujarat 394520 India Surat Gujarat,,Billwise,P3160,HUL-10B812D-P25114,CVXPP7190J
L,BRAHMANI TRADERS-D,P3161,Sundry Debtor,Assets,null,57 57 Causeway Rd Manipark Society Dabholi,Su Rat Gujarat 395004 India Surat Gujarat,,Billwise,P3161,HUL-10B812D-P25121,842709348203
L,SANGEETA SUPER MARKET-D,P3162,Sundry Debtor,Assets,null,Shop No. 1 Zeel Complex Aamba Talavadi Patel P,Ark Society Katargam Surat Gujarat 395004 Indi,A,Billwise,P3162,HUL-10B812D-P25149,AAOPC8470E
L,Sitaram Namkeen-D,P3163,Sundry Debtor,Assets,null,112/111 Laxmi Narayan Society Kailash Nagar Soci E,Dabholi Surat Gujarat 395004 India Surat Gujarat,,Billwise,P3163,HUL-10B812D-P25163,200030278828
L,Purabji Kirana-D,P3164,Sundry Debtor,Assets,null,367-2 Ugat Rd Shreeji Nagari Jahangirabad Sima Nag,Surat Gujarat 395005 India Mahadqv Tampals Surat G,,Billwise,P3164,HUL-10B812D-P25177,543457799010
L,SHIV SAI GENERAL STORE-D,P3165,Sundry Debtor,Assets,null,7QQ8+QVQ Olpad Rd Olpad Surat Gujarat 394540,India Near Prince School Surat Gujarat,,Billwise,P3165,HUL-10B812D-P25184,674437243277
L,Shree Sai Home Care-D,P3166,Sundry Debtor,Assets,mohitviradiya75@gmail.com,106 Krishna Park Utran,Amroli Surat Surat Gujarat,,Billwise,P3166,HUL-10B812D-P25191,351435704121
L,Jay Chamunda KIRANA-D,P3167,Sundry Debtor,Assets,null,367-2 Ugat Rd Shreeji Nagari Ka Picha Nagar,Surat Gujarat 395005 India Botonikal Gadan Surat G,,Billwise,P3167,HUL-10B812D-P25219,774931067742
L,Ok Sabu-D,P3168,Sundry Debtor,Assets,null,NA,Katargam,Katargam,Billwise,P3168,HUL-10A225D-P65496,1
L,SAFFRON NAMKEEN-D,P3169,Sundry Debtor,Assets,null,PARLE POINTNEAR VARDHMAN PROVISION STORE,N.A.,N.A.,Billwise,P3169,HUL-10B234D-P29495,1
L,Dhara Kirana Store-D,P3170,Sundry Debtor,Assets,null,Shop No 2 Dharmbhakti Apt Community,Hall Utran Amroli Surat Surat Gujarat,,Billwise,P3170,HUL-10B812D-P25247,753562292955
L,Shambhu Kirana Store-D,P3171,Sundry Debtor,Assets,null,5MF6+R3Q Mora Tekra GSEG Colony Hazira,Gujarat 394510 India Hazira Gujarat,,Billwise,P3171,HUL-10B812D-P25261,309975780786
L,Jyoti Kirana  Store-D,P3172,Sundry Debtor,Assets,null,Shop No 5 Vasudev Com Piplod,Surat Piplod Surat Surat Surat Gujarat,,Billwise,P3172,HUL-10B812D-P25268,300990160243
L,Jay Amba Kirana Store-D,P3173,Sundry Debtor,Assets,null,Jahagira Bad 395005 India Dimart,Mol Ka Pas Surat Gujarat,,Billwise,P3173,HUL-10B812D-P25289,323957023185
L,JAY SHANKAR PRVISION-D-D-D-D-D-D,P3174,Sundry Debtor,Assets,null,SHOP NO. 46 OPP.ICHHAPORPOR SHAHAKARI MANDALI,ICHHAPOR,NA,Billwise,P3174,HUL-132638P8912,UNREGISTERED
L,ARIHANT SUPER MARKET-D,P3175,Sundry Debtor,Assets,null,G2 Sigma Shoppers Shubh Residenncy Vesu Oppers Nea,2 Ward 2 Vesu Su Rat Gujarat 394518 India Surat Gu,,Billwise,P3175,HUL-10B812D-P25324,AWVPL2922K
L,KALPVRUX GENERAL STORES-D,P3176,Sundry Debtor,Assets,null,5MW8+C9P Damka Gujarat 394510 India,Mandvi Friyu Damka Gujarat,,Billwise,P3176,HUL-10B812D-P25331,335909039107
L,JAY MATAJI KARIYANA STORE-D,P3177,Sundry Debtor,Assets,null,Unnamed Road Ambheta Gujarat 394520 India Jamnagar,Fadiyu Near Rangooni Factory Ambheta Gujarat,,Billwise,P3177,HUL-10B812D-P25373,471647940496
L,Ekta Ganral Store-D,P3178,Sundry Debtor,Assets,null,Rander Bus Stop Helth Canter Ni Same,Rander,,Billwise,P3178,HUL-10B812D-P25408,571035191295
L,Padala Supar Stor-D,P3179,Sundry Debtor,Assets,null,Shop No 11 Maviya Residency New Rander Rd Gorat,Rander Surat Gujarat 395005 India,Rander,Billwise,P3179,HUL-10B812D-P25415,427427095132
L,Mahavir Kariyana Stores-D,P3180,Sundry Debtor,Assets,null,928 Ekta Nagar Naginawadi Patel Nagar Surat,G Ujarat 395004 India Surat Gujarat,,Billwise,P3180,HUL-10B812D-P25430,969737729500
L,Rameshwar Super Store-D,P3181,Sundry Debtor,Assets,null,25 Krushnakunj Residency Near B,Mart Utran Amroli Surat Gujarat,,Billwise,P3181,HUL-10B812D-P25437,700117090854
L,Mahadev Superstore-D,P3182,Sundry Debtor,Assets,null,NA,Katargam,Katargam,Billwise,P3182,HUL-10A225D-P65531,1
L,Prti Desai-D,P3183,Sundry Debtor,Assets,null,Shop No 3 Kenal Residence,Rivardel School Ni Same,Hari Om Petrol Pump Same Pal Gam Road.,Billwise,P3183,HUL-10B234D-P29629,1
L,Jain Super Store-D,P3184,Sundry Debtor,Assets,null,18 Dabholi Rd Tekra Faliya Dabholi Village,Sur at Gujarat 395004 India Surat Gujarat,,Billwise,P3184,HUL-10B812D-P25486,201816427921
L,Pramukh Store-D,P3185,Sundry Debtor,Assets,null,3PMH+5J4 Japtisath St Bhimpore Surat Gujarat,3 94550 India Surat Gujarat,,Billwise,P3185,HUL-10B812D-P25493,594499172780
L,R V Store-D,P3186,Sundry Debtor,Assets,null,3PJH+RHW Bhimpore Surat Gujarat,394550 India Surat Gujarat,,Billwise,P3186,HUL-10B812D-P25507,CLYPK8788G
L,Swaminarayan General Store-D,P3187,Sundry Debtor,Assets,null,Nanibajar 3PJH+FMW Bhimpore Surat Gujarat,394 550 India Surat Gujarat,,Billwise,P3187,HUL-10B812D-P25514,338839298181
L,JK TRADERS-D,P3188,Sundry Debtor,Assets,null,A-1 Palanpur Canal Main Road Jahangirabad Palan,Omkar Residency Canal Road Surat Gujarat,,Billwise,P3188,HUL-10B812D-P25535,380558262514
L,Mohit Kariyana Store-D,P3189,Sundry Debtor,Assets,null,A-95 Madhuvan Society Amroli Surat Gujarat,394 107 India Surat Gujarat,,Billwise,P3189,HUL-10B812D-P25549,229841875183
L,AMBIKA SUPER STORES-D-D-D-D,P3190,Sundry Debtor,Assets,null,34-AVAGPURI SOC,OPP SMC GARDEN,PAL ROAD,Billwise,P3190,HUL-134493D-P5642,0000
L,Shri Adinath Cosmetic-D,P3191,Sundry Debtor,Assets,null,6Q6F+G5H Palanpur Surat Gujarat,395009 India Surat Gujarat,,Billwise,P3191,HUL-10B812D-P25556,409550423166
L,Ambica Kirana Store-D,P3192,Sundry Debtor,Assets,null,Shop No. 4 Maruti Apt. Akshar Nagar Katargam Near,Morar Ni Vadi Chikuvadi Hariom Society Katargam Su,,Billwise,P3192,HUL-10B812D-P25563,ONYPS2842R
L,Shree Khodiyar Kirana-D,P3193,Sundry Debtor,Assets,null,Parvati Nagarsociety,Katargam,Bapasitaramchok,Billwise,P3193,HUL-10A225D-P65581,1
L,Shree Devnaryan Kariyana,P3194,Sundry Debtor,Assets,null,Shop No. 2palanpur Ugat Canal Rd Yandeep Soc Opp A,Omkar Recidenc Palanpur Surat Gujarat 395 Surat Gu,,Billwise,P3194,HUL-10B812D-P25590,323543101076
L,Jay Shree Balaji Super Store-D,P3195,Sundry Debtor,Assets,null,Kodiyar Krupa Sosaity Panch Vati Palas Dav Krupa S,Ni Bajuma Sharda Nayan School Ni Surat Gujarat,,Billwise,P3195,HUL-10B812D-P25599,842687887524
L,Umiya Kariyana &amp; General Store-D,P3196,Sundry Debtor,Assets,null,404-City Heart Sayan To Amroli Rd Amroli,Surat Gujarat 394107 India Surat Gujarat,,Billwise,P3196,HUL-10B812D-P25615,574545140042
L,RASANKART SUP STORE-D,P3197,Sundry Debtor,Assets,null,13 Katie Society,Nr Florence Hospital,Udhna Magdala Vesu Surat,Billwise,P3197,HUL-10B234D-P29712,1
L,Shiv Shakti Kariyana-D-P,P3198,Sundry Debtor,Assets,null,G 1 Matru Villa Apt B H,Lack Garden Kahan Faliyu Katargam Surat Gujarat,,Billwise,P3198,HUL-10B812D-P25682,CBEPJ3471K
L,NAVKAR STORE-D,P3199,Sundry Debtor,Assets,null,G. 38 Rajhans Stadium Plaza Palanpur Surat,Guja Rat 395009 India Surat Gujarat,,Billwise,P3199,HUL-10B812D-P25689,753294219171
L,Khodiyarprovisionstore-D,P3200,Sundry Debtor,Assets,null,NA,Katargam,Katargam,Billwise,P3200,HUL-10A225D-P65671,1
L,AAHUJA PROTEINS-D,P3201,Sundry Debtor,Assets,null,3 RAJESHWER COMPLEX,BAJANWALA  COMPLEX,TADWADI ADAJAN,Billwise,P3201,HUL-10B234D-P29760,1
L,MAHALAXMI TRADERS -D-D-D-D-D-D-D-D-D,P3202,Sundry Debtor,Assets,null,SHOP-7/8 SUN LIGHT COMPLEX,NEAR PARMUKH MEDICAL,UGAT ROAD,Billwise,P3202,HUL-133343D-P17515,APPLYED
L,Rutu Superstore-D,P3203,Sundry Debtor,Assets,null,Rangavdhut 2,Katargam,Katargam,Billwise,P3203,HUL-10A225D-P65741,1
L,Mahi Kirana-D,P3204,Sundry Debtor,Assets,null,477 Sahjanand Soc,Hari Darshan Khada,Dabholi Road,Billwise,P3204,HUL-10B234D-P26535,1
L,NEW BABA RAMDEV KRIYANA STORE -D-D-D-D-D-D,P3205,Sundry Debtor,Assets,null,236 KRISHANA NAGAR,ICCHAPUR SURAT,SURAT,Billwise,P3205,HUL-133173P898,APP
L,NEW GOOD LUCK STORES(SVS-4)-D-D-D-D-D-D-D,P3206,Sundry Debtor,Assets,null,3SHREE DHAR COMPLEX,NR.SHANSKAR BHARTI SCH,NEW RANDER ROAD,Billwise,P3206,GJ39500961108,24220200772
L,Pooja Genralstore-D,P3207,Sundry Debtor,Assets,null,Sivadhara,Katargam,Katargam,Billwise,P3207,HUL-10A225D-P65946,1
L,Newjijivad Provisionstore-D,P3208,Sundry Debtor,Assets,null,Shreenathji Darshan,Katargam,Katargam,Billwise,P3208,HUL-10A225D-P65956,1
L,Shivkrupa Provisionstore-D,P3209,Sundry Debtor,Assets,null,Shreenathji Darshansociety,Katargam,Katargam,Billwise,P3209,HUL-10A225D-P65976,1
L,VIJAY GENERAL STORES-D-D,P3210,Sundry Debtor,Assets,null,BRAHMA MOHOLLO,KOSAD GAM,SURAT,Billwise,P3210,HUL-101471D-P13905,0
L,Devnarayan Provision Store-D,P3211,Sundry Debtor,Assets,null,C/9 Sant Gyaneshwar Society Mahadev Nagar Panka J,Nagar Surat Gujarat 395009 India Surat Gujarat,,Billwise,P3211,HUL-10B812D-P26739,577963349036
L,CHAMUNDA KARIYANA STORE-D,P3212,Sundry Debtor,Assets,null,SHOP NO.3.LAKE POINT,LAKEVIEW RESIDENCY,KOSAD AMROLI,Billwise,P3212,HUL-10A225D-P66165,1
L,New Patel Kariyana Store-D,P3213,Sundry Debtor,Assets,null,Green City Bhatha Approach Bhatha Surat,Gujarat 394510 India Surat Gujarat,,Billwise,P3213,HUL-10B812D-P26770,390149230221
L,Laxmi  Dairy &amp; Super Stores-D,P3214,Sundry Debtor,Assets,null,Shop No 1 Siddhgiri Residency Opp Vaishno Devi Lif,Near Nishal Circles Pal Roa Gujarat 394510 India S,,Billwise,P3214,HUL-10B812D-P26785,566099477364
L,Kanhaiya Super Store-D,P3215,Sundry Debtor,Assets,null,SHOP.NO.56 RAGHUVIR SAFFRON,Nr.Siddheshwari Dairy Althan,Althan Bhimrad Road Surat.,Billwise,P3215,HUL-10B812D-P26799,BTHPR4352K
L,Anjali Super Store-D,P3216,Sundry Debtor,Assets,null,46 Palanpur Rd Shanti Kunj Society Palanpur Jak,Atnaka Surat Gujarat 395009 India Surat Gujarat,,Billwise,P3216,HUL-10B812D-P26821,BYOPC8274P
L,JAY JALARAM KIRANA STORES-D-D-D-D,P3217,Sundry Debtor,Assets,null,SURESH PARK SOC. NR AMBIKA TRADERS,ADAJAN,SURAT,Billwise,P3217,HUL-134493D-P5662,0000
L,new SHIVAM TRADERS-D,P3218,Sundry Debtor,Assets,null,Kunti Shopping Centre Deepa Complex 12 Hazira - Ad,Krishna Nagar Soci ety Premjinagar Society-1 Gita,,Billwise,P3218,HUL-10B812D-P26844,363723336591
L,Bhavani Kirana Store-D,P3219,Sundry Debtor,Assets,null,NO.1 SHIV SHAKTI A1 S.M.C AVAS Nr.Madhuvan Ro,House Nr.Madhuvan Circle Adajan Gam Surat Surat Gu,,Billwise,P3219,HUL-10B812D-P26861,BBDPG1398G
L,Shree Khimaj Mata Super Store-D,P3220,Sundry Debtor,Assets,null,L 7 Jayraj Soc Near Ashok,Medical Ichhhapor 3 Surat Ichhapur Gujarat,,Billwise,P3220,HUL-10B812D-P26868,463644575309
L,SUPER AGARWAL MART-D,P3221,Sundry Debtor,Assets,null,G1 Atlanta Business Hub VIP Road Nr Ofira Surat G1,Business Hub VIP Road Nr Ofira Surat Surat Vesu Su,,Billwise,P3221,HUL-10B812D-P26897,226637134293
L,NEW LAXMI SUPER STOR-D,P3222,Sundry Debtor,Assets,null,SHOP NO 2,NEAR JALARAM PETROL POP,NEAR CHAMUNDA SUPER,Billwise,P3222,HUL-10A225D-P66188,1
L,Pramukh Super Store-D,P3223,Sundry Debtor,Assets,null,SAI ROW HOUSE 20/A near MANKI RESIDENCE near SH RU,Neel Kanth Apartment Amroli Sura t Gujarat 394107,,Billwise,P3223,HUL-10B812D-P26925,BYPPP2705R
L,Navkaar Foods-D,P3224,Sundry Debtor,Assets,null,111 BLUE TRIO Opp. Green City Road,Bhatha Surat Gujarat 394510 India Surat Gujarat,,Billwise,P3224,HUL-10B812D-P26940,950974896110
L,Balaji G/S-D,P3225,Sundry Debtor,Assets,null,298 Palapur Rd Dipanjali Society Deepjyot Socie Ty,Pankaj Nagar Surat Gujarat 39 5009 India Surat Guj,,Billwise,P3225,HUL-10B812D-P26948,561056597954
L,BR BROS-D,P3226,Sundry Debtor,Assets,null,Beside L-17 Chandni Chowk Near Vijay Sales Nand,I Park Society Piplod Surat Gujarat 395007 Ind,Ia,Billwise,P3226,HUL-10B812D-P26962,20722031000591
L,AAI MATA SUPER-D,P3227,Sundry Debtor,Assets,null,Shop No. 5 Samarpan Heights Vaishnodevi Road Ja H,Dahin Nagar Surat Gujarat 395005 In Dia Surat Guj,,Billwise,P3227,HUL-10B812D-P26969,869282840049
L,shivam pro stores,P3228,Sundry Debtor,Assets,null,6Q9M+7GC Ugat Rd Bhuvaneshwari Lowcast Colony J Ah,Nagar Surat Gujarat 395005 In Dia Surat Gujarat,,Billwise,P3228,HUL-10B812D-P26978,226593246713
L,SHREE SAI GEN STORES-D-D-D-D,P3229,Sundry Debtor,Assets,null,BHATLAY ROAD,MORA TEKRA,HAJIRA,Billwise,P3229,HUL-134493D-P5692,0000
L,Maa Ashapura Tobbaco-D,P3230,Sundry Debtor,Assets,null,#%&amp;*0+.,Samajni Vadi Katargam Surat,Surat,Billwise,P3230,HUL-10A225D-P66209,1
L,M.M. BROTHERS-D,P3231,Sundry Debtor,Assets,null,G-8 VIP HIGH STREET VIP Road Vesu,Surat Gujara T 395007 India Surat Gujarat,,Billwise,P3231,HUL-10B812D-P27064,746912790575
L,Devanshi Super Store-D,P3232,Sundry Debtor,Assets,null,1 Sayan Rd Gujarat Housing Board Amroli,Surat Gujarat 394107 India Surat Gujarat,,Billwise,P3232,HUL-10B812D-P27078,722165861285
L,SHREE BALAJI PROVISION STORE-D-D-D,P3233,Sundry Debtor,Assets,null,228-SANT TUKARAM SOC-2,OPP MANAV DHARMA AASHARAM,PALANPUR ROAD,Billwise,P3233,HUL-134083D-P11043,NA
L,ALISHAN GENERAL MORATEKRA D-D-D-D-D-D,P3234,Sundry Debtor,Assets,null,NR-SHITALCINEMAALISHANCOMPBATLAIROAD,NA,NA,Billwise,P3234,HUL-132638P9212,UNREGISTERED
L,Ganesh Mobile-D,P3235,Sundry Debtor,Assets,null,Shop No 4 Apple Building,Bambavadi Katargam,,Billwise,P3235,HUL-10B812D-P27171,1
L,Mataji Super Store-D,P3236,Sundry Debtor,Assets,null,Omkar Avenue Amroli Surat Gujar,Sweet House Near Surat Gujarat,,Billwise,P3236,HUL-10B812D-P27199,276974106849
L,Maheshwari Kirana-D,P3237,Sundry Debtor,Assets,null,34/35 Ved Rd Vishram Nagar Industrial Area Sin,Ganpor Surat Gujarat 395004 India Surat Gujarat,,Billwise,P3237,HUL-10B812D-P27220,331894063636
L,425 Hingraj Traders-D,P3238,Sundry Debtor,Assets,null,Ganesh Recidency Amroli Surat Gujarat 394107 India,Narmada Bildig Sayan Rod Amroli Surat Gujarat,,Billwise,P3238,HUL-10B812D-P27227,AOLPR7335G
L,Krishna Genral Store-D,P3239,Sundry Debtor,Assets,null,5 Bhesan Rd Near Canal Ugat Palanpur,Surat G Gujarat 395005 India Surat Gujarat,,Billwise,P3239,HUL-10B812D-P27255,APZPP3720L
L,Shiv Kirana Stor-D,P3240,Sundry Debtor,Assets,null,Krishna Aepartment Shop.No E4,Tirupati Aepartment,Chaprabhatha Road,Billwise,P3240,HUL-10A225D-P66262,1
L,RAMDEV GENERAL STORES-D,P3241,Sundry Debtor,Assets,null,Cozway Road Katargam Surat Gujara,T 395004 India Surat Gujarat,,Billwise,P3241,HUL-10B812D-P27276,220495590535
L,Bajrang Pan Palace-D,P3242,Sundry Debtor,Assets,null,Sai Darshan App Kuber Park Ved Road,Katargam Surat 395004 India Surat Gujarat,,Billwise,P3242,HUL-10B812D-P27283,915583846377
L,R B Stor-D,P3243,Sundry Debtor,Assets,null,Rander Bas Stop Kabrtan Ke Oppn Rehamt Nagar,Ran Der Surat Gujarat 395005 India Surat Gujarat,,Billwise,P3243,HUL-10B812D-P27297,AXWPT7411P
L,Mahalaxmi Provision Store-D,P3244,Sundry Debtor,Assets,null,96 Nilkanth Society Nandanvan Society Vishal Na,Gar Surat Gujarat 395004 India Surat Gujarat,,Billwise,P3244,HUL-10B812D-P27304,GWKPS7527G
L,BHAGWATI KARIYANA STOREE-D,P3245,Sundry Debtor,Assets,null,Swaminarayan Mandir Ni Sama Daboli Cokdi Jarat 395,India Vad Rod Katargam Surat Surat Gujarat,,Billwise,P3245,HUL-10B812D-P27311,KZTPK2120R
L,Aashirwad General-D,P3246,Sundry Debtor,Assets,null,Meghmahar Vadi Ni Sam Dhruvtarak Gate No,2 Katargam Gujarat 395004 India Surat Gujarat,,Billwise,P3246,HUL-10B812D-P27318,697070263214
L,Happy Kirana General-D,P3247,Sundry Debtor,Assets,null,Vihar Society Shop No 1 Valinath Chowk,Katargam Surat Gujarat 395004 India Surat Gujarat,,Billwise,P3247,HUL-10B812D-P27325,723378722318
L,Shree Apeswar Kirana Store-D,P3248,Sundry Debtor,Assets,null,1 Parvati Nagar Parvati Nagar-2 Katargam,Surat Gujarat 395004 India Surat Gujarat,,Billwise,P3248,HUL-10B812D-P27332,728894453250
L,Sahin Kariyana-D,P3249,Sundry Debtor,Assets,null,Shop No 2 Bhari Mata Road Fulwadi Rd Near Sulema N,Masjid Fatakdawadi Industrial Area Singanpor Surat,,Billwise,P3249,HUL-10B812D-P27346,AIWPA8698N
L,VIPUL KIRANA-D,P3250,Sundry Debtor,Assets,null,Shop No 4 Trimurti App Bahucharnagar,Society Katargam 395004 India Surat Gujarat,,Billwise,P3250,HUL-10B812D-P27353,354812275483
L,RD BHERUNATH KIRANA STORE-D,P3251,Sundry Debtor,Assets,null,12 Prashant Nagar Canal Road S,Urat Gujarat 395009 India Surat Gujarat,,Billwise,P3251,HUL-10B812D-P27360,CWJPP1291H
L,Shiv Sakti Super Store-D,P3252,Sundry Debtor,Assets,null,6R32+354 Chandrashekhar Azad Marg Navyug Society,Nagar Surat Gujarat 3 95009 India Surat Gujarat,,Billwise,P3252,HUL-10B812D-P27367,509307743599
L,BALKRUSNA KIRANA-D,P3253,Sundry Debtor,Assets,null,Plot No 31 Bahuchar Nagar Society Katargam,Surat Gujarat 395004 India Surat Gujarat,,Billwise,P3253,HUL-10B812D-P27395,707608796642
L,LOK SEVA GENERAL STORE-D,P3254,Sundry Debtor,Assets,null,PLOT NO 141 DEVI KRUPA,UTRAN,AMROLI SURAT,Billwise,P3254,HUL-10A225D-P66278,1
L,OM DEVNARAYAN KIRANA STORES-D-D-D,P3255,Sundry Debtor,Assets,null,460-SANT TUKARAM SOC.VIBHAG-6,OPP DARPAN ROW HOUSE,ADAJAN,Billwise,P3255,HUL-134083D-P11048,NA
L,Gokul Gen Store-D,P3256,Sundry Debtor,Assets,null,78 Gopinath Row House Hariom Mill Ni,Same Ved Road Surat Surat Gujarat,,Billwise,P3256,HUL-10B812D-P27402,878315737491
L,Jay Jalaram Provision Store-D,P3257,Sundry Debtor,Assets,null,09 Palanpur Rd Swaminarayan App Palanpur Jakatnaka,Surat Gujarat 395009 India Surat Gujarat,,Billwise,P3257,HUL-10B812D-P27409,HNGPP0429E
L,SHREE SAI NATH BAKERY &amp; PROVISON-D-D-D-D-D-D-D,P3258,Sundry Debtor,Assets,null,S.N.-2SHASHI TOWER,ADAJAN PATIYANR.C.N.GANDHI,SURAT,Billwise,P3258,HUL-132638D-D0635,24220100212
L,Gajanad Dery And Kirana-D,P3259,Sundry Debtor,Assets,null,Dutt Medical Ke Baju Me,Prabhu Nagar,Pandol,Billwise,P3259,HUL-10A225D-P66354,1
L,SHREE DEVNARAYAN KIRANA-D,P3260,Sundry Debtor,Assets,null,SHOPS  NO 17 SAI POOJAN RESIDENCI,NR  UTTRAN BRIDGE AMROLI SURAT,AMROLI,Billwise,P3260,HUL-10A225D-P66399,1
L,Aai Mata Kirana-D,P3261,Sundry Debtor,Assets,null,Shop No 1 Santukkaram Vibhag 2,Near Sani Dev Temple,Jakatnaka,Billwise,P3261,HUL-10A225D-P66409,1
L,NISHANT PROVISSION &amp; GENRAL STORE T-P-D-D-D,P3262,Sundry Debtor,Assets,null,NISHANT SOCIETY NEAR,ANWAR MASJID,ADAJAN PATIYA  SURAT,Billwise,P3262,HUL-132967P1698,0
L,SHREE KIRANAMATAJI &amp;PRO-D,P3263,Sundry Debtor,Assets,null,RAAMJI NAGAR SOCIETY NR PANDOL,JAY JALARAM DERI PASS,KATARGAM,Billwise,P3263,HUL-10A225D-P66439,1
L,Shree Bherunath Kirana-D,P3264,Sundry Debtor,Assets,null,Shop A150 Kuber Nagar 1 Katargam Darwaja Bharat Tr,Same,Same,Billwise,P3264,HUL-10A225D-P66460,1
L,SHREEGAURIPROVISION(RANDERGAM)-D-D-D-D-D-D-D,P3265,Sundry Debtor,Assets,null,9GEETGOVINDAPP.,COZWAYROADNR.ASOPALAVFLAT,SURAT,Billwise,P3265,HUL-132638D-D0915,UNREGISTERED
L,HARSH AGENCY-D-D-D-D-D-D,P3266,Sundry Debtor,Assets,null,S.N.1J.D. COM.RAVINDRA PARK SOC.,JAY AMBE ROADADAJAN PATIYA,-,Billwise,P3266,HUL-133172D-P3832,UNREGISTERD
L,NASIB KIRANA Stoer-D,P3267,Sundry Debtor,Assets,null,BAHRIMATA RAOD,NEAR PAWALA CEMIST,KATARGAM,Billwise,P3267,HUL-10A225D-P66535,1
L,Priyanka Kirana-D,P3268,Sundry Debtor,Assets,null,Plot 133 APandol,PandolChamunda Medical Ni Same,Surat,Billwise,P3268,HUL-10A225D-P66550,1
L,Narendra-D,P3269,Sundry Debtor,Assets,null,Shop No2.3ground Flor,Rajput Faliyu Near Bus Station Kosad Surat,Bajrang Bali Mandir Ke Pass,Billwise,P3269,HUL-10A225D-P66566,1
L,MAYUR SABU SHOP-D,P3270,Sundry Debtor,Assets,null,AHTSA REHIDENHYSHRUHSTL,AMROLI  SURAT,SHOP  NO 16,Billwise,P3270,HUL-10A225D-P66683,1
L,Juli Kirana-D,P3271,Sundry Debtor,Assets,null,Plot No.24,Bhari Mata RoadRehmat Nagar,Saraswati Medical Ni Same,Billwise,P3271,HUL-10A225D-P66708,1
L,KESHAV DAIRY &amp; KARIYANA-D,P3272,Sundry Debtor,Assets,null,SHUBHAM COMPLEX,3 SHINGHANPORE,KATARGAM,Billwise,P3272,HUL-10A225D-P66713,1
L,Radhe Krishna Dairy &amp; Provisan Store-D,P3273,Sundry Debtor,Assets,null,Shop No 7 Laxmikant Shooping Center,Nr Laxmikant Vadi,Katargam,Billwise,P3273,HUL-10A225D-P66760,1
L,Shree Mahakaleshwar Kariyana-D,P3274,Sundry Debtor,Assets,null,Plot No 111Triveni Soceity,Ved Road,Katargam,Billwise,P3274,HUL-10A225D-P66800,1
L,YASH PROVISIONS-D-D-D-D-D-D,P3275,Sundry Debtor,Assets,null,OPP. MAHAKALESHWAR MANDIR,KAWAS GAM,NA,Billwise,P3275,HUL-132638P8917,UNREGISTERED
L,SHRI DEV PROVISSION STORE T-D-P-D-D,P3276,Sundry Debtor,Assets,null,OMKAR RESS.NR . ISWAR TRADERS,KENAL ROAD,,Billwise,P3276,HUL-132967P0822,0
L,YUSUFSONS(SMART)-D-D-D-D-D-D-D,P3277,Sundry Debtor,Assets,null,4-5MOTABAZAR,RANDERGAM,SURAT,Billwise,P3277,HUL-132638D-D0666,***********
L,Jay Jalaram Gas-D,P3278,Sundry Debtor,Assets,null,Chaprabhatha Road,Shop.No14,Kartik Nagar Shoping Santar,Billwise,P3278,HUL-10A225D-P66940,1
L,Puja Store-D,P3279,Sundry Debtor,Assets,null,Shop No2Raviraj Flats,Relince Mart Ni Same Ni GalimaKuber Park,Ved RoadSurat,Billwise,P3279,HUL-10A225D-P66950,1
L,Shree Kheteswar Kirana Store-D,P3280,Sundry Debtor,Assets,null,Omm Park Society,Aderash Society Ke Samne,Ambataavdi Katargaam,Billwise,P3280,HUL-10A225D-P66985,1
L,AMIT STORE-D,P3281,Sundry Debtor,Assets,null,PARAS BAZAR,KATARGAM,NEAR SHREE KHODIYAR,Billwise,P3281,HUL-10A225D-P67006,1
L,LAKHANI SALES-D-D-D,P3282,Sundry Debtor,Assets,null,OPP.JAMNADAS GHARIWALA,B/H-MAHALAXMI MANDIR,ANAND MAHEL ROAD,Billwise,P3282,HUL-134733D-P6802,000000
L,Patel Prov.Store-D,P3283,Sundry Debtor,Assets,null,Peoples Char Rasta Katargam,Children Park Ni Same Madhavnand Chok Pase,Paras Bazar.Surat,Billwise,P3283,HUL-10A225D-P67141,1
L,OM PATEL KARIYANA &amp; PRO. STORES-D-D-D-D-D-D,P3284,Sundry Debtor,Assets,null,18GREEN AVENU B-18 PAL CHOKDI,NR. JALARAM MANDIR,L.P.SAVANI ROAD SURAT,Billwise,P3284,HUL-133172D-P3622,UNREGISTERED
L,Shree Yadav Kirana Store-D,P3285,Sundry Debtor,Assets,null,Plot No 17 Triveni Society,Ved Road,Katargam,Billwise,P3285,HUL-10A225D-P67297,1
L,KESARI KARIYANA-D,P3286,Sundry Debtor,Assets,null,2 NEAR SIDDHESHWAR MAHADEV MANDIR,TIRTH RAJ COMPLEX,SINGANPORE GAM,Billwise,P3286,HUL-10A225D-P67302,1
L,SHOBHA ASHISH KARIYANA STORE-D,P3287,Sundry Debtor,Assets,null,445.JALARAM NAGAR NEAR,KRISHNA NAGAR,AMROLI,Billwise,P3287,HUL-10A225D-P67317,1
L,HEENA STORES-D-D-D,P3288,Sundry Debtor,Assets,null,10-FAIZ TOWER OPP.AJMERI FLATS,COUSWAY ROAD,RANDER SURAT,Billwise,P3288,HUL-134733D-P6807,00000
L,JAYSHRIKHODIYARDAIRY(PALANPUR)-D-D-D-D-D-D-D,P3289,Sundry Debtor,Assets,null,C-2NARAYANPARK,OPP.MANGALDEEPAPTL.PSAVANIROAD,SURAT,Billwise,P3289,HUL-132638D-D1083,***********
L,Umesh Super Store-D,P3290,Sundry Debtor,Assets,null,G 19 Sunriseresidency,Near Utran Railway Station,Utran,Billwise,P3290,HUL-10A225D-P67368,1
L,Shiv Sakti-D,P3291,Sundry Debtor,Assets,null,Gotalawadi,Kishor Nagar Soc.Ni Bajuma,Pramukh Medical Ni Same,Billwise,P3291,HUL-10A225D-P67403,1
L,Bheruji Kirana-D,P3292,Sundry Debtor,Assets,null,Shree Khimaj Kirana Ni Aagad,Star Win Enterprise Pase,GotalawadiSurat,Billwise,P3292,HUL-10A225D-P67408,1
L,Radha Krishna Dery &amp; Gen.Store-D,P3293,Sundry Debtor,Assets,null,Shop.1Kinar Recydency,Gulabwadi.Krishn Medical Ni Galima,Dabholi,Billwise,P3293,HUL-10A225D-P67429,1
L,RADHE KRISHNA DAIRY&amp;PRO.-D-D-D-D-D-D,P3294,Sundry Debtor,Assets,null,SO.NO.4RADHAKISHAN APP.,BHUMI COM. NI GALIMAAYODYA NAGRI ROAD,PALANPUR PATIYA,Billwise,P3294,HUL-133172D-P3547,UNREGISTERD
L,JAY AMBE SUPER STORE-D,P3295,Sundry Debtor,Assets,null,3 RAJ VIEW APRT NEAR ITALIAN BEKARY,PHULPADA ROAD,KATARGAM,Billwise,P3295,HUL-10A225D-P67538,1
L,AMRUT DHARA-D,P3296,Sundry Debtor,Assets,null,VAISNAV DEVI HITS,JAHAGIR PURA,JAHNGIR PURA,Billwise,P3296,HUL-10A225D-P67634,1
L,DAIRY FARM-D,P3297,Sundry Debtor,Assets,null,SHOP NUMBER 6,VARJ VIHAR APT PATEL NAGAR SOC,JAHANGIR PURA,Billwise,P3297,HUL-10A225D-P67639,1
L,Bhavani Super Store,P3298,Sundry Debtor,Assets,null,Shop No 18 Bhoirwadi Maangaon Phase 3 Hinjawadi,Hinjawadi Pimpri-Chinchwad Maharashtra 411057,IndiaPimpri-ChinchwadMaharashtra,Billwise,P3298,HUL-10C120P22947,NA
L,1 Hiren Pro,P3299,Sundry Debtor,Assets,null,Mamadev Society Nr. Sai Baba Petrol Pump Opp. Ga,Amroli Rd Smruti Society Katar Gam Surat Gujarat,,Billwise,P3299,HUL-10C120P22949,441576483951
L,Krishna Super Stor,P3300,Sundry Debtor,Assets,null,6-10 Chandrashekhar Azad Marg Navyug Society Sa ng,Narotam Nagar Surat Gujarat 39500 9 India Surat Gu,,Billwise,P3300,HUL-10C120P22950,247760585624
L,Ambika Kirana Store,P3301,Sundry Debtor,Assets,null,B/2 MAZDA CHAMBERS Rander Rd Near LOVE N CARE,HO SPITAL Tadwadi Surat Gujarat 395009 India Surat,,Billwise,P3301,HUL-10C120P22951,681985784594
L,Krishna Super Stores,P3302,Sundry Debtor,Assets,null,Shop 2 3 Shatrunjaya Tawar,Rander Road India Surat Gujarat,,Billwise,P3302,HUL-10C120P22961,247760585624
L,ZUVERIA PRO STORE,P3303,Sundry Debtor,Assets,null,Amreen Park Shop No 3 Rang Avadhut Society-3,Ra Nder Surat Gujarat 395005 India Surat Gujarat,,Billwise,P3303,HUL-10C120P22966,549372480144
L,SHREE RAMDEV MART,P3304,Sundry Debtor,Assets,null,5Q7V+HPQ Vardhman Mahaveer Marg City Light Town,Athwa Surat Gujarat 395007 India Surat Gujarat,,Billwise,P3304,HUL-10C120P22967,BIPPR3791H
L,VARSHA SUPER STORS,P3305,Sundry Debtor,Assets,null,Shop No 7 8 Keshav Complex Nr Pratik Row,House Honey Park Road Surat 395009 Surat Gujarat,,Billwise,P3305,HUL-10C120P22973,784909827870
L,Aashish Kirana Store,P3306,Sundry Debtor,Assets,null,Reya Provigen Ni Same Jayraj,Society Ichapur Surat Gujarat,,Billwise,P3306,HUL-10C120P22982,612569276423
L,GRUHLAXMI NAMKEEN  STORE,P3307,Sundry Debtor,Assets,null,A G U 1-2 GOKUL PARK SOC A G U 1-2 GOKUL PRK,SOC Honey Park Area Adajan Surat Gujarat 395009 In,,Billwise,P3307,HUL-10C120P22984,798732047195
L,Mahalakshmi General Store,P3308,Sundry Debtor,Assets,null,5PJ6+2P9 Kavas Limla Hazira Gujarat,394510 In Dia Limla Gujarat,,Billwise,P3308,HUL-10C120P22985,789331017703
L,Dev Darshan Store,P3309,Sundry Debtor,Assets,null,Devashish Apartment Surat - Dumas Rd Nilam Socie T,Athwa Surat Gujarat 395007 India Umra Road Surat G,,Billwise,P3309,HUL-10C120P22986,972791396107
L,SAWARIYA SUPER STROES,P3310,Sundry Debtor,Assets,null,G9 Shubham Recidency Dahin Nagar Sura,T Gujarat 395005 India Surat Gujarat,,Billwise,P3310,HUL-10C120P22992,CHGPP2857M
L,MAHAVEER SUPER MARKET,P3311,Sundry Debtor,Assets,null,B-602 Sidhsilla Residency Adajan Gam Surat Guja Ra,NO 2 NAVPAD RESIDENCY OPP TIME CINEMA GALAXY Surat,,Billwise,P3311,HUL-10C120P22997,680294381297
L,Kanaiya Dairy Farm And Sweets,P3312,Sundry Debtor,Assets,kanaiyadairy99@gmail.com,G-16 LAKSH PLAZA,Chhaprabhatha Rd,Amroli,Billwise,P3312,HUL-10C120P23012,1
L,Janvi Provision Store,P3313,Sundry Debtor,Assets,null,5PJ6+8XQ Kavas Limla Hazira Gujarat,394510 In dia Limla Gujarat,,Billwise,P3313,HUL-10C120P23013,874820466463
L,Gurunanak GENERAL STORES,P3314,Sundry Debtor,Assets,null,17 Virsavarkar Marg Pankajnagar Radha Krishna S Oc,Pankaj Nagar Surat Gujara T 395009 India Surat Guj,,Billwise,P3314,HUL-10C120P23016,337501189839
L,11 ELEVEN ALL IN ONE,P3315,Sundry Debtor,Assets,null,Rajhans Symfonia Gr Floor B Building Behind,Agrawal School Canal Road Vesu Surat Gujarat,,Billwise,P3315,HUL-10C120P23018,571652068195
L,KOSAD SEVA SAHKARI MANDALLI LTD,P3316,Sundry Debtor,Assets,null,206 Motifaliu Kosad,Gam Surat Gujarat,,Billwise,P3316,HUL-10C120P23023,217271604036
L,Jay Chamunda Provision Store,P3317,Sundry Debtor,Assets,null,1 behind Jalaram Petrol Pump Raghuvir Society A,mroli Surat Gujarat 394107 India Surat Gujarat,,Billwise,P3317,HUL-10C120P23025,564871661142
L,Om Shiv Sai Provizen,P3318,Sundry Debtor,Assets,null,4P24+H3J Dumas Surat Gujarat,394550 India Dumas Gujarat,,Billwise,P3318,HUL-10C120P23042,355971392597
L,Sai Kirana Store,P3319,Sundry Debtor,Assets,null,2 Sharada Vidhyalay Ichchhapor,Surat Gujrat Surat Gujarat,,Billwise,P3319,HUL-10C120P23045,605728874434
L,Shree Ganesh General Store,P3320,Sundry Debtor,Assets,null,16 Dindayal Society Sima Nagar Surat,Gujarat 3 95005 India Surat Gujarat,,Billwise,P3320,HUL-10C120P23047,363144576619
L,HARI OM PROVISION STORE,P3321,Sundry Debtor,Assets,null,Shop No 4 Near Mama Bhanja,Gujarat 395007 India Magdalla Surat Gujarat,,Billwise,P3321,HUL-10C120P23049,496859141117
L,Shri Trupti Dairy&amp; Provision,P3322,Sundry Debtor,Assets,null,Veer Exotica Shop - 2 Pal Gam,Surat Gujarat 39 5009 India Surat Gujarat,,Billwise,P3322,HUL-10C120P23057,726237439466
L,Ishwar Kirana &amp;dairy,P3323,Sundry Debtor,Assets,null,Shivshakti Singh Residence Surat A/406 Parkview Ap,Din dayal Society Sima Nagar Surat Gujarat 395009,,Billwise,P3323,HUL-10C120P23059,999479715092
L,Maa  Hinglaj Traders,P3324,Sundry Debtor,Assets,null,6RC7+J3R near Khodiyar Krupa Society Khodiyar Kr u,Surat Gujarat 395004 Indi Navnath Soc. Casway Road,,Billwise,P3324,HUL-10C120P23063,369030245146
L,MAHADEV KIRANA STORE,P3325,Sundry Debtor,Assets,null,40 Hari Om Nagar Mahaveer Height,Same Kosad Road Surat Gujarat,,Billwise,P3325,HUL-10C120P23065,580856677889
L,Jay Shi Mahakali  Provision Store,P3326,Sundry Debtor,Assets,null,13 Near Saiyedpura Pumping Tribhuvan Nagar Sing an,India Mina Nagar Nr Mukesh General Ved Road Surat,,Billwise,P3326,HUL-10C120P23068,30230624113752017
L,Hari Om Kariyana Store,P3327,Sundry Debtor,Assets,null,Shri Darshan Apartment Bharthana Road Anand Park,Althan Surat Gujarat 395007 India Surat Gujarat,,Billwise,P3327,HUL-10C120P23070,CMPPK5777D
L,Ravi Kirana,P3328,Sundry Debtor,Assets,null,Shop No 101 Fulwadi Bhari Mata Rd near Madina M as,Fatakdawadi Industrial Area Singanpor Su rat Gujar,,Billwise,P3328,HUL-10C120P23072,880335282852
L,Chamunda Dairy And Kriyana,P3329,Sundry Debtor,Assets,null,A-24 Ved Rd Mangal Group Society Jalaram Societ Y,Nagar Katargam Surat Gujarat 395004 I Ndia Surat G,,Billwise,P3329,HUL-10C120P23075,656823661239
L,Balaji Kirana Store,P3330,Sundry Debtor,Assets,null,5PJ7+9RJ Kavas Limla Hazira Gujarat 394510 In,dia,,Billwise,P3330,HUL-10C120P23077,490225669388
L,Chamunda Kirana Store,P3331,Sundry Debtor,Assets,null,6QXQ+GH6 Shashwat Rd Jahangir Pura Surat,Gujar at 395005 India Surat Gujarat,,Billwise,P3331,HUL-10C120P23078,AECPC9261P
L,BHAGAVATI KIRANA,P3332,Sundry Debtor,Assets,null,591 Vijay Nagar Amroli Surat Gujarat 394105 I,Amroli,Surat,Billwise,P3332,HUL-10C120P23083,374878265951
L,Dev Narayan Store New,P3333,Sundry Debtor,Assets,dineshsahu88969@gmail.com,Near Raj Corner,Palanpur Surat Gujarat 394510 India,Gaurav Path Road,Billwise,P3333,HUL-10C120P23084,651506972229
L,Bajarangbali Kariyana Store,P3334,Sundry Debtor,Assets,null,Shop No 15 Suda Awas Near Raj Corner,395009 India,Gaurav Path Road,Billwise,P3334,HUL-10C120P23085,422192848876
L,D. K. PROVISION.,P3335,Sundry Debtor,Assets,null,Bombay Colony. Bhatha Gam. A Surat,Gujarat 394510 India Surat Gujarat,,Billwise,P3335,HUL-10C120P23086,437134525104
L,New Jagdish Kirana Stores,P3336,Sundry Debtor,Assets,null,569 SANT TUKARAM SOC 6 PALANPUR JAKATNAKA PAL ROAD,SOC 6 Pal Rd Palanpur Ja Katnaka Surat Gujarat 395,,Billwise,P3336,HUL-10C120P23087,902187730075
L,Bherunath Super Store,P3337,Sundry Debtor,Assets,null,Shop No. 1. Ranglaxmi Soc. Dia,Nr. Ganesh. Medical Surat Gujarat,,Billwise,P3337,HUL-10C120P23091,574817692953
L,Chaurasiya Pro Store,P3338,Sundry Debtor,Assets,avadhchawrasiya@gmail.com,6R79+JFQ Ved Rd Behind A Nani Bahucharji Mandir Re,Industrial Area Singanpor Surat Gujarat 395004 Ind,,Billwise,P3338,HUL-10C120P23092,24AHIPC5208P1ZA
L,Sandip Provijan Store,P3339,Sundry Debtor,Assets,null,Ship No.57 Near Ved Rd Behind A Nani Bahucharji,Mandir Industrial Area Singanpor Surat Gujara,T 395004 India,Billwise,P3339,HUL-10C120P23094,730042905083
L,KHODAL SABU LALITA,P3340,Sundry Debtor,Assets,null,6RMH+869 Amba Talavadi Rd Santoshi Nagar Society M,Society Vishal Nagar Surat Gujarat 395004 India Su,,Billwise,P3340,HUL-10C120P23100,930932862380
L,Jai Sainath General Store,P3341,Sundry Debtor,Assets,null,Near Mauli Tobaco New Magdalla Surat,Gujara T 395007 India Surat Gujarat,,Billwise,P3341,HUL-10C120P23101,618407473355
L,Jay Mahakali Kirana And General Store,P3342,Sundry Debtor,Assets,samirbababhaipatel@gmail.com,228 Sun Trade Center Vichare Kranti Circle Walk W,Behind Gujarat Housing Boar D Dindayal Society Pal,,Billwise,P3342,HUL-10C120P23102,838949631491
L,KASHTBHAJAN KIRAN STOR,P3343,Sundry Debtor,Assets,null,143 Dabholi Rd Manish Nagar Society Hari Darsha,N Society Dabholi Surat Gujarat 395004 India,NER UMYA DAIRY SINGAPORE,Billwise,P3343,HUL-10C120P23104,20722031001520
L,Lucky Kirana &amp; Super General Store,P3344,Sundry Debtor,Assets,null,6QGR+QJ5 Near Hanumantekri Reva Nagar Rander S,Urat Gujarat 395005 India,,Billwise,P3344,HUL-10C120P23105,676063895508
L,Balaji Super Store,P3345,Sundry Debtor,Assets,null,7 Shrushti Residency Rd Neel Kanth Apartment Am,Roli Surat Gujarat 394107 India Surat Gujarat,,Billwise,P3345,HUL-10C120P23111,284855291311
L,SHREE JAY AMBEY KIRANA,P3346,Sundry Debtor,Assets,null,Infinity Bizz Hub,India,Bhimrad,Billwise,P3346,HUL-10C120P23112,NA
L,Ramdev Super Store,P3347,Sundry Debtor,Assets,null,6VR5+MPH Old Kosad Rd Krishna Nagar Society Amr,Oli Surat Gujarat 394107 India Surat Gujarat,,Billwise,P3347,HUL-10C120P23115,BYUPP7027D
L,Shree Hari Super Store,P3348,Sundry Debtor,Assets,null,7R7J+GH2 Hazira-Sayan Rd Chapprabhatta Ganeshpu,Ra Surat Gujarat 394107 India,India,Billwise,P3348,HUL-10C120P23116,877550939737
L,Ma Mogal Kariyan,P3349,Sundry Debtor,Assets,null,Galaxy Apartment Singanpor Rd Asha Nagar Society,Snehsagar Society Katargam Surat Gujarat 3950,Opp Pramukh Medical,Billwise,P3349,HUL-10C120P23121,NA
L,Shree Shayam Enterprise.,P3350,Sundry Debtor,Assets,null,Shop. No 11. Nest Orchid Chenal Road,Bhimrad Char Rasta. Surat,Nr. Riddhi  Siddhi. Enterprise.,Billwise,P3350,HUL-10C120P23122,NA
L,Chamunda Kirana Store,P3351,Sundry Debtor,Assets,null,181Satadhar SocNear Ma Kali Karana.Amroli,Kosad Road,Surat,Billwise,P3351,HUL-10C120P23123,NA
L,KADHIWALA SUPER STORE(DOTIWALA),P3352,Sundry Debtor,Assets,null,21 Althan Tenament Mahavir Nagar New City,Light Althan Surat Gujarat 395017 India,India,Billwise,P3352,HUL-10C120P23124,NA
L,Sai Super Store,P3353,Sundry Debtor,Assets,null,Center Mansarovar Shopping Centre B Mansarovar C,Ir Near Shop No. 113 Amroli Char Rasta Amroli,Surat Gujarat 394107 India,Billwise,P3353,HUL-10C120P23125,579446135151
L,Shriya Sabu &amp; Plastic,P3354,Sundry Debtor,Assets,null,7R5J+HHW Chapprabhatta Variyav Surat Gujara T,394107 India New Katargam Surat Gujarat,,Billwise,P3354,HUL-10C120P23127,845342625247
L,Karmyogi Kariyana &amp; Pro,P3355,Sundry Debtor,Assets,null,Shop No 3 Ramji Nagar Nr. Manthan,Medical India Ved Road Pandol Surat Gujarat,,Billwise,P3355,HUL-10C120P23128,NA
L,RAJ PAN CENTER,P3356,Sundry Debtor,Assets,rajeshbhaigohel432@gmail.com,Opp Hemant Store Kuber Park Society,Katargam Surat 395004 Surat Gujarat,,Billwise,P3356,HUL-10C120P23129,NA
L,Ramdev Kriyana Store,P3357,Sundry Debtor,Assets,null,Shop No 3 Avas H 4 opp. Fire Station SMC Twp A mro,Gujarat 394107 India Dharmichand H4 314 A4 Avash Y,,Billwise,P3357,HUL-10C120P23131,927965827289
L,JAI MAHAKALI KIRANA AND PROVISION STORES,P3358,Sundry Debtor,Assets,null,SP 36 Stargelexy Sitaram Chowk Opp. Patel Park Cha,Amroli Surat Gujarat 394520 Indi A Surat Gujarat,,Billwise,P3358,HUL-10C120P23132,586496735503
L,Radhe Radhe Grocery Store,P3359,Sundry Debtor,Assets,null,G17 Aakash Business Center Piplod Main Road Nr,Radhe Krishna Temple Bhagylaxmi Society India Sura,,Billwise,P3359,HUL-10C120P23139,953905606287
L,MAHADEV SABU,P3360,Sundry Debtor,Assets,null,Shop.No.4 Star Residency,Behind Rajwadi Party Plot,Kosad Amroli Surat,Billwise,P3360,HUL-10C120P23141,AYYPV5854B
L,Jay Ambe Dairy And Janral  Store,P3361,Sundry Debtor,Assets,null,Ganga Residency  Cozvay Road  Carcal,Apex Motor Daving Ni Bajuma,5004 India,Billwise,P3361,HUL-10C120P23142,718303254558
L,Happy Home Mart,P3362,Sundry Debtor,Assets,null,A/2 Ambika Nagar Society Ramnagar Sima Nagar S,Urat Gujarat 395005 India,,Billwise,P3362,HUL-10C120P23145,774747489257
L,Manibhadra Enterprise,P3363,Sundry Debtor,Assets,null,G-7 Siddhgiri Residency Rto Street Road Opp. Kus H,Gam Pal Gam Surat Gujarat 39 4510 India Surat Guja,,Billwise,P3363,HUL-10C120P23147,867332170502
L,Jay Devnaryan Super Store,P3364,Sundry Debtor,Assets,null,5PCR+WQ9 Tapi St Bhatpore Hazira Gujarat,39451 0 India Hazira Gujarat,,Billwise,P3364,HUL-10C120P23152,401800950976
L,RD KIRANA STORES,P3365,Sundry Debtor,Assets,null,90 Maa Krupa Krishna Nagar,Society Icchopre Surat Surat Gujarat,,Billwise,P3365,HUL-10C120P23154,636917378780
L,DURVA TRADERS,P3366,Sundry Debtor,Assets,null,Siddharth Villa Bhatar Rd Navrachna Society Bha Ta,Athwa Surat Gujarat 395017 India Surat Gujarat,,Billwise,P3366,HUL-10C120P23156,778787690332
L,Shivam Super Store,P3367,Sundry Debtor,Assets,null,1 Amroli Rd Old GIDC Katargam Surat,Gujarat 3 94107 India Surat Gujarat,,Billwise,P3367,HUL-10C120P23159,999636706623
L,DEVNAYAN KIRANA,P3368,Sundry Debtor,Assets,null,shop 13 Neelkanth Residency Vivekanand Twp Sima Na,Prashant Nagar Viveka nand Twp Palanpur Jakatnaka,,Billwise,P3368,HUL-10C120P23160,934556850271
L,Goraji Kirana,P3369,Sundry Debtor,Assets,null,Bhata - Bhatpor Rd Bhatha Hazira,Gujarat 394510 India Hazira Gujarat,,Billwise,P3369,HUL-10C120P23161,684818261955
L,Sai Astik Genral,P3370,Sundry Debtor,Assets,null,Bhatpor Nr Rajkumarkirana Bhatha,Gujarat 394510 Surat Gujarat,,Billwise,P3370,HUL-10C120P23162,FKOPP1300P
L,Raj Kumer Kirana Store,P3371,Sundry Debtor,Assets,null,04 Bhatpore Surat Gujarat,394510 India Surat Gujarat,,Billwise,P3371,HUL-10C120P23163,337614808355
L,Goraji Provision Gidc,P3372,Sundry Debtor,Assets,null,Unnamed Road Bhatpore Hazira Gujarat,394510 In Dia Hazira Gujarat,,Billwise,P3372,HUL-10C120P23166,271011337408
L,DILIP GENRAL STORE &amp; KIRANA,P3373,Sundry Debtor,Assets,null,5P8Q+5C5 Ichhapore GIDC Bhatpore Gujarat,394510 India Surat Gujarat,,Billwise,P3373,HUL-10C120P23167,221134576708
L,VISHAL STORE,P3641,Sundry Debtor,Assets,null,581 Amroli Surat Gujarat,394107 India Surat Gujarat,,Billwise,P3641,HUL-10C120P23878,9328231116_QR_CODE
L,KRISHNA SUPER STORE,P3642,Sundry Debtor,Assets,null,G 8 VIP Highstreet VIP Road Opposite Roongta Shopp,Centre Vesu Surat Gujarat 395007 India Surat Gujar,,Billwise,P3642,HUL-10C120P23879,ETOPM2630H
L,Ramdev Kirana Store,P3643,Sundry Debtor,Assets,null,Plot.No.35 CAshapuri Compond Gotalawadi,Opp.Nandu Doshi WadiAakashvani Khaman,Katargam Surat.,Billwise,P3643,HUL-10C120P23881,20724031000780
L,Pankaj Kirana Store,P3644,Sundry Debtor,Assets,null,5PWH+4MR Maa Krupa Krishna Nagar Society Ichchh,Por Gujarat 394510 India,SURAT,Billwise,P3644,HUL-10C120P23884,8090955327_QR_CODE
L,Mastan Store,P3645,Sundry Debtor,Assets,null,Rander Jilani Brij,Rander Adajan,,Billwise,P3645,HUL-10C120P23887,1
L,MohaMadi Dairy &amp; Gen.stores,P3646,Sundry Debtor,Assets,null,6R59+XW5 C-70 Bhari Mata Rd near A B provision Ind,Sabri Nagar Industrial Are a Katargam Surat Gujara,,Billwise,P3646,HUL-10C120P23888,EDKPM3919R
L,KHODIYAR DAIRY &amp; GANERAL STORE,P3647,Sundry Debtor,Assets,null,S9 Varniraj Velly Patel Park Near,Chaprabtha Ganesh Pura Amroli Surat Gujarat,,Billwise,P3647,HUL-10C120P23889,9979410918_QR_CODE
L,Shree Dev Bairuv Kirana Store,P3648,Sundry Debtor,Assets,null,Jalaram Masala OPPOSITE EXIITO COMMERCIAL HUB Sway,Rd Jahangir Pura Surat Gujarat 395 005 India Surat,,Billwise,P3648,HUL-10C120P23890,9265728134_QR_CODE
L,Ramdev Traders,P3649,Sundry Debtor,Assets,null,Shop No.1 Rng Avenue Nishal Circle Pal,Laxmi Dairy Ni Bajuma Surat Gujarat,,Billwise,P3649,HUL-10C120P23891,BXOPR6349P
L,Shree Bramani Supar Store,P3650,Sundry Debtor,Assets,null,122 Ranchhod Park Surat Gujarat 395005 India,,,Billwise,P3650,HUL-10C120P23896,COWPD0720C
L,Jalaram Provigen,P3651,Sundry Debtor,Assets,null,Singapore Gam Momaji Medical Ni Bajuma,Dabholi Brij Pase,,Billwise,P3651,HUL-10C120P23900,8733930474_QR_CODE
L,Shivam Kiran Store,P3652,Sundry Debtor,Assets,null,1 White Stone Sitaram Chowk Chhaprabhatha Rd C,Happrabhatta Amroli Surat Gujarat 394107 India,,Billwise,P3652,HUL-10C120P23901,7567206359_QR_CODE
L,Bhagvati Stor,P3653,Sundry Debtor,Assets,null,7V36+3FJ Inside Star Palace Amroli Surat,Gujar At 394107 India Surat Gujarat,,Billwise,P3653,HUL-10C120P23902,9358234035_QR_CODE
L,Gurukrupa Genral Store,P3654,Sundry Debtor,Assets,Guru@gmail.com,302 Ashram Faliyu Mora Tekra Mora Gam Mora,Ha zira Gujarat 394510 India Hazira Gujarat,,Billwise,P3654,HUL-10C120P23903,880476819994
L,11 ELEVEN ALL IN ONE,P3655,Sundry Debtor,Assets,null,4QRP+3RG CB Patel Health Club Rd Surat Gujarat 395,India RAJHANS CREMONA NER C B PATEL Surat Gujarat,,Billwise,P3655,HUL-10C120P23906,BAWPP8737L
L,MATRUDEVA GENERAL STORE,P3656,Sundry Debtor,Assets,null,34/HARIOM NAGAR SOC NEAR NEW KOSAD ROAD Amroli -,Kosad Rd Amroli Surat Gujarat 394107 India,,Billwise,P3656,HUL-10C120P23913,9714851410_QR_CODE
L,Shree Balaji Janrel Store,P3657,Sundry Debtor,Assets,null,101 Ichchhapor Surat Gujarat 349510 India,,,Billwise,P3657,HUL-10C120P23915,7043830747_QR_CODE
L,Namh Bahucharaji,P3658,Sundry Debtor,Assets,null,142 Deepmala Society Sima Nagar Surat,Gujarat 395005 India Surat Gujarat,,Billwise,P3658,HUL-10C120P23916,AELPL1454N
L,JENISH PROVIGEN  STORES,P3659,Sundry Debtor,Assets,null,K-12 Jayraj Vashat Soc Ichhapore Ichchhapor Gu,jarat 394510 India,,Billwise,P3659,HUL-10C120P23918,9662141400_QR_CODE
L,Aditya Store,P3660,Sundry Debtor,Assets,null,5PJ7+9RJ Kavas Limla Hazira Gujarat 394510 In,Dia,,Billwise,P3660,HUL-10C120P23921,9142703959_QR_CODE
L,Nasib Kirana Store,P3661,Sundry Debtor,Assets,null,Ashiyana Complex 6 Adajan Patiya Surat Gujarat,395009 India,,Billwise,P3661,HUL-10C120P23922,6351560106_QR_CODE
L,Murya Kirana,P3662,Sundry Debtor,Assets,null,1909 Vijay Nagar Indra Nagar Amroli Surat Guj,arat 394107 India,,Billwise,P3662,HUL-10C120P23924,7990145300_QR_CODE
L,Shree Kheteshwar Super Store,P3663,Sundry Debtor,Assets,null,6R23+RMJ Taj Rd Diwalibaug Society Adajan Patiy,a Surat Gujarat 395005 India Surat Gujarat,,Billwise,P3663,HUL-10C120P23925,9024568645_QR_CODE
L,SATVIK Supar Store,P3664,Sundry Debtor,Assets,null,Nirmal Park Society 24 Dhansora Rd Chikuvadi A,Vdhut Society Katargam Surat Gujarat 395004 In,Dia,Billwise,P3664,HUL-10C120P23928,CCDPG4512L
L,SADGURU KRUPA STATIONARY &amp; GENERAL STORE,P3665,Sundry Debtor,Assets,null,5PM6+3F9 Ruchi Township Kavas Limla Hazira Gu,Jarat 394510 India,,Billwise,P3665,HUL-10C120P23929,9079855764_QR_CODE
L,ZAM ZAM KIRANA STORE,P3666,Sundry Debtor,Assets,null,Amrin Park Apartment Janta Store,Ni Same Morabhagal Surat Gujarat,,Billwise,P3666,HUL-10C120P23933,EPMPA1173M
L,Kalp Welnees,P3667,Sundry Debtor,Assets,mohitnakrani01@gmail.com,Young India Impex Anekant B - 15 Surbhi Society,Near L. P. Savani School Honey Park Road Ho,Ney Park Rd Honey Park Area Pankaj Nagar Surat,Billwise,P3667,HUL-10C120P23934,7043187707_QR_CODE
L,Rishabh General Store,P3668,Sundry Debtor,Assets,null,5PJ7+6FG Bhavani St Kavas Hazira Limla Gujara,t 394516 India,,Billwise,P3668,HUL-10C120P23935,8238839171_QR_CODE
L,Mahalaxmi Kirana Store,P3669,Sundry Debtor,Assets,null,242 Dabholi Rd Laxmi Nagar Society Singanpor S,Urat Gujarat 395004 India,,Billwise,P3669,HUL-10C120P23936,ETVPD1324J
L,SHREE LAXAMI KIRANA STORE,P3670,Sundry Debtor,Assets,null,106 Mora Tekra Shiv Shakti Society MORA GAM Mo,Ra Surat Hazira Gujarat 394517 India,,Billwise,P3670,HUL-10C120P23939,7380496586_QR_CODE
L,SURAJ SUPER STORE,P3671,Sundry Debtor,Assets,null,Hare Krishna Complex,City Light  Surat,Surat,Billwise,P3671,HUL-10C120P23941,AJPPR5995K
L,Axar Kirana &amp; Provision,P3672,Sundry Debtor,Assets,null,Block 2 289 Ambika Nagar Society Hariom Society,Katargam Surat Gujarat 395004 India,,Billwise,P3672,HUL-10C120P23945,GTUPR9043B
L,National Home Care,P3673,Sundry Debtor,Assets,null,41 New Rander Rd Merulaxmi Society Rander Sura,T Gujarat 395005 India,,Billwise,P3673,HUL-10C120P23947,9106192060_QR_CODE
L,Baba Pan &amp; Colddrink,P3674,Sundry Debtor,Assets,null,Saraswati Nagar Saraswat Nagar Society Piplod S,Urat Gujarat 395007 India,,Billwise,P3674,HUL-10C120P23949,6353128793_QR_CODE
L,Jay Jalaram Kirana Store,P3675,Sundry Debtor,Assets,null,451 Bhatpore Surat Gujarat 394510 India,,,Billwise,P3675,HUL-10C120P23950,CDSPT0567J
L,NEW GURUKRUPA GENERAL STORE,P3676,Sundry Debtor,Assets,null,1492 Gayatri Nagar Amroli Surat Gujarat,394105 India SURAT Surat Gujarat,,Billwise,P3676,HUL-10C120P23951,9825069149_QR_CODE
L,Mahakali Dairy And Karyalay Store,P3677,Sundry Debtor,Assets,null,Sweet Residency 273 Chhaprabhatha Chapprabhatta Ga,Surat Gujarat 394520 India Surat Gujarat,,Billwise,P3677,HUL-10C120P23953,8866347644_QR_CODE
L,Sukhnidhi Namkeen &amp; Supar Store,P3678,Sundry Debtor,Assets,null,6RQ5+F96 Dabholi Village Surat Gujarat,395004 India Surat Gujarat,,Billwise,P3678,HUL-10C120P23954,9558526249_QR_CODE
L,Jalaram Kariyana Stor,P3679,Sundry Debtor,Assets,null,6RMH+W4P Aamba Talavadi NR D D Panchdev Society,Katargam Surat Gujarat 395004 India Surat Gujarat,,Billwise,P3679,HUL-10C120P23955,BRGPR5026P
L,NEW YASH STORE,P3680,Sundry Debtor,Assets,null,82 Ruchi Township Kavas Limla Hazira,Gujarat 394510 India Limla Gujarat,,Billwise,P3680,HUL-10C120P23956,AUHPA3083C
L,Shree Amar Supar Market,P3681,Sundry Debtor,Assets,null,17-18 Main Road Vijay Nagar Nirmal Nagar Amrol,I Surat Gujarat 394107 India Surat Gujarat,,Billwise,P3681,HUL-10C120P23957,7425887794_QR_CODE
L,Mr. GADHETHARIYA  JAYANTIBHAI,P3682,Sundry Debtor,Assets,null,203 Vrundavan Society Amroli Surat Gujarat 394,107 India,,Billwise,P3682,HUL-10C120P23958,9979109053_QR_CODE
L,ASHA SHINGAR STORE,P3683,Sundry Debtor,Assets,surajsingh352002@gmail.com,404 Patel St Kavas Limla Hazira,Surat 39451 Gujarat India Limla Gujarat,,Billwise,P3683,HUL-10C120P23961,NZIPS6262Q
L,Shyam Dairy And Kirana Store,P3684,Sundry Debtor,Assets,tarsariyakirtan53@gmail.com,Shyam Enclave G 1 Vaishnodevi Rd Near Vaishno,Devi Township Dahin Nagar Surat Vanakala Gujar,At 395005 India,Billwise,P3684,HUL-10C120P23968,20724022001286
L,AGRWAL SUPER STORE,P3685,Sundry Debtor,Assets,null,Shop No A5 Nest Orchid Althan Bhimrad,4RJ2+RM3 Surat Gujarat 395101 India Surat Gujarat,,Billwise,P3685,HUL-10C120P23969,290241479920
L,Baba Ramdev Traders,P3686,Sundry Debtor,Assets,null,9 Yogeshwar Soc,1 New Kosad,Road Amroli Surat,Billwise,P3686,HUL-10C120P23972,1
L,Mahalaxmi Provision Store,P3687,Sundry Debtor,Assets,null,Sahanip Square Chatrapati Shivaji Nagar Shanti N i,Adajan Surat Gujarat 395009 Ind ia Surat Gujarat,,Billwise,P3687,HUL-10C120P23973,FPVPK8210R
L,New Jogeshwar Grocery &amp; Vegetable Store,P3688,Sundry Debtor,Assets,null,F1 Street Amns,Township Hazira Road,Surat Surat GUJARAT,Billwise,P3688,HUL-10C120P23974,1
L,Bharti Super Store-D,P3689,Sundry Debtor,Assets,null,Shop No3,Time World Complex,Althan Surat,Billwise,P3689,HUL-10A176D-P69903,1
L,Sweetler,P3690,Sundry Debtor,Assets,null,Shop No.345 GENIUS DOCTOR HOUSE,Near Pramukhswami CerculPatel Samaj Hall Road,Ved Road,Billwise,P3690,HUL-10C120P23976,1
L,Chamunda Super Store,P3691,Sundry Debtor,Assets,null,5Q8G+8M8 Gymkhana Rd Nandi Park Society Piplod,Surat Gujarat 395007 India Surat Gujarat,,Billwise,P3691,HUL-10C120P23977,970452591218
L,BHAGWATI SUPER STORE,P3692,Sundry Debtor,Assets,null,SHOP NO A3 AAKASH ECO POINT BHIMRAD ALTHAN,ROAD SURAT GUJARAT 395007 INDIA Surat Gujarat,,Billwise,P3692,HUL-10C120P23978,DERPN2380N
L,SHREE BALAJI SUPER STORE,P3693,Sundry Debtor,Assets,null,Shavion Shopping Paradise Palanpur Surat Gujara,T 395009 India Surat Gujarat,,Billwise,P3693,HUL-10C120P23980,830826307249
L,Zuber Store,P3694,Sundry Debtor,Assets,null,3 122 B Variyav Oli Street Near,Vadilal Godown Rander Surat 395005 Surat Gujarat,,Billwise,P3694,HUL-10C120P23981,954100515964
L,Asha Telecom &amp; Provision Stores,P3695,Sundry Debtor,Assets,null,Shop No 9 Kartik Nagar App Chhaprabhata,Road Amroli Surat SURAT Gujarat Surat Gujarat,,Billwise,P3695,HUL-10C120P23983,995665458151
L,Shree Bherunath Kirana Store,P3696,Sundry Debtor,Assets,null,Shubh Laxmi Society 5 Laxminarayan Society-1 Da,Bholi Surat Gujarat 395004 India Surat Gujarat,,Billwise,P3696,HUL-10C120P23985,BDKPS4318H
L,Aai Shree Bhavani Kirana Super Store,P3697,Sundry Debtor,Assets,null,Glorious Developer Ground Floor 17 Sy No 79 1,Tp 25 Serenity Homes Wing C Singanpore Surat Gujar,,Billwise,P3697,HUL-10C120P23986,370799054888
L,ANABIA KARIYANA STORE,P3698,Sundry Debtor,Assets,null,6R5F+6FH Natraj Compound Sayedpura Surat Gujar,At 395003 India Surat Gujarat,,Billwise,P3698,HUL-10C120P23987,327968009228
L,SAHAJANAND SUPER STORE,P3699,Sundry Debtor,Assets,null,Hilton Business Center Variyav Chokdi,Hazira -Sayan Rd Chapprabhatta Ganeshpura,Surat Gujarat 394107 Surat GUJARAT,Billwise,P3699,HUL-10C120P23989,1
L,Jay Ambe Super Market,P3700,Sundry Debtor,Assets,khimaramp85@gmail.com,Parth Building New City Light Rd New City,Light Althan Surat Gujarat 395007 India Surat Guja,,Billwise,P3700,HUL-10C120P24002,CJTPP6909D
L,Pavan Enterprise,P3701,Sundry Debtor,Assets,hadiyalrakesh7698@gmail.com,24 Shaligram Society Behind Ankur School Ambatala,,,Billwise,P3701,HUL-10C120P24006,1
L,Chamunda Super Stores,P3702,Sundry Debtor,Assets,malikahaiyalal95127@gmail.com,Shashank Residency 65 Jahangir Pura Dahin Nagar Su,Vanakala Gujarat 395005 India Veer Savarkar Surat,,Billwise,P3702,HUL-10C120P24007,CIQPM6954B
L,Diamond Traders,P3703,Sundry Debtor,Assets,null,23 Gotalawadi Rd Kubernagar Patel Nagar,Surat Gujarat 395004 India Surat Gujarat,,Billwise,P3703,HUL-10C120P24008,BAGPS3833J
L,Surya super store,P3704,Sundry Debtor,Assets,null,Ramnagar Gayatri bakry,ni baju ma,Surat Surat GUJARAT,Billwise,P3704,HUL-10C120P24009,1
L,Aakash Mart,P3705,Sundry Debtor,Assets,manishmali9408@gmail.com,6VR2+9R2 Amroli Cross Rd Raghuvir Society Brahm An,Society Amroli Surat Gujarat 394107 India Surat Gu,,Billwise,P3705,HUL-10C120P24011,NA
L,Shivay Store,P3706,Sundry Debtor,Assets,null,6QRQ+39P Kaillashdham Society Bhagvati Nagar Hou s,Surat Gujarat 395005 India Saroli Road Surat Gujar,,Billwise,P3706,HUL-10C120P24012,CPWPP1497P
L,Dev Traders,P3707,Sundry Debtor,Assets,patelnaresh3614@gmail.com,No 8 Rangaudhut Societ Part 2 Rander Rd Ramna,Gar Sima Nagar Surat Gujarat 395005 India Surat Gu,,Billwise,P3707,HUL-10C120P24013,AICPH4329P
L,Maa Supar Market,P3708,Sundry Debtor,Assets,null,SOHAM ARCADE 25 Green City Rd Pal Gam,Surat G Ujarat 395009 India Surat Gujarat,,Billwise,P3708,HUL-10C120P24014,BONPP3867E
L,Shri Nakdang Kirana Stor,P3709,Sundry Debtor,Assets,null,28 Tunki Patel Nagar Surat Gujarat,395003 Ind Ia Surat Gujarat,,Billwise,P3709,HUL-10C120P24017,HCKPK0821G
L,Priya Egg Center,P3710,Sundry Debtor,Assets,null,4QW3+H86 New Magdalla Rd Gail Colony New Magdal,La Surat Gujarat 394518 India India Surat Gujarat,,Billwise,P3710,HUL-10C120P24030,NA
L,NILKANTH  DRYFRUIT,P3711,Sundry Debtor,Assets,null,C 23 Nakstraview Near New L.P Savani School,Ugat Canal Road Palnpurga Surat Surat Gujarat,,Billwise,P3711,HUL-10C120P24031,AUCPJ0377M
L,AAI MATA,P3712,Sundry Debtor,Assets,null,Lizard corp A-801 samarpan heights Jahangir Pura D,Nagar Surat Gujarat 395005 India Surat Gujarat,,Billwise,P3712,HUL-10C120P24032,AJBPC3989Q
L,NAVKAAR AYUR-CHEM,P3713,Sundry Debtor,Assets,null,20 Jay Ambe Rd Jai Ambe Society Adajan,Patiya Surat Gujarat 395009 India Surat Gujarat,,Billwise,P3713,HUL-10C120P24035,AEJPM5038H
L,Kalptaru General Store,P3714,Sundry Debtor,Assets,kalptarugeneral@gmail.com,Ronak Steels Ichhapur 3 Hazira Road Ichhapur 3haz,Road Ichchhapor Surat Gujarat 394510 India Surat G,,Billwise,P3714,HUL-10C120P24037,AEHPK6043G
L,Jay Shree Khodiyar Super Store,P3715,Sundry Debtor,Assets,null,466 Amroli Surat Gujarat,394105 India Surat Gujarat,,Billwise,P3715,HUL-10C120P24040,IPXPB3330C
L,Ranuja Super Store,P3716,Sundry Debtor,Assets,null,4P99+JMQ Dumas Surat Gujarat 394550 India Near,A D Sons Surat Dumas Gujarat,,Billwise,P3716,HUL-10C120P24044,DOVPR2269G
L,R P SUPER MART,P3717,Sundry Debtor,Assets,null,Sankar Mandir Jatra Kuva Comunity,Hall Surat Mora Hazira Gujarat,,Billwise,P3717,HUL-10C120P24045,MUCPK2818J
L,SHREEJI AMULYA PROVISION &amp; ICECREAM,P3718,Sundry Debtor,Assets,null,Canal Road 5 Vaishnodevi Rd Canal Road,Jahangirpura Surat Gujarat 395005 India Surat Guja,,Billwise,P3718,HUL-10C120P24052,CTYPM8333B
L,SADGURU KIRANA STORE,P3719,Sundry Debtor,Assets,null,BHARIMATA ROAD COZWAY,Surat GUJARAT,,Billwise,P3719,HUL-10C120P24059,BMIPB4916R
L,ABINANDAN MEDICAL &amp; GENRAL STORE,P3720,Sundry Debtor,Assets,nixmodi09@gmail.com,7 Opposite Sai Square Complex Adajan Gam,Adajan Surat Gujarat 395009 India Surat Gujarat,,Billwise,P3720,HUL-10C120P24060,BWCPM8317B
L,BHERUNATH KIRANA STORE,P3721,Sundry Debtor,Assets,null,Shop.No.A1 East Point,Near Prince Kirana Store,Altman Bhimrad Canal Road Bhimrad Surat.,Billwise,P3721,HUL-10C120P24061,BYOPG6818H
L,MAHAVEER TRADERS,P3722,Sundry Debtor,Assets,null,Agersen Point F-16 Maharaja Agrasen Bhawan Rd C I,Town Athwa Surat Gujarat 395007 Indi A Surat Guja,,Billwise,P3722,HUL-10C120P24062,ALJPL5996N
L,SHREE SHYAM ETNERPRISE,P3723,Sundry Debtor,Assets,null,Shop.No.11 Nest Orchid NEAR AGARWAL SUPER Although,Bhimrad Canal Road BHIMRAD Surat Gujarat,,Billwise,P3723,HUL-10C120P24063,FDMPM6474C
L,Radhika Supar  Store,P3724,Sundry Debtor,Assets,null,6 Tekra Faliya Jamuna Nagar Dabholi Surat Guj,arat 395004 India,,Billwise,P3724,HUL-10C120P24066,ISAPS4622C
L,Shree Krishna Supar  Store,P3725,Sundry Debtor,Assets,null,6RP6+VFQ Dabholi Village Surat Gujarat 395004,India,,Billwise,P3725,HUL-10C120P24067,JFLPM4258H
L,AARDHYA SUPER STORE,P3726,Sundry Debtor,Assets,null,Ug 13 Rudhrum Avenue Shopping Complex Vesu Canal,Rd Behind L.P.Savani School Vesu Surat Gujara,MAHADEV MEDICAL &amp; M D KIRANA,Billwise,P3726,HUL-10C120P24069,CTKPG0879A
L,SHRUHAD PROVISION STORE,P3727,Sundry Debtor,Assets,null,Navo Mohlo2 Motived Surat Gujarat 395004 India,,,Billwise,P3727,HUL-10C120P24072,EKSPM5828J
L,JALARAM STORE,P3728,Sundry Debtor,Assets,null,03 Nr Shahid Bhagat Singh Ved - Variav Brg Kanji,Nagar Motived Surat Gujarat 395004 India,India,Billwise,P3728,HUL-10C120P24073,AFQPD5778K
L,Shree Supar Store,P3729,Sundry Debtor,Assets,null,01 opp. Shivalik Heights Haridarshan Society Da,bholi Surat Gujarat 395004 India,,Billwise,P3729,HUL-10C120P24074,DOQPK6227G
L,Arihant Super Store,P3730,Sundry Debtor,Assets,null,Shop No 41 43,Sumeru Business Corner,Rajhans Theater Ni Gali Pal,Billwise,P3730,HUL-10C120P24075,24ABQFA6513P1ZZ
L,GAYATRI DAIRY,P3731,Sundry Debtor,Assets,null,A-212-Krushna Kunj Society Palanpur Rd Dipanjali,Society Deepjyot Society Mahadev Nagar Pankaj,Nagar Surat Gujarat 395009 India,Billwise,P3731,HUL-10C120P24076,AUDPK4358E
L,MOHIT GENERAL STORE,P3732,Sundry Debtor,Assets,null,Shop.No.12 Global View,Near Medical Colleg Pandit Dindayal G.H.Society,Jahagirabad,Billwise,P3732,HUL-10C120P24079,AZBPC6927E
L,SATYAM TRADERS,P3733,Sundry Debtor,Assets,null,2 80 Ram Nagar Rd opposite Rander Shree Rang So,ciety B.R.T.S Rang Avdhut Society Rander Surat,Gujarat 395005 India,Billwise,P3733,HUL-10C120P24080,GLGPR9664J
L,Bagwati Pro Store,P3734,Sundry Debtor,Assets,null,Shop No 11 Sandya Vandan Centre Mahadev Nagar P,Alanpur Jakatnaka Surat Gujarat 395009 India,,Billwise,P3734,HUL-10C120P24082,KKJPD8135A
L,Saurashtra Ganral Store,P3735,Sundry Debtor,Assets,null,1/2/3 Sandhyavandan Society Pankaj Nagar Surat,Gujarat 395009 India,,Billwise,P3735,HUL-10C120P24083,NA
L,Ashirwad Bakry,P3736,Sundry Debtor,Assets,null,601 Krishna Nagar Ichchhapor Limla Gujarat 394,510 India,,Billwise,P3736,HUL-10C120P24085,NA
L,DHANLAXMI SUPAR STORS,P3737,Sundry Debtor,Assets,null,A Building 8 TGB Adajan Gam Pal Gam Surat Gu,jarat 395009 India,,Billwise,P3737,HUL-10C120P24086,FEJPR7324G
L,Gajanan Kirana &amp; Provision Store,P3738,Sundry Debtor,Assets,null,Block 1 Prabhu Nagar 2 Kubernagar Katargam Sur,at Gujarat 395004 India,,Billwise,P3738,HUL-10C120P24090,AYCPR9265J
L,UMIYA KIRANA &amp; PRO.,P3739,Sundry Debtor,Assets,null,Amrut Nivas Apartment A36 Avdhut Nagar Maninaga,Bahuchar Nagar Katargam Surat Gujarat 395004,India,Billwise,P3739,HUL-10C120P24091,APVPP5976Q
L,SHREE LALECHI MAA KIRANA STORE,P3740,Sundry Debtor,Assets,null,A-?? ????????-? Prabhunagar Katargam Surat Gu,Gujarat 395004 India,,Billwise,P3740,HUL-10C120P24092,CLWPS2057J
L,RINKU GENERAL STORE,P3741,Sundry Debtor,Assets,null,Shop.No.23 Offira Business Hub,Opp.Suman Bharga Near Bhagwan Mahavir College,Bharthana Vesu V.I.P Road.,Billwise,P3741,HUL-10C120P24097,AMYPG1689D
L,Jisha Pan Colddrink Tobeco,P3742,Sundry Debtor,Assets,null,6RG4+9H3 Causeway Link Rd Riddhi Siddhi Society,Singanpor Surat Gujarat 395004 India,,Billwise,P3742,HUL-10C120P24098,BONPS5945C
L,M.S Backry,P3743,Sundry Debtor,Assets,null,HAUTE COUTURE 5 Square Point 103 Jahangirpura R,D Shree Shradha Society Morabhagal Surat Gujar,At 395005 India,Billwise,P3743,HUL-10C120P24100,DPCPP6067N
L,HANUMAN PROVISON STORE,P3744,Sundry Debtor,Assets,null,5PH6+JH2 Kavas Limla Hazira Gujarat 394510 In,Dia,,Billwise,P3744,HUL-10C120P24102,EXLPS7969Q
L,SHIV BHAVANI GENERAL STORE,P3745,Sundry Debtor,Assets,null,5PH6+XHR Kavas Limla Hazira Gujarat 394510 In,Dia,,Billwise,P3745,HUL-10C120P24103,BDQPP9154G
L,SHIVKRUPA DAIRY AND PROVISION STORE,P3746,Sundry Debtor,Assets,null,Shop 45Shiv Chhatra ResidencyBehind Raj Corner,L.P Savani Adajan,Surat,Billwise,P3746,HUL-10C120P24105,CPOPG0675Q
L,Dipak Traders,P3747,Sundry Debtor,Assets,null,C - 28 Opp. Ambedkar Trust Near Choksi Vadi Kri,Shna Nagar Society Krishna Nagar Society - 2 Cho,Ksi Wadi Adajan Surat Gujarat 395009 India,Billwise,P3747,HUL-10C120P24106,EXHPB8626P
L,DIPAK TRADERS,P3748,Sundry Debtor,Assets,null,21 D Krishna Nagar Society -2 Choksi Wasi Krishna,Nagar Society Krishna Nagar Society - 2 Choksi,Wadi Narotam Nagar Surat Gujarat 395009 India,Billwise,P3748,HUL-10C120P24107,EXHPB8626P
L,JAI AMBE KIRANA,P3749,Sundry Debtor,Assets,null,5PH7+QXC Kavas Surat Hazira Gujarat 394510 In,Dia,,Billwise,P3749,HUL-10C120P24108,ACAPI7435F
L,PUNITA PROVISION STORE,P3750,Sundry Debtor,Assets,null,5PJ6+2CH Bhavani St Kavas Hazira Limla Gujara,T 394510 India,,Billwise,P3750,HUL-10C120P24109,FZSPM0285B
L,SHIVAM MEDICO,P3751,Sundry Debtor,Assets,null,124 Palanpur Canal Rd Sandhyavandan Society Pan,Kaj Nagar Surat Gujarat 395009 India,,Billwise,P3751,HUL-10C120P24110,BQFPC8080A
L,HIREN PROVISON,P3752,Sundry Debtor,Assets,null,Dharti Society Near IndianOil Smruti Society Pa,Tel Nagar Surat Gujarat 395004 India,,Billwise,P3752,HUL-10C120P24111,CBSPC0331H
L,SHREE RAM KIRANA STORE,P3753,Sundry Debtor,Assets,null,Vinayak Complex,Near Bank Of Baroda,Mora Tekra,Billwise,P3753,HUL-10C120P24114,OBCPS9425L
L,Arbuda Traders,P3754,Sundry Debtor,Assets,null,Nandanvan Row House C40 Jahangir Pura Surat Gu,Jarat 395005 India,,Billwise,P3754,HUL-10C120P24115,BWMPB5130M
L,Royal Enterprise,P3755,Sundry Debtor,Assets,null,Shop 1 Mahendra Park Complex near Iscon Temple K,aillashdham Society Jahangir Pura Surat Gujarat,395005 India,Billwise,P3755,HUL-10C120P24117,BEJPG5252G
L,VARSHA SUPER STORE,P3756,Sundry Debtor,Assets,null,8 Vaishnodevi Sky Shopping Center Vaishnodevi Roa,Dahin Nagar Surat Vana Kala Gujarat 395005 India S,,Billwise,P3756,HUL-10C120P24118,2021020900023
L,Bajrang Kirana,P3757,Sundry Debtor,Assets,null,36 NIRMAL,NAGAR Amroli,Surat Surat,Billwise,P3757,HUL-10C120P24119,1
L,Amrutdhara Dairy &amp; Sweet Bakery,P3758,Sundry Debtor,Assets,null,6QRF+VF5 Dahin Nagar Vanakala Surat Gujarat,39 5005 India Vanakala Gujarat,,Billwise,P3758,HUL-10C120P24124,PEC03WZ29124
L,Nisha Novelty,P3759,Sundry Debtor,Assets,null,G 21,Time Square,Surat GUJARAT,Billwise,P3759,HUL-10C120P24128,1
L,KHUSHI TRADERS,P3760,Sundry Debtor,Assets,null,Plot.No.1 Besaid Suman Sagar Opp.Happy Glorious,Shivaji Park Raoad Vesu,Near Dipak Traders Vesu.,Billwise,P3760,HUL-10C120P24129,20725031003759
L,KRISHNA PARLOUR,P3761,Sundry Debtor,Assets,null,SHOP NO. 12GOVIND NAGAR SOC.,NR. PANNA TOWER AJRAMAR CHOCK,RANDER ROAD SURAT,Billwise,P3761,HUL-10C120P24131,ARMPG3777D
L,CHAMUNDA KIRANA,P3762,Sundry Debtor,Assets,null,Dada Ka BanglaMagdalla,New Magdalla Surat Gujarat 395007 Indi,,Billwise,P3762,HUL-10C120P24135,NFQPS5186P
L,Bajrang Dairy &amp; Kirana Store,P3763,Sundry Debtor,Assets,null,53 Gokul Park Society Utran,Same,Same,Billwise,P3763,HUL-10C120P24137,APOPM8668P
L,Lakshmi Kirana And Provision Store,P3764,Sundry Debtor,Assets,null,6R7J+R5C Gotalawadi Tunki Patel Nagar Surat G,ujarat 395004 India,,Billwise,P3764,HUL-10C120P24138,AVLPJ2154Q
L,JAY PROVISION,P3765,Sundry Debtor,Assets,null,Shop.No.6 Happy Hall Marks,NER MAHESHWARI SUPER STORE,HAPPY HOL MARK,Billwise,P3765,HUL-10C120P24140,LHDPS6949D
L,JALARAM STORE,P3766,Sundry Debtor,Assets,null,173 New City Light Rd nearby Teapost New City L,ight Bharthana Surat Gujarat 395007 India,,Billwise,P3766,HUL-10C120P24141,AYZPP2425P
L,Radhe Krishna Icecream Parlour,P3767,Sundry Debtor,Assets,null,B38 Palanpur Rd Block B Dindayal Society Sima,Nagar Surat Gujarat 395005 India,,Billwise,P3767,HUL-10C120P24144,AVDPL1319H
L,SHREE SHYAM PROVISION STORE,P3768,Sundry Debtor,Assets,null,Smit Sagar Society Vir Bhagat Singh Marg Honey P,Ark Area Pankaj Nagar Surat Gujarat 395009 Ind,Ia,Billwise,P3768,HUL-10C120P24145,HUQPP3445F
L,SHIV BAKERY,P3769,Sundry Debtor,Assets,null,Kunti Shopping Centre Deepa Complex 14 Hazlra,Adajan Rd Opp. Makkai Bridge Krishna Nagar Soci,ety Premjinagar Society-1 Gita Nagar Adajan Su,Billwise,P3769,HUL-10C120P24148,CGKPV3878F
L,Om Shanti Store,P3770,Sundry Debtor,Assets,null,65 Purshottam Nagar Ashirwad Society Vesu Sura,T Gujarat 395007 India,,Billwise,P3770,HUL-10C120P24151,FBGPM1958B
L,DEEP SUPER MART,P3771,Sundry Debtor,Assets,null,5 Nita Soc Near Bejanwala Complex,Cozway Road Tadwadi,Adajan,Billwise,P3771,HUL-10C120P24152,CSJPM1445G
L,Rashiklal N Sons,P3772,Sundry Debtor,Assets,null,101 Adajan Gam Adajan Surat Gujarat 394510 In,dia,,Billwise,P3772,HUL-10C120P24156,APGPS2661L
L,Swati Sales,P3773,Sundry Debtor,Assets,null,5QPJ+V6F Adajan Gam Surat Gujarat 394510 India,,,Billwise,P3773,HUL-10C120P24157,HTHPS2872D
L,Narayan Provision Stors,P3774,Sundry Debtor,Assets,null,A-1 Anand Mahal Rd Saikrupa Society Palanpur Pa,Tia Surat Gujarat 395009 India,,Billwise,P3774,HUL-10C120P24161,ABIPM2671C
L,NILDHARA TRADING CO.,P3775,Sundry Debtor,Assets,null,Shoo.1Panchavati Appartment,Palanpur Jakatnaka,Opp Sbi Bank,Billwise,P3775,HUL-10C120P24162,HTSPP9576G
L,Shrattha Khaman Provision Stor,P3776,Sundry Debtor,Assets,null,6Q6P+PQ3 Palanpur Rd Rander - Jahangirpur Dind,Yal Society Palanpur Patia Surat Gujarat 39500,India,Billwise,P3776,HUL-10C120P24163,ASNPI6149M
L,JALARAM KIRANA,P3777,Sundry Debtor,Assets,null,94 Star Residency,Rajgari Road,Mora Tekra,Billwise,P3777,HUL-10C120P24164,FIJPR7414B
L,Jay Jalaram Genral Store,P3778,Sundry Debtor,Assets,null,Hanuman Takre Morabhagal,,,Billwise,P3778,HUL-10C120P24165,ETNPS7783G
L,MAA SHAKTI KIRANA STORES,P3779,Sundry Debtor,Assets,null,24 Palav Park Society Talav Faliya Singanpor S,Urat Gujarat 395004 India,,Billwise,P3779,HUL-10C120P24166,AKAPL0053G
L,MAA CHAMUNDA PROVISON AND GENERAL STORE,P3780,Sundry Debtor,Assets,null,Patel Park 288 Chhaprabhatha Rd Chapprabhatta,Ganeshpura Surat Gujarat 394107 India,,Billwise,P3780,HUL-10C120P24167,CQOPB2833C
L,Arihant Namkeen Dry Fruit,P3781,Sundry Debtor,Assets,null,Shop No 4 Western Areena Green City Road Adajan,near MD SONS opposite The Food Club Adajan Gam,Pal Gam Surat Gujarat 394510 India,Billwise,P3781,HUL-10C120P24168,AFDPZ1783K
L,Shyam Dairy And General Store,P3782,Sundry Debtor,Assets,null,Patel Park 290-294 Chhaprabhatha Rd Chapprabhat,ta Ganeshpura Surat Gujarat 394520 India,India,Billwise,P3782,HUL-10C120P24169,BUWPG6595F
L,AKSHAY KARIYANA,P3783,Sundry Debtor,Assets,null,171 Bhimpore Main Rd Bhimpore Surat,Gujarat 39 4550 India Surat Gujarat,,Billwise,P3783,HUL-10C120P24176,CHGPK8246P
L,AKSHAY KARIYANA,P3784,Sundry Debtor,Assets,null,557 Bhimpore Main Rd Gopal Nagar Bhimpore,Sura T Gujarat 394550 India Surat Gujarat,,Billwise,P3784,HUL-10C120P24177,CHGPK8246P
L,Labdhi Store,P3785,Sundry Debtor,Assets,harishshah194.hs@gmail.com,8 Siddhi Khatra Res Near Nishal Carcal Pal Adajan,10 India,,Billwise,P3785,HUL-10C120P24179,GIXPS1298M
L,GOYAL TRADING COMPANY,P3786,Sundry Debtor,Assets,null,Shop No: A-27Aagam Arcade 1st Floor Near Jolly,Residency Opposite Jolly Residency Vesu Surat,Gujarat 395007 India,Billwise,P3786,HUL-10C120P24181,DTPPS4846K
L,Shiv Shakti Kariyana,P3787,Sundry Debtor,Assets,null,2 Anath Ashram Rd Chikuvadi Gayartri Society K,atargam Surat Gujarat 395004 India,,Billwise,P3787,HUL-10C120P24184,AJIPA2113K
L,Ashapura General Store,P3788,Sundry Debtor,Assets,null,300/301/302 Minaxi Wadi Katargam Surat Gujarat,395004 India,,Billwise,P3788,HUL-10C120P24188,BGHPP7768L
L,MAA BHAGVATI KIRANA STORE,P3789,Sundry Debtor,Assets,null,5R22+3F9 Shivam Society Althan Surat Gujarat 3,95007 India,,Billwise,P3789,HUL-10C120P24189,CXEPK1004K
L,DHARMARAJ KIRANA STORE,P3790,Sundry Debtor,Assets,heralalgadri26@gmail.com,Shreenathji Farsan L7govindjipark App Umra Gam A,Thwa Surat Gujarat 395007 India,,Billwise,P3790,HUL-10C120P24190,CQEPG8979G
L,Omkar Beauty,P3791,Sundry Debtor,Assets,null,6QCF+469 Bhesan Rd Palanpur Surat Gujarat 3950,05 India,,Billwise,P3791,HUL-10C120P24191,OMOPS7998B
L,Gokul Dairy,P3792,Sundry Debtor,Assets,null,38 Pal Rd Western City Adajan Surat Gujarat 3,94510 India,,Billwise,P3792,HUL-10C120P24192,GFSPP3651B
L,Keshav Dairy,P3793,Sundry Debtor,Assets,null,D Block Honey Park Area Pankaj Nagar Surat Guj,Arat 395009 India,,Billwise,P3793,HUL-10C120P24193,FXKPP9989R
L,Jay Ayurvedam,P3794,Sundry Debtor,Assets,jayayurvedam@gmail.com,Shop No 2 Sweet Residency Honey Park Rd Adajan,Gam Adajan Surat Gujarat 395009 India,,Billwise,P3794,HUL-10C120P24194,EHRPP6871E
L,VIJAY LAXMI BEAUTY COLLECTION,P3795,Sundry Debtor,Assets,null,Dr. Ajaysinh H. Mahida 6 Shantinath Complex Opp. G,AIL Tower Beside Bank of India Anand Mahal Rd Ra,mdevnagar Society Jyoti Nagar Society Adajan Su,Billwise,P3795,HUL-10C120P24195,HFOPS4670Q
L,BALAJI TRADERS,P3796,Sundry Debtor,Assets,null,14 MADHAV VILLA SOCIETY NEAR Parshuram Garden R,D Beside Sajani Row House Adajan Gam Adajan Su,Rat Gujarat 395009 India,Billwise,P3796,HUL-10C120P24196,BRLPM8684B
L,Shree Keljai Mata Store,P3797,Sundry Debtor,Assets,null,Suman Mudra Avash Pal,,,Billwise,P3797,HUL-10C120P24197,DWDPS4181N
L,VASUDEV KIRANA AND PROVISION STORE,P3798,Sundry Debtor,Assets,null,Shop.No.3 Prime Palace,Near S.D.Jain College,Vesu Surat,Billwise,P3798,HUL-10C120P24204,HJEPR9693L
L,New Sreeji Dairy,P3799,Sundry Debtor,Assets,null,Shop No A1 Shivshakti Appartment Near Parshuram,Garden Rd Adajan Gam Adajan Surat Gujarat 3950,09 India,Billwise,P3799,HUL-10C120P24205,CUPPB2287R
L,Jalaram Super Store,P3800,Sundry Debtor,Assets,null,AB65 Katargam Darwaja,Kuber Nagar 1,Paras Market,Billwise,P3800,HUL-10C120P24206,DXAPA0225D
L,MAA CHAMUNDA DAIRY And Genral Store,P3801,Sundry Debtor,Assets,null,Anand Villa Residency Palanpur Surat Gujarat 39,5005 India,,Billwise,P3801,HUL-10C120P24208,KDYPD6733C
L,Shantinath Dairy &amp; Provision Stors,P3802,Sundry Debtor,Assets,null,Samarth Martand Near Coral Heights Next To Marvell,A Residency Behind Oxygen Park Althan-Bhimrad Bhi,Mrad-Althan Rd Surat Gujarat 395007 India,Billwise,P3802,HUL-10C120P24209,AKWPP2922Q
L,DIPU KARIYANA STORE,P3803,Sundry Debtor,Assets,null,Patel Mohallo Gaviyer,Gaviyat Gam,,Billwise,P3803,HUL-10C120P24211,AMCPP8669E
L,Jalaram Kirana Store,P3804,Sundry Debtor,Assets,null,35 Aambatalvadi Colony Near,Sunday Hub Gajera Road,Katargam Surat GUJARAT,Billwise,P3804,HUL-10C120P24212,1
L,VIDHI GENRAL STORE,P3805,Sundry Debtor,Assets,null,153 Krishna Nagar Soc,Ichhapore,Near Logas Mission School,Billwise,P3805,HUL-10C120P24213,ENBPP4175H
L,Shree Hari Bekari &amp; Super Store,P3806,Sundry Debtor,Assets,null,Ganga Residency B1 Causeway Rd Industrial Area,Singanpor Surat Gujarat 395004 India,B1 Causeway Rd Vishala Near,Billwise,P3806,HUL-10C120P24219,ATZPC4916H
L,JAY MAA TARA VERIETY SHOP,P3807,Sundry Debtor,Assets,null,5PJ6+8M5 Kavas Limla Hazira Gujarat 394510 In,Dia,,Billwise,P3807,HUL-10C120P24223,AQLPB5669F
L,PRATHNA GENRAL STORE,P3808,Sundry Debtor,Assets,null,5MF5+GJW Patel Street Mora Tekra GSEG Colony H,azira Gujarat 394517 India,NEER SREE RAM MEDICAL,Billwise,P3808,HUL-10C120P24224,ASYPP8535B
L,Patel Dairy,P3809,Sundry Debtor,Assets,null,Shop No 9 Jay Jalaram Shopping Centre Rander Roa,D Tadwadi Tadwadi Opposite Saikrupa Bus Stand,Paribrahma Society Tadwadi Surat Gujarat 395009,Billwise,P3809,HUL-10C120P24226,HUQPP2879K
L,BAJRANG KIRANA STORE,P3810,Sundry Debtor,Assets,null,5MF6+999 Mora Tekra GSEG Colony Hazira Gujarat,PLOT NO 10 BAPA SITARAM SOC,NEER JAYRA KUA BALYBAVSI MANDIR,Billwise,P3810,HUL-10C120P24227,AIBPY4305K
L,Shree Mateshwari Kirana Store,P3811,Sundry Debtor,Assets,null,4QJW+HW4 Bhimrad Surat Gujarat 395007 India,,,Billwise,P3811,HUL-10C120P24229,LCRPS2188F
L,BAJRANG GENRAL STORE,P3812,Sundry Debtor,Assets,null,Amroli Char Rasta,Amroli Surat Surat,Surat GUJARAT,Billwise,P3812,HUL-10C120P24231,1
L,VASUDEV NAMKEEN &amp; BAKERY,P3813,Sundry Debtor,Assets,null,Bus Depot 18 TP 10 Main Rd Nr. Wallet Hypermart,Opp. LP Savani Pal Gam Surat Gujarat 395009,India,Billwise,P3813,HUL-10C120P24232,NA
L,Vishnu Kirana &amp; Provision Store,P3814,Sundry Debtor,Assets,null,Shop No. 1 Plot No. 232,Vishram Nagar Society Near Sharda General Store,Ved Road,Billwise,P3814,HUL-10C120P24236,1
L,Omkar Super Mart,P3815,Sundry Debtor,Assets,null,44a Ramji Residency Rd Prabhudarshan Society Bh,Esan Gam Dahin Nagar Surat Gujarat 395005 Indi,A,Billwise,P3815,HUL-10C120P24238,CUUPP8578E
L,JAY KHODIYAR SUPER STORE,P3816,Sundry Debtor,Assets,null,ADARSH NAGAR CHHAPRABHATA,AMROLI ROAD SURAT,Surat GUJARAT,Billwise,P3816,HUL-10C120P24240,1
L,NEW SHIV SHAKTI SUPER STORE,P3817,Sundry Debtor,Assets,null,THAKOR DWAR SHOPING CENTRE,Chapprabhata Main Road Chapprabhata,Amroli Surat GUJARAT,Billwise,P3817,HUL-10C120P24242,1
L,Ashapura Medical,P3818,Sundry Debtor,Assets,null,5PH6+RGF Kavas Limla Hazira Gujarat 394510 In,Kawas Gam,Limla,Billwise,P3818,HUL-10C120P24244,OGDPS7179R
L,Sambhavnath Karyana Provision Store,P3819,Sundry Debtor,Assets,null,5QQG+7Q2 Opp. Galaxy Aventura Near Green City Ro,Ad Adajan Gam Pal Gam Surat Gujarat 394510 In,Dia,Billwise,P3819,HUL-10C120P24245,DZRPS6811Q
L,Sakti Mart,P3820,Sundry Debtor,Assets,shaktimart2025@gmail.com,7R8G+349 Chapprabhatta Variav Surat Gujarat 39,4520 India,,Billwise,P3820,HUL-10C120P24248,ABPPZ5134L
L,Umiya Dery And Bekari,P3821,Sundry Debtor,Assets,null,24 Dabholi Rd Kailash Nagar Society Dabholi Vil,Lage Surat Gujarat 395004 India,,Billwise,P3821,HUL-10C120P24254,BCFPN0117D
L,KALAJI KIRANA STORE,P3822,Sundry Debtor,Assets,null,Near Fire Station Palanpur Gam,Surat,Surat,Billwise,P3822,HUL-10C120P24257,BHHPT7525C
L,Devkrupa Kirana Store,P3823,Sundry Debtor,Assets,null,Shop1 Raj Pales Milona Hights Piplod,Iety Piplod Surat Gujarat 395007 India,,Billwise,P3823,HUL-10C120P24258,AWDPG3113H
L,Barakat Kirana Stor,P3824,Sundry Debtor,Assets,null,Shop No.18 Teen Aarti New Rander Rd Rander Sur,At Gujarat 395005 India,,Billwise,P3824,HUL-10C120P24261,MXEPS0791K
L,JAY AMBEMA PROVISION STORE,P3825,Sundry Debtor,Assets,null,3 Rudraksha App Near Nova Saroli Bridge,Jahangir Pura Surat Gujarat 395005 India,,Billwise,P3825,HUL-10C120P24264,CGLPP7656L
L,SREEJI SUPER MART,P3826,Sundry Debtor,Assets,null,6QXP+334 Olpad Rd Jahangir Pura Surat Gujarat,395005 India,Saroli Breez,Billwise,P3826,HUL-10C120P24265,DQQPP2858N
L,Krishna Medical,P3827,Sundry Debtor,Assets,null,51 Sidheshwar Sos Dabholi Char Rasta,Rasta Gayatri Nagar Vedroad Surat Gujarat 3950,04 India,Billwise,P3827,HUL-10C120P24266,GSCPR7213E
L,CHAMUNDA MATA,P3828,Sundry Debtor,Assets,null,37 Causeway Rd Vijay Raj Raw House Vijayraj Soc,iety Singanpor Surat Gujarat 395004 India,,Billwise,P3828,HUL-10C120P24267,BGZPC3970R
L,GAYATRI GANRAL STORE,P3829,Sundry Debtor,Assets,null,Ashram Faliyu Mora Tekra Hazira Gujarat 394517,India,NER NAND MEDICL STORE,Billwise,P3829,HUL-10C120P24268,ABVPU7963Q
L,Shree Khodiyar General Stores,P3830,Sundry Debtor,Assets,null,Ghanshyam Nagar Society 14 Akhand Anand Society,Yogi Nagar Society Dabholi Surat Gujarat 39500,4 India,Billwise,P3830,HUL-10C120P24270,QYUPS0821P
L,Mahalaxmi Super Store,P3831,Sundry Debtor,Assets,null,5 Santosha shopping Center Bhimrad-Althan Rd Ap,cha Nagar Surat Gujarat 395007 India,,Billwise,P3831,HUL-10C120P24272,AUEPV2731R
L,GANPATI STORE,P3832,Sundry Debtor,Assets,null,Block A 739 Prashant Nagar Sant Tukaram Society,Part 2 Sima Nagar Surat Gujarat 395005 India,,Billwise,P3832,HUL-10C120P24273,BACPK1088F
L,GUDLUCK PROVISION &amp; GENRAL,P3833,Sundry Debtor,Assets,null,220 Rander Rd Near Swaminarayan School Gopinath,Society Ramnagar Morabhagal Surat Gujarat 395,005 India,Billwise,P3833,HUL-10C120P24276,AUTPM1308A
L,RASOI MASALA,P3834,Sundry Debtor,Assets,null,Ichhapore. 3 Hazira Rd Krishna Nagar Society Su,Rat Gujarat 394510 India,Near Kailash Janral Ni Bajuma,Billwise,P3834,HUL-10C120P24278,DELPJ9085Q
L,Shreeji Astate,P3835,Sundry Debtor,Assets,null,Rander Road B/h Navyug College Rd Navyug Societ,y Sangana Society Adajan Surat Gujarat 395009,India,Billwise,P3835,HUL-10C120P24280,NA
L,K D Medical,P3836,Sundry Debtor,Assets,null,G/2 Rander Rd Bejanwala Complex Tadwadi Surat,Gujarat 395009 India,,Billwise,P3836,HUL-10C120P24281,NA
L,Dhvani Disposable Sabu Vs Detergent,P3837,Sundry Debtor,Assets,null,561 Near Shreeji Carting Gujarat Housing Board,Dindayal Society Palanpur Patia Surat Gujarat 3,95005 India,Billwise,P3837,HUL-10C120P24284,NA
L,SHIV SAKTI GENERAL STORE,P3838,Sundry Debtor,Assets,null,9 Mahavinagar Society Palanpur Patia Surat Guj,NR Rupali Cinema,Palanpur Patiya Ramnagar Road Surat,Billwise,P3838,HUL-10C120P24285,NA
L,STAR KIRANA,P3839,Sundry Debtor,Assets,null,6Q8W+2GJ Gymkhana Rd Gomtinagar Society Rehamt,Nagar Rander Surat Gujarat 395005 India,NEAR REHAMAT STORE,Billwise,P3839,HUL-10C120P24286,NA
L,TVAKKAL GENERAL STORE,P3840,Sundry Debtor,Assets,null,Zim Khana Society 50 Causeway Rd Sultaniya Ran,Der Surat Gujarat 395005 India,Opp Amdawadi Tawa,Billwise,P3840,HUL-10C120P24288,NA
L,Lalani Super Stores,P3841,Sundry Debtor,Assets,null,Hanuman Tekri Rd Narayan Nagar Society,Reva Nagar Rander Surat Gujarat 395005 India,,Billwise,P3841,HUL-10C120P24289,NA
L,Shreeji General Store &amp; Tobaco,P3842,Sundry Debtor,Assets,null,Jay Ambe Society Dabholi Village Surat Gujarat,395004 India,,Billwise,P3842,HUL-10C120P24291,NA
L,A R KIRANA,P3843,Sundry Debtor,Assets,null,Shop No 1 Fulwai Bhari Mata Rd Near River View S,Ociety Fatakdawadi Industrial Area Singanpor S,Urat Gujarat 395004 India,Billwise,P3843,HUL-10C120P24297,NA
L,Bhairunath Kirana Store,P3844,Sundry Debtor,Assets,null,548 Angreji Faliyu Amroli Surat Gujarat 394107,Masjid Faliyu Main Road,Amroli Surat,Billwise,P3844,HUL-10C120P24299,NA
L,Shivansh Atore,P3845,Sundry Debtor,Assets,null,3 Vrundavan Pk Society Rd Opposite Krishnakunj A,Partment Uttran Surat Gujarat 394105 India,,Billwise,P3845,HUL-10C120P24300,NA
L,Gopal Super Stores,P3846,Sundry Debtor,Assets,null,suncity residency B.402 Chhaprabhatha Rd above,Pocket store Mall Amroli Surat Gujarat 394107,India,Billwise,P3846,HUL-10C120P24302,NA
L,Shree Dev Krupa Kirana Store,P3847,Sundry Debtor,Assets,null,Shop No  1. Raj Palace Near Milano Hights,Piplod Surat Gujarat 395007,India,Billwise,P3847,HUL-10C120P24303,NA
L,Shivani Yogita Kirana,P3848,Sundry Debtor,Assets,null,4QX4+9CC New Magdalla Surat Gujarat 395007 Ind,Near. Nilkanth General,,Billwise,P3848,HUL-10C120P24304,NA
L,Pathak Kirana&amp; Genral Store,P3849,Sundry Debtor,Assets,null,64A Mora Tekra Mora Limla Hazira Gujarat 3945,17 India,,Billwise,P3849,HUL-10C120P24306,NA
L,PATHAK GANRAL STORE,P3850,Sundry Debtor,Assets,null,Neer Gayti Kirana,394517 India,Mora,Billwise,P3850,HUL-10C120P24307,NA
L,JAY JARRA BABA GENERAL STORE,P3851,Sundry Debtor,Assets,null,NER NAND MEDICAL,Gujarat 394517 India,Ner HANUMAN KIRANA,Billwise,P3851,HUL-10C120P24308,NA
L,SONU MONU GANRAL STORE,P3852,Sundry Debtor,Assets,null,NER NAND MEDICAL BRAMANI MEDICAL,394517 India,NER HANUMAN KIRANA,Billwise,P3852,HUL-10C120P24309,NA
L,LAXMI KIRANA STORE,P3853,Sundry Debtor,Assets,null,DESI FALYA NER BALY BAVCH,394517 India,NER OM SAI GENRAL STOR,Billwise,P3853,HUL-10C120P24310,NA
L,HARSH KIRANA STORE,P3854,Sundry Debtor,Assets,null,B3 Near CHITRAKUT SOCIETY Mora Tekra Mora Hazi,ra Gujarat 394517 India,NEER SREE RAM MEDICAL STORE ARADYA SUUPR,Billwise,P3854,HUL-10C120P24311,NA
L,PATWA KIRANA &amp;GANRL STORE,P3855,Sundry Debtor,Assets,null,NER JATRA TALAV BALIY BAVSI MANDIR,394517 India,Ner BRAMANI MEDICAL BAPA SITARAM SOS,Billwise,P3855,HUL-10C120P24312,NA
L,JAY AMBE KIRANA STOR,P3856,Sundry Debtor,Assets,null,STAR SOS,NER BRHMANI MEDICL,OOP SHREE BALAJI MEDICL,Billwise,P3856,HUL-10C120P24313,NA
L,GITA ENTERPRISE,P3857,Sundry Debtor,Assets,null,STAR SOS Suvali Rd Mora Tekra Hazira Rajgari,Gujarat 394517 India,NEER NIMBESWRI MEDICL,Billwise,P3857,HUL-10C120P24314,NA
L,JALARAM KIRANA STOR,P3858,Sundry Debtor,Assets,null,5MG4+F73 Suvali Rd Mora Tekra Hazira Rajgari,Gujarat 394517 India,NER GETA ENTERPRISE NIMBESWRI MEDICL,Billwise,P3858,HUL-10C120P24315,NA
L,Balaji Dary &amp; Provizen,P3859,Sundry Debtor,Assets,null,Bus Stop 3 Hazira Rd near Umiya Dary Ichchhapo,r Surat Gujarat 394510 India,,Billwise,P3859,HUL-10C120P24317,NA
L,Shree Raj Laxmi Super Store,P3860,Sundry Debtor,Assets,null,A3 Ichchhapor Limla Gujarat 394510 India,,,Billwise,P3860,HUL-10C120P24318,NA
L,Pramukh Madical,P3861,Sundry Debtor,Assets,null,2 Hazira Rd Near Aagman Residency Ichhapore Su,Rat Gujarat 394510 India,,Billwise,P3861,HUL-10C120P24319,NA
L,Shree Nathji Dairy And General Store,P3862,Sundry Debtor,Assets,null,Somnath App Vihar 1 Near Mahadev Mandir,Valinath Chowk Sivchhaya society Katargam Sura,t Gujarat 395004 India,Billwise,P3862,HUL-10C120P24325,DCYPP6272C
L,Khushbu Kirana Store,P3863,Sundry Debtor,Assets,null,Vinayak Store Ni Bajuma Krishna Nagar Ichapor,por Gujarat 394510 India,,Billwise,P3863,HUL-10C120P24327,BCDPM4884N
L,Dhanlaxmi  Kariyana Provision Store,P3864,Sundry Debtor,Assets,null,Gopalgram Society 6RPG+48V Amba Talavadi Rd bes,ide Patidar Samaj Hall Bhakti Nandan Society Kat,argam Surat Gujarat 395004 India,Billwise,P3864,HUL-10C120P24328,AGUPC1607M
L,Welcome Super Market,P3865,Sundry Debtor,Assets,null,Ground Floor Green PalmsG10 opposite Raj Ratna,Adajan Gam Pal Gam Surat Encluve Gujarat 39451,Near PR Medical,Billwise,P3865,HUL-10C120P24329,FMUPM0326J
L,Omkar Kriyana Store,P3866,Sundry Debtor,Assets,null,Signet ShoppersShop No19 Near Shubh Residency Wa,Rd 2 Vesu Surat Gujarat 395007 India,Near Arihant Store,Billwise,P3866,HUL-10C120P24340,AZEPK7446B
L,Nilesh General Store,P3867,Sundry Debtor,Assets,null,Samarat Park Kedarnath Society Mahadev Nagar Pa,Nkaj Nagar Surat Gujarat 395009 India,,Billwise,P3867,HUL-10C120P24341,ABSPJ7173J
L,Hari Om Super Store,P3868,Sundry Debtor,Assets,null,9 Shree Nathji Complex Satadhar  Amroli Surat,Gujarat 394107 India,,Billwise,P3868,HUL-10C120P24348,CPZPS8328M
L,Bhavani Kirana Store,P3869,Sundry Debtor,Assets,null,Gogaa Chok,Shop Number 3,Prasant Nagar,Billwise,P3869,HUL-10C120P24349,1
L,VIVANSHI GENRAL STORE,P3870,Sundry Debtor,Assets,null,829Ratna Ranchodd NagarMagdalla Port Road,Gaviyer Surat Gujarat 395007 India,,Billwise,P3870,HUL-10C120P24351,BEMPV7750K
L,GURUKRUPA Colddrink &amp; Icecream,P3871,Sundry Debtor,Assets,null,6QXR+927 Madhav Platina Rd Jahangir Pura Surat,Gujarat 395005 India,,Billwise,P3871,HUL-10C120P24356,AGFPD8755L
L,Patel Brothers,P3872,Sundry Debtor,Assets,null,Rutam Apartment New Tirumala New City Light Alt,han Surat Gujarat 395007 India,,Billwise,P3872,HUL-10C120P24358,CKSPR7994A
L,UMIYA MASALA STORE,P3873,Sundry Debtor,Assets,null,138Old G.I.D.C Opp.Pushpkunj Society,Bada Ganesh Mandir Road,Katargam Surat,Billwise,P3873,HUL-10C120P24360,AMRPP5342D
L,Samira Store,P3874,Sundry Debtor,Assets,null,Zim Khana Society 64 Sultaniya Rander Surat G,Ujarat 395005 India,Near Samira Store,Billwise,P3874,HUL-10C120P24363,NA
L,BARKET GENERAL STORE&amp; DAIRY,P3875,Sundry Debtor,Assets,null,37/124/6 Vankal St Rander Surat Gujarat 395005,India,Opp Gore Garimba Gabresta Naimar Dairy,Billwise,P3875,HUL-10C120P24364,NA
L,Jay Jalaram Stasnari And Provigen Stores,P3876,Sundry Debtor,Assets,null,Bomba Get Ni Same Ni Galima Morabhagal,Bharki Satdiyam Ni Bajuma,,Billwise,P3876,HUL-10C120P24367,NA
L,Gurukrupa Kariyana Store,P3877,Sundry Debtor,Assets,null,Bamba Gate Morabhagal,Near Paliya Gravun,,Billwise,P3877,HUL-10C120P24368,NA
L,Sai Kariyana Store,P3878,Sundry Debtor,Assets,null,Bomba Get Ni Sameni Galima Near Bharki Satdiyam,Morabhagal Hanuman Takre,,Billwise,P3878,HUL-10C120P24369,NA
L,SHREEJI SUPER MART,P3879,Sundry Debtor,Assets,null,Shop 2 Rudransh Heights Opp. Royal Galaxy Jahan,Gir Pura Surat Gujarat 395005 India,,Billwise,P3879,HUL-10C120P24371,NA
L,Meghaji Provision &amp; Super Store,P3880,Sundry Debtor,Assets,null,6QXQ+GH6 Shashwat Rd Jahangir Pura Surat Gujar,At 395005 India,,Billwise,P3880,HUL-10C120P24372,NA
L,Vinayak General Store,P3881,Sundry Debtor,Assets,null,Sai Apartment,Guru Ram Pavan Bhumi Adajan Gam,Surat,Billwise,P3881,HUL-10C120P24374,NA
L,Laxmi Dairy,P3882,Sundry Debtor,Assets,null,Adajan Gam Char Rasta,Adajan Surat Gujarat 395009,India,Billwise,P3882,HUL-10C120P24376,NA
L,Jain Medi &amp; Janrel Store,P3883,Sundry Debtor,Assets,null,New Bhavani Locho Khaman &amp; NamkeenSUMERRU BUSINES,S CORNER N/R Som Chintamani Complex Adajan Gam,Pal Gam Surat Gujarat 394510 India,Billwise,P3883,HUL-10C120P24377,NA
L,Kurdevi Dairy&amp; Genral Store,P3884,Sundry Debtor,Assets,null,Abhilasha Row House 1-A Gangeshwar Mahadev Templ,e Rd Chatrapati Shivaji Nagar Adajan Gam Adajan,Surat Gujarat 395009 India,Billwise,P3884,HUL-10C120P24382,NA
L,Modeshwari Pro. store,P3885,Sundry Debtor,Assets,null,Sun Star Apartment Chatrapati Shivaji Nagar Adaj,an Gam Adajan Surat Gujarat 395009 India,India,Billwise,P3885,HUL-10C120P24383,NA
L,RASTOGI ICE CREAM,P3886,Sundry Debtor,Assets,null,5QXP+MFQ Parshuram Garden Rd TGB Adajan Gam Ad,Ajan Surat Gujarat 395009 India,,Billwise,P3886,HUL-10C120P24384,NA
L,Shree Radhe Krishna General Store,P3887,Sundry Debtor,Assets,null,10 Rander Rd opp. Friends Classes Saikrupa Soci,ety Adajan Surat Gujarat 395009 India,,Billwise,P3887,HUL-10C120P24393,NA
L,Shree Dev Bhairav Kariyana,P3888,Sundry Debtor,Assets,null,A-55 Jahangir Pura Variav Surat Gujarat 395005,India,,Billwise,P3888,HUL-10C120P24399,NA
L,Nakoda Store,P3889,Sundry Debtor,Assets,null,Block A Sant Tukaram Society Part 6 Sima Nagar,Surat Gujarat 395009 India,,Billwise,P3889,HUL-10C120P24401,NA
L,Kasi Namkin And Janral Store,P3890,Sundry Debtor,Assets,null,6Q6J+5QP Ketan Vala Rd Prashant Nagar Vivekanan,d Twp Palanpur Jakatnaka Surat Gujarat 395005,India,Billwise,P3890,HUL-10C120P24402,NA
L,Shiv Store,P3891,Sundry Debtor,Assets,null,Palanpur Jakatnaka Char Rasta,Banarasi Pan Ni Bajuma,,Billwise,P3891,HUL-10C120P24403,NA
L,Maa Bankyarani Bakery,P3892,Sundry Debtor,Assets,null,6Q84+54J Bhesan Rd Bhesan Surat Gujarat 395005,India,,Billwise,P3892,HUL-10C120P24405,NA
L,OM SHREE STORE,P3893,Sundry Debtor,Assets,null,26 Arihant Dream,Near Croma Gaurav path Road,Near Palanpur Gam Pal,Billwise,P3893,HUL-10C120P24407,NA
L,Shree Bherunath Kirana Store,P3894,Sundry Debtor,Assets,null,Orchid Harmony Gaurav Path Road Palanpur Surat,Gujarat 395009 India,,Billwise,P3894,HUL-10C120P24408,NA
L,MAHAPRAGYA STORES,P3895,Sundry Debtor,Assets,null,179 Bhatar Rd opp. Althan Bhatar Char Rasta Ra,vidarshan Society Vishal Nagar Society Althan S,Surat Gujarat 395017 India,Billwise,P3895,HUL-10C120P24413,NA
L,Laxmi Store,P3896,Sundry Debtor,Assets,null,Shop No 8 Happy Home Complex New City Light Alt,Han Surat Gujarat 395007 India,,Billwise,P3896,HUL-10C120P24415,NA
L,RAMDEV Super Store,P3897,Sundry Debtor,Assets,null,G-78 Atlanta Shopping Mall Bhimrad-Althan Rd Ap,Cha Nagar Althan Surat Gujarat 395017 India,,Billwise,P3897,HUL-10C120P24417,NA
L,Rudra Dary,P3898,Sundry Debtor,Assets,null,Shop No.15 Sai Enclave Bhimrad-Althan Rd Beside,Raghuvir Symphony Near Atlanta Shopping Mall Ap,Cha Nagar Surat Gujarat 395007 India,Billwise,P3898,HUL-10C120P24418,NA
L,Nilkanth Kirana Store,P3899,Sundry Debtor,Assets,null,Shop - 111 First Floor Vacanza Home Shoppers Bs,Aashirwad Enclave Bamroli - Althan Rd Nr. Dhir,Aj Sons Althan Surat Gujarat 395007 India,Billwise,P3899,HUL-10C120P24419,NA
L,Mahaveer Tredars,P3900,Sundry Debtor,Assets,null,4RJ2+JWV Surat Gujarat 395007 India,,,Billwise,P3900,HUL-10C120P24420,NA
L,HUL-Punjab-Rajpura Foods Unit,URR,Sundry Creditor,Liabilities,,,,,,,,
L,New India Associates,UPNA,Sundry Creditor,Liabilities,,,,,,,,
L,HUL-C/O New India Det Pvt Ltd,U873,Sundry Creditor,Liabilities,,,,,,,,
L,Indian Overseas Bank,IOB1234567,Bank Group,Assets,,,,,,,,
L,LLPL SHIVAM ROAD COCO,SVRL,Sundry Creditor,Liabilities,,,,,,,,
L,Sales Return,SALRET,Sales Group,Income,,,,,,,,
L,AMIGO BRUSHES PVT LTD,UAG,Sundry Creditor,Liabilities,,,,,,,,
L,Bunge India Private Limited,UBUN,Sundry Creditor,Liabilities,,,,,,,,
L,CALICUT DEPOT,CLTH,Sundry Creditor,Liabilities,,,,,,,,
L,SHUKLAGANJ DEPOT,SHKH,Sundry Creditor,Liabilities,,,,,,,,
L,Vijaykant Dairy and food Ltd,U769,Sundry Creditor,Liabilities,,,,,,,,
L,Damages A/c,Dam,Other Assets,Assets,,,,,,,,
L,NASIK DEPOT,NSKH,Sundry Creditor,Liabilities,,,,,,,,
L,J.V.GOKAL&amp; CO.PVT.LTD,U551,Sundry Creditor,Liabilities,,,,,,,,
L,Padm Services,UPAD,Sundry Creditor,Liabilities,,,,,,,,
L,LLPL PACIFIC MALL GHZ COCO,PFML,Sundry Creditor,Liabilities,,,,,,,,
L,Mul Dentro(P) Ltd,UMD,Sundry Creditor,Liabilities,,,,,,,,
L,ICD Kanpur,KNPH,Sundry Creditor,Liabilities,,,,,,,,
L,Superchem Consupack,USP,Sundry Creditor,Liabilities,,,,,,,,
L,ORICLEAN PRIVATE LIMITED,UOR,Sundry Creditor,Liabilities,,,,,,,,
L,ICD NCR Depot - Kundli,DKKW,Sundry Creditor,Liabilities,,,,,,,,
L,ESAF Small Finance Bank,ESFB123456,Bank Group,Assets,,,,,,,,
L,UNIVERSAL HEALTH CARE,UHC,Sundry Creditor,Liabilities,,,,,,,,
L,C&amp;FA Wescon-Dappar,DAPH,Sundry Creditor,Liabilities,,,,,,,,
L,VAPI  BUFFER  DEPOT,BBPH,Sundry Creditor,Liabilities,,,,,,,,
L,MOTHERSON AUTOMATIVE TECH,UMT,Sundry Creditor,Liabilities,,,,,,,,
L,Jocil Limited,UJO,Sundry Creditor,Liabilities,,,,,,,,
L,UIEL Mumbai  DB,U557,Sundry Creditor,Liabilities,,,,,,,,
L,RSO NORTH BRANCH PLANT,RSON,Sundry Creditor,Liabilities,,,,,,,,
L,Kumar Enterprises(B to F) Godo,U574,Sundry Creditor,Liabilities,,,,,,,,
L,Jorhat TBU(HUL-Tea),U877,Sundry Creditor,Liabilities,,,,,,,,
L,Hyderabad - DP World,HDKW,Sundry Creditor,Liabilities,,,,,,,,
L,Siliguri TBU (UIEL-Tea),USGR,Sundry Creditor,Liabilities,,,,,,,,
L,Mosons Extractions Pvt Ltd,U096,Sundry Creditor,Liabilities,,,,,,,,
L,HUL (UPS Pondy DPG),UBP,Sundry Creditor,Liabilities,,,,,,,,
L,HUL D&amp;N Haveli Silvasa DetUDQ,UDQ,Sundry Creditor,Liabilities,,,,,,,,
L,Union Bank of India,UNI1234567,Bank Group,Assets,,,,,,,,
L,Universal Health Care - 3P,U154,Sundry Creditor,Liabilities,,,,,,,,
L,Secunderabad H&amp;S Depot,SEHH,Sundry Creditor,Liabilities,,,,,,,,
L,COCHIN DETERGENTS BOND LOC,U766,Sundry Creditor,Liabilities,,,,,,,,
L,Bank of Baroda,BOB1234567,Bank Group,Assets,,,,,,,,
L,Laxmi Agro Industrial-Fatehpur,ULAE,Sundry Creditor,Liabilities,,,,,,,,
L,Ponds Skin Care,UPK,Sundry Creditor,Liabilities,,,,,,,,
L,M/s.Prime logistics-Nag buffer,NBHH,Sundry Creditor,Liabilities,,,,,,,,
L,SAHAYAMATHA SALT REFINERYLTD,UTS,Sundry Creditor,Liabilities,,,,,,,,
L,Standard Chartered Bank,SCB1234567,Bank Group,Assets,,,,,,,,
L,HULN- SALEM,USLN,Sundry Creditor,Liabilities,,,,,,,,
L,LOGISTICS INDIA,KLRH,Sundry Creditor,Liabilities,,,,,,,,
L,Tamilnad Mercantile Bank,TMB1234567,Bank Group,Assets,,,,,,,,
L,Hindustan Unilever Ltd.,IBGH,Sundry Creditor,Liabilities,,,,,,,,
L,Nijjer Horticulture Limited,U531,Sundry Creditor,Liabilities,,,,,,,,
L,GODREJ INDUSTRIES - VIKROLI,U3VI,Sundry Creditor,Liabilities,,,,,,,,
L,HUL Tamilnadu UCBECOONOOR TBU,UCBE,Sundry Creditor,Liabilities,,,,,,,,
L,Dpg  Factory,U360,Sundry Creditor,Liabilities,,,,,,,,
L,SAHAYAMATHA SALT REFINERY PVT,U491,Sundry Creditor,Liabilities,,,,,,,,
L,Aquagel-Dove Plant,UAC,Sundry Creditor,Liabilities,,,,,,,,
L,HURCBangalore,UHRB,Sundry Creditor,Liabilities,,,,,,,,
L,LLPL WANOVRI COCO,WNVL,Sundry Creditor,Liabilities,,,,,,,,
L,HUL Pudducherry Pondy Tea,U053,Sundry Creditor,Liabilities,,,,,,,,
L,HUL - Dadra &amp; Nagar.Haveli Fac,UDN,Sundry Creditor,Liabilities,,,,,,,,
L,Vee Kay Oils Pvt. Ltd.,U090,Sundry Creditor,Liabilities,,,,,,,,
L,LLPL SARADBOSE COCO,SBRL,Sundry Creditor,Liabilities,,,,,,,,
L,CHENNAI DEPOT,XCHH,Sundry Creditor,Liabilities,,,,,,,,
L,OTHER DISCOUNT A/C,OTH01,Other Expenses,Expenses,,,,,,,,
L,Secunderabad SMD Buffer,SBUH,Sundry Creditor,Liabilities,,,,,,,,
L,Veekay Associates,UHNP,Sundry Creditor,Liabilities,,,,,,,,
L,Unnao ICD  Depot KAKW,KAKW,Sundry Creditor,Liabilities,,,,,,,,
L,HUL c/o D J  Dyechem,UDJD,Sundry Creditor,Liabilities,,,,,,,,
L,UnileverIndia Exports Ltd,U117,Sundry Creditor,Liabilities,,,,,,,,
L,BANGALORE DEPOT,BANH,Sundry Creditor,Liabilities,,,,,,,,
L,M/s Bhawani Roller Flour Mills,UBF,Sundry Creditor,Liabilities,,,,,,,,
L,HINDUSTAN UNILEVER LTD-DGLH,DGLH,Sundry Creditor,Liabilities,,,,,,,,
L,Himalayan Frozen Foods Ltd,U166,Sundry Creditor,Liabilities,,,,,,,,
L,Sansoaps,UTG,Sundry Creditor,Liabilities,,,,,,,,
L,Herbal Concepts Healthcare Pvt,UHJ,Sundry Creditor,Liabilities,,,,,,,,
L,Branch Sales - Guj,USGJ,Sundry Creditor,Liabilities,,,,,,,,
L,Unilever India Exports Ltd,U062,Sundry Creditor,Liabilities,,,,,,,,
L,Toc Disinfectants Ltd,UTOU,Sundry Creditor,Liabilities,,,,,,,,
L,Reserves &amp; Surplus,R&S,Other Liabilities,Liabilities,,,,,,,,
L,THE SUTEX,SUTEX12345,Bank Group,Assets,,,,,,,,
L,HUL -C/O Shivambhu Internation,U527,Sundry Creditor,Liabilities,,,,,,,,
L,DCW LTD,UDW,Sundry Creditor,Liabilities,,,,,,,,
L,HUL ETAH  Factory,UBW,Sundry Creditor,Liabilities,,,,,,,,
L,NCSC Chennai,NSCH,Sundry Creditor,Liabilities,,,,,,,,
L,ASO SITE,U399,Sundry Creditor,Liabilities,,,,,,,,
L,Jewel Brushes Pvt Ltd 2P PP Ft,UJW,Sundry Creditor,Liabilities,,,,,,,,
L,Linfox Logistics (I) Pvt Ltd.,AMBH,Sundry Creditor,Liabilities,,,,,,,,
L,LLPL VIVIANA MALL FNF COCO,VVNL,Sundry Creditor,Liabilities,,,,,,,,
L,CFADBP (BUFFER-PP),DBPH,Sundry Creditor,Liabilities,,,,,,,,
L,Delhi Buffer,HBFH,Sundry Creditor,Liabilities,,,,,,,,
L,Uttarakhand PP Factory,UTU,Sundry Creditor,Liabilities,,,,,,,,
L,RM Chemicals 3P Dets Factory,URM,Sundry Creditor,Liabilities,,,,,,,,
L,Pune ICD Depot,INSH,Sundry Creditor,Liabilities,,,,,,,,
L,VIJAYAWADA  C&amp;FA(ICD),VJAH,Sundry Creditor,Liabilities,,,,,,,,
L,UIPL  Mumbai- Nava Sheva DB,U550,Sundry Creditor,Liabilities,,,,,,,,
L,NESA -áCLS 3-á N/F,U840,Sundry Creditor,Liabilities,,,,,,,,
L,TCI-DELHI DAMAGE,DLDH,Sundry Creditor,Liabilities,,,,,,,,
L,GSKCH LTD (PATNA DEPOT),XPTH,Sundry Creditor,Liabilities,,,,,,,,
L,Kolkata Bond Location,UKOQ,Sundry Creditor,Liabilities,,,,,,,,
L,LLPL SHAKESPEAR SARANI COCO,SPSL,Sundry Creditor,Liabilities,,,,,,,,
L,Shreeram Chemfood Pvt.Ltd,U583,Sundry Creditor,Liabilities,,,,,,,,
L,Bilaspur Depot,XBLH,Sundry Creditor,Liabilities,,,,,,,,
L,BANK CHARGES A/C,BNCK01,Other Expenses,Expenses,,,,,,,,
L,LLPL HSR LAYOUT COCO,HS1L,Sundry Creditor,Liabilities,,,,,,,,
L,MANJUSHREE EXTRUSIONS LTD,U176,Sundry Creditor,Liabilities,,,,,,,,
L,ARMENIAN CFA,ARMH,Sundry Creditor,Liabilities,,,,,,,,
L,HUL-Maharashtra-RMC Dhule,UDA,Sundry Creditor,Liabilities,,,,,,,,
L,Hindustan Unilever Limited,HOMB,Sundry Creditor,Liabilities,,,,,,,,
L,Kwality Walls India Ltd.,IVKW,Sundry Creditor,Liabilities,,,,,,,,
L,LLPL KASTURI NAGAR BLR COCO,KSNL,Sundry Creditor,Liabilities,,,,,,,,
L,fright&amp;octroi,frot,Other Liabilities,Liabilities,,,,,,,,
L,LLPL PRABHAT RAOD COCO,PBTL,Sundry Creditor,Liabilities,,,,,,,,
L,Arshiya Supply Chain-Bonded,UAIR,Sundry Creditor,Liabilities,,,,,,,,
L,KK PACKAGING,BDDH,Sundry Creditor,Liabilities,,,,,,,,
L,LLPL VASUNDHARA COCO,VSDL,Sundry Creditor,Liabilities,,,,,,,,
L,HUL Haridwar Buffer Agile Pack,HDRH,Sundry Creditor,Liabilities,,,,,,,,
L,HUL D&amp;N Haveli Silvassa PP,UHA,Sundry Creditor,Liabilities,,,,,,,,
L,Surya Herbal Ltd.,U094,Sundry Creditor,Liabilities,,,,,,,,
L,VDDH-K.K.PACKAGING,VDDH,Sundry Creditor,Liabilities,,,,,,,,
L,Corporate Office Bangalore,COBH,Sundry Creditor,Liabilities,,,,,,,,
L,Hindustan Unilever Ltd,DLGH,Sundry Creditor,Liabilities,,,,,,,,
L,Trot Services,U412,Sundry Creditor,Liabilities,,,,,,,,
L,KANPUR CFA,KANH,Sundry Creditor,Liabilities,,,,,,,,
L,CFA BHIWANDI,BHNH,Sundry Creditor,Liabilities,,,,,,,,
L,HUL West Damage depot,DMGH,Sundry Creditor,Liabilities,,,,,,,,
L,Jewel Consumer Care Pvt.Ltd,UJA,Sundry Creditor,Liabilities,,,,,,,,
L,Vijaywada digital DC,VJDH,Sundry Creditor,Liabilities,,,,,,,,
L,Regi India Cosmetics Pvt. Ltd.,UFE,Sundry Creditor,Liabilities,,,,,,,,
L,VARANASI DEPOT,VNSH,Sundry Creditor,Liabilities,,,,,,,,
L,Kwality Walls India Ltd.,IBKW,Sundry Creditor,Liabilities,,,,,,,,
L,HUL Madhya Pradesh Chhindwara,UCH,Sundry Creditor,Liabilities,,,,,,,,
L,HINDUSTAN UNILEVER LTD(SLGH),SLGH,Sundry Creditor,Liabilities,,,,,,,,
L,Consupac Pvt Ltd,UVAL,Sundry Creditor,Liabilities,,,,,,,,
L,HUL-C/O HERSHEY INDIA PVT Ltd,U153,Sundry Creditor,Liabilities,,,,,,,,
L,Jawaharlal Nehru Port Trust B,UMOQ,Sundry Creditor,Liabilities,,,,,,,,
L,GODREJ INDUSTRIES LTD.,U199,Sundry Creditor,Liabilities,,,,,,,,
L,MADURAI DEPOT,XMDH,Sundry Creditor,Liabilities,,,,,,,,
L,Kimaberly Clark Lever Pvt Ltd,UHW,Sundry Creditor,Liabilities,,,,,,,,
L,Logistics India (K2IH),K2IH,Sundry Creditor,Liabilities,,,,,,,,
L,ALLURE CONSUMER PRODUCTS PVT,U592,Sundry Creditor,Liabilities,,,,,,,,
L,Pepsico India Holdings Pvt Ltd,UOD,Sundry Creditor,Liabilities,,,,,,,,
L,UIEL Mundra Bond,U566,Sundry Creditor,Liabilities,,,,,,,,
L,HUL -C/O IPF VIKRAM INDIA LIMT,UIF,Sundry Creditor,Liabilities,,,,,,,,
L,C/o Geoex Packaging &amp; Services,U540,Sundry Creditor,Liabilities,,,,,,,,
L,GLOBAL HEALTH CARE PRODUCTS,UGL,Sundry Creditor,Liabilities,,,,,,,,
L,INDORE DEPOT,XINH,Sundry Creditor,Liabilities,,,,,,,,
L,BHUBANEHSWAR    ICD C&amp;FA,BHUH,Sundry Creditor,Liabilities,,,,,,,,
L,VIMAL Test depot,VIMH,Sundry Creditor,Liabilities,,,,,,,,
L,HUL - HYD DMG DEPOT,DSNH,Sundry Creditor,Liabilities,,,,,,,,
L,Beverages Factory ( HUL ),U031,Sundry Creditor,Liabilities,,,,,,,,
L,HINDUSTAN UNILEVER LTD (SCU),UHU,Sundry Creditor,Liabilities,,,,,,,,
L,E-Mox Manufacturing Pvt. Ltd.,U098,Sundry Creditor,Liabilities,,,,,,,,
L,HUL - Unit Imports De-Bond,U075,Sundry Creditor,Liabilities,,,,,,,,
L,Kailash Soaps Pvt Ltd,UKP,Sundry Creditor,Liabilities,,,,,,,,
L,LLPL MALAD COCO,MLDL,Sundry Creditor,Liabilities,,,,,,,,
L,Shree Soaps and HomeCare Ind,U784,Sundry Creditor,Liabilities,,,,,,,,
L,Srinagar JIT depot,SRIH,Sundry Creditor,Liabilities,,,,,,,,
L,Hindustan Unilever Ltd,SHPH,Sundry Creditor,Liabilities,,,,,,,,
L,Hindustan Unilever Ltd,DDIH,Sundry Creditor,Liabilities,,,,,,,,
L,HUL-UP-ETAH CHICORY,U080,Sundry Creditor,Liabilities,,,,,,,,
L,WADALA  DEPOT,WADH,Sundry Creditor,Liabilities,,,,,,,,
L,Western Superfresh Corporation,IMKW,Sundry Creditor,Liabilities,,,,,,,,
L,C&amp;FA JAIPUR,JAIH,Sundry Creditor,Liabilities,,,,,,,,
L,Jabong,JCDH,Sundry Creditor,Liabilities,,,,,,,,
L,HUL Mumbai Air Port -Debond,U589,Sundry Creditor,Liabilities,,,,,,,,
L,GSKCH Ltd.(GUWAHATI DEPOT),XGUH,Sundry Creditor,Liabilities,,,,,,,,
L,GUWAHATI HPC C&amp;FA,GAUH,Sundry Creditor,Liabilities,,,,,,,,
L,HUL-UP-Khalilabad Unit 2,U055,Sundry Creditor,Liabilities,,,,,,,,
L,LAKME LEVER PVT LTD,PNLL,Sundry Creditor,Liabilities,,,,,,,,
L,Cochin Exports Factory,U105,Sundry Creditor,Liabilities,,,,,,,,
L,L R RANGAIER &amp; SONS,U323,Sundry Creditor,Liabilities,,,,,,,,
L,Linfox logistics Pvt ltd,BTFH,Sundry Creditor,Liabilities,,,,,,,,
L,HLL Kandla Port -Duty Paid,UGOB,Sundry Creditor,Liabilities,,,,,,,,
L,UIPL-Research Office Mumbai.,UURA,Sundry Creditor,Liabilities,,,,,,,,
L,Hindustan Unilever Limited,MADH,Sundry Creditor,Liabilities,,,,,,,,
L,COUNTER,X00000002,Other Expenses,Expenses,,,,,,,,
L,Unilever India Ltd,LKNU,Sundry Creditor,Liabilities,,,,,,,,
L,Gujarat Heavy Chemicals Ltd,U493,Sundry Creditor,Liabilities,,,,,,,,
L,HUL Haridwar Tranship Depot,HRIH,Sundry Creditor,Liabilities,,,,,,,,
L,ICDNCR Depot - Kundli,DKGH,Sundry Creditor,Liabilities,,,,,,,,
L,Kumar Enterprises,MBFH,Sundry Creditor,Liabilities,,,,,,,,
L,SHIVOM INDUSTRIES,USV,Sundry Creditor,Liabilities,,,,,,,,
L,Axis Bank,AXIS123456,Bank Group,Assets,,,,,,,,
L,MANGALORE DDI,MAGH,Sundry Creditor,Liabilities,,,,,,,,
L,Nirmala Dye Chem,UNA,Sundry Creditor,Liabilities,,,,,,,,
L,Pat-Hajipur CPD,PTDH,Sundry Creditor,Liabilities,,,,,,,,
L,HUL (UPY Pondy DPG),UPW,Sundry Creditor,Liabilities,,,,,,,,
L,The Mehsana Urban Co-operative Bank,TMUCB12345,Bank Group,Assets,,,,,,,,
L,CFAPNJ(DAPPAR),PNKW,Sundry Creditor,Liabilities,,,,,,,,
L,UIEL Chennai B,U560,Sundry Creditor,Liabilities,,,,,,,,
L,Hindustan Unilever Ltd,IKOH,Sundry Creditor,Liabilities,,,,,,,,
L,UnileverIndia Exports Ltd,UCNR,Sundry Creditor,Liabilities,,,,,,,,
L,LLPL PREET VIHAR COCO,PRVL,Sundry Creditor,Liabilities,,,,,,,,
L,Abdos Oils Pvt.Ltd (Pcn),UAO,Sundry Creditor,Liabilities,,,,,,,,
L,Godrej Consumer Products Ltd,UGK,Sundry Creditor,Liabilities,,,,,,,,
L,Settlement A/c,Settlement,Other Income,Income,,,,,,,,
L,JAIPUR DEPOT,J2PH,Sundry Creditor,Liabilities,,,,,,,,
L,HUL Delhi Air Port- Bond,U586,Sundry Creditor,Liabilities,,,,,,,,
L,Lotus Beauty  Care Pro Unit-II,ULU,Sundry Creditor,Liabilities,,,,,,,,
L,Jasspack Service Cochin,U108,Sundry Creditor,Liabilities,,,,,,,,
L,HUL-NESA PP (SL2),USL2,Sundry Creditor,Liabilities,,,,,,,,
L,Lucknow Regional Office,10,Sundry Creditor,Liabilities,,,,,,,,
L,IPF-Vikram India Limited-Unit1,UVK,Sundry Creditor,Liabilities,,,,,,,,
L,CBDH - K.K.PACKAGING,CBDH,Sundry Creditor,Liabilities,,,,,,,,
L,HULN - CHENNAI,UCLN,Sundry Creditor,Liabilities,,,,,,,,
L,Delhi SMD Depot,HNFH,Sundry Creditor,Liabilities,,,,,,,,
L,Ghaziabad H Depot,GZBH,Sundry Creditor,Liabilities,,,,,,,,
L,EMOX DEVICE CO,U058,Sundry Creditor,Liabilities,,,,,,,,
L,CGST A/C,CGST,Other Expenses,Expenses,,,,,,,,
L,A. Tosh &amp; Sons (India) Ltd.,U777,Sundry Creditor,Liabilities,,,,,,,,
L,HINDUSTAN UNILEVER LIMITED,U793,Sundry Creditor,Liabilities,,,,,,,,
L,Clarion Foods [Clarion Cosmet],UAL,Sundry Creditor,Liabilities,,,,,,,,
L,Bon Limited,URB,Sundry Creditor,Liabilities,,,,,,,,
L,The Surat District Co-operative Bank,TSDCB12345,Bank Group,Assets,,,,,,,,
L,PIONEER INTERNATIONAL,UPQ,Sundry Creditor,Liabilities,,,,,,,,
L,HUL-C/o Naga Limited,U482,Sundry Creditor,Liabilities,,,,,,,,
L,UIEL-Gujarat-Kandla Unit 1,UKD,Sundry Creditor,Liabilities,,,,,,,,
L,UNL,UNL,Sundry Creditor,Liabilities,,,,,,,,
L,HUL - SECUNDERBAD,KSEH,Sundry Creditor,Liabilities,,,,,,,,
L,Surfactant Speacility Pvt Ltd,USSP,Sundry Creditor,Liabilities,,,,,,,,
L,CFAPNJ(DAPPAR),PNJH,Sundry Creditor,Liabilities,,,,,,,,
L,ALLIANCE INDIA (UNIT - II),U580,Sundry Creditor,Liabilities,,,,,,,,
L,Hindustan Unilever Ltd,DWDH,Sundry Creditor,Liabilities,,,,,,,,
L,Hindustan Unilever Ltd-UPRE,UPRE,Sundry Creditor,Liabilities,,,,,,,,
L,Cochin TBU (UIEL-Tea),UCHN,Sundry Creditor,Liabilities,,,,,,,,
L,LLPL WHITEFIELD COCO,BMWL,Sundry Creditor,Liabilities,,,,,,,,
L,ICD INDORE,IDRH,Sundry Creditor,Liabilities,,,,,,,,
L,GANGA &amp; BROTHERS,UGB,Sundry Creditor,Liabilities,,,,,,,,
L,Varuna Suplhonates Dets Fcty,UVS,Sundry Creditor,Liabilities,,,,,,,,
L,HUL - Research Office Mumbai,UHRC,Sundry Creditor,Liabilities,,,,,,,,
L,HUL Maharashtra Oil Buying,UMO2,Sundry Creditor,Liabilities,,,,,,,,
L,Samaianka Food Pvt Ltd,UAMB,Sundry Creditor,Liabilities,,,,,,,,
L,UIEL Delhi- Tuglak DeBond,U563,Sundry Creditor,Liabilities,,,,,,,,
L,Punjab &amp; Sind Bank,PSB1234567,Bank Group,Assets,,,,,,,,
L,Oswal Oil - Bonded,UOVI,Sundry Creditor,Liabilities,,,,,,,,
L,KPF Exports Factory,U120,Sundry Creditor,Liabilities,,,,,,,,
L,HUL -C/O Consumer Packaging Se,UNP,Sundry Creditor,Liabilities,,,,,,,,
L,HUL-Uttranchal-UTT Water Unit,UWA,Sundry Creditor,Liabilities,,,,,,,,
L,Hindustan Unilever Ltd,U822,Sundry Creditor,Liabilities,,,,,,,,
L,UnileverIndia Exports Ltd,USR,Sundry Creditor,Liabilities,,,,,,,,
L,Unilever India Export Limited,U124,Sundry Creditor,Liabilities,,,,,,,,
L,Unilever India Exports Ltd,U069,Sundry Creditor,Liabilities,,,,,,,,
L,Hindustan Unilever Ltd-UGAN,UGAN,Sundry Creditor,Liabilities,,,,,,,,
L,Hindustan Unilever Ltd.,WESH,Sundry Creditor,Liabilities,,,,,,,,
L,Merry Weather Foods Products,UCAL,Sundry Creditor,Liabilities,,,,,,,,
L,Khidderpore ASO Unit,U774,Sundry Creditor,Liabilities,,,,,,,,
L,CFA HALDWANI ICD,HLDH,Sundry Creditor,Liabilities,,,,,,,,
L,Hindustan Unilever Limited,RJPH,Sundry Creditor,Liabilities,,,,,,,,
L,HUL c/o Advance Surfactant Ind,UADV,Sundry Creditor,Liabilities,,,,,,,,
L,UIPL Maharashtra Khamgaon,UPX,Sundry Creditor,Liabilities,,,,,,,,
L,KPF - Depot Returns,U532,Sundry Creditor,Liabilities,,,,,,,,
L,Kimberly Clark Lever Pvt,UKCL,Sundry Creditor,Liabilities,,,,,,,,
L,India Post Payments Bank,IPPB123456,Bank Group,Assets,,,,,,,,
L,LLPL MULUND COCO,MULL,Sundry Creditor,Liabilities,,,,,,,,
L,Bandhan Bank,BB12345678,Bank Group,Assets,,,,,,,,
L,TIRUPATI CHEMICALS,UTCL,Sundry Creditor,Liabilities,,,,,,,,
L,HUL-Uttranchal-PP Color Unit,UTN,Sundry Creditor,Liabilities,,,,,,,,
L,Tara Grains Pvt Ltd.,U569,Sundry Creditor,Liabilities,,,,,,,,
L,SCHEME DISCOUNT A/C,SCH01,Other Expenses,Expenses,,,,,,,,
L,LLPL Katepuram FOCO,KATL,Sundry Creditor,Liabilities,,,,,,,,
L,KWIL CFA Jagjit Frozen Foods,IGKW,Sundry Creditor,Liabilities,,,,,,,,
L,HUL Tamilnadu UCONCOONOOR TBU,UCON,Sundry Creditor,Liabilities,,,,,,,,
L,UIEL-D&amp;N Haveli- Silvassa UDD,UDD,Sundry Creditor,Liabilities,,,,,,,,
L,LLPL NOIDA SEC51 COCO,S51L,Sundry Creditor,Liabilities,,,,,,,,
L,SHUKLAGANJ DEPOT,S2KH,Sundry Creditor,Liabilities,,,,,,,,
L,Ambala Salt Depot,ASDH,Sundry Creditor,Liabilities,,,,,,,,
L,Alliance India,UAX,Sundry Creditor,Liabilities,,,,,,,,
L,WESTERN INDIA SEA BRINES PVT,UWI,Sundry Creditor,Liabilities,,,,,,,,
L,Kwality Walls India Ltd.,DD1W,Sundry Creditor,Liabilities,,,,,,,,
L,Hindustan Unilever  Ltd,HY3H,Sundry Creditor,Liabilities,,,,,,,,
L,K.K. Packaging,KCHH,Sundry Creditor,Liabilities,,,,,,,,
L,South Indian Bank,SIB1234567,Bank Group,Assets,,,,,,,,
L,LLPL VAISHALI COCO,VSLL,Sundry Creditor,Liabilities,,,,,,,,
L,R.A. CONTRACTORS,URAC,Sundry Creditor,Liabilities,,,,,,,,
L,Vegetable Products Limited,U520,Sundry Creditor,Liabilities,,,,,,,,
L,VEDIKA EXPORTS(TEA) PVT LTD,U361,Sundry Creditor,Liabilities,,,,,,,,
L,VARANASI DEPOT,V2SH,Sundry Creditor,Liabilities,,,,,,,,
L,Avalon Cosmetics Pvt. Ltd,UA3,Sundry Creditor,Liabilities,,,,,,,,
L,Hindustan Unilever Ltd,U826,Sundry Creditor,Liabilities,,,,,,,,
L,HUL-UP-Sumerpur unit 2,UBJ,Sundry Creditor,Liabilities,,,,,,,,
L,HUL-HP-Barotiwala Unit,UHB,Sundry Creditor,Liabilities,,,,,,,,
L,Shivaji Flour Mills,US1,Sundry Creditor,Liabilities,,,,,,,,
L,Hindustan Unilever Ltd,MMDH,Sundry Creditor,Liabilities,,,,,,,,
L,Hindustan Unilever Ltd.,KOPH,Sundry Creditor,Liabilities,,,,,,,,
L,HARBANSH LAL FOODS PVT. LTD.,U087,Sundry Creditor,Liabilities,,,,,,,,
L,HLL Mundra Port - Duty Paid,UMU2,Sundry Creditor,Liabilities,,,,,,,,
L,HINDUSTAN UNILEVER LTD,UAS,Sundry Creditor,Liabilities,,,,,,,,
L,Rudraksh Detergent &amp; Chemicals,URG,Sundry Creditor,Liabilities,,,,,,,,
L,LLPL SIDCUP COCO,SDCL,Sundry Creditor,Liabilities,,,,,,,,
L,CH RDC Ambala,XARH,Sundry Creditor,Liabilities,,,,,,,,
L,Delhi HUB &amp; Spoke,HAHH,Sundry Creditor,Liabilities,,,,,,,,
L,HUL Uttranchal PP Toothpaste,UTQ,Sundry Creditor,Liabilities,,,,,,,,
L,LLPL VIMAN NAGAR PUNE COCO,VMNL,Sundry Creditor,Liabilities,,,,,,,,
L,IDFC FIRST Bank,IFB1234567,Bank Group,Assets,,,,,,,,
L,Citizen Co-operative Bank,CCB1234567,Bank Group,Assets,,,,,,,,
L,Abishek Enterprises,U336,Sundry Creditor,Liabilities,,,,,,,,
L,HUL-Bengal-TBU Kolkata Unit,UKOL,Sundry Creditor,Liabilities,,,,,,,,
L,TAX A/C,T01,Other Expenses,Expenses,,,,,,,,
L,GSKCH Ltd. (SILIGURI DEPOT),XSLH,Sundry Creditor,Liabilities,,,,,,,,
L,HINDUSTAN UNILEVER LIMITED,UCOC,Sundry Creditor,Liabilities,,,,,,,,
L,LLPL Mira Road FOCO,MRRL,Sundry Creditor,Liabilities,,,,,,,,
L,Sikandarabad Factory (New),USX,Sundry Creditor,Liabilities,,,,,,,,
L,RAIPUR DEPOT,RAIH,Sundry Creditor,Liabilities,,,,,,,,
L,LLPL ANNANAGAR EAST COCO,AN1L,Sundry Creditor,Liabilities,,,,,,,,
L,CMF-HUL BANGALORE,CMFH,Sundry Creditor,Liabilities,,,,,,,,
L,PG ELECTROPLAST LIMITED (UNIT-,UOG,Sundry Creditor,Liabilities,,,,,,,,
L,K.R. Foods Ltd.,UKRF,Sundry Creditor,Liabilities,,,,,,,,
L,HINDUSTAN UNILEVER LIMITED,UITP,Sundry Creditor,Liabilities,,,,,,,,
L,HUL-NETWORK-DELHI,HNDH,Sundry Creditor,Liabilities,,,,,,,,
L,Vapi Hub,VAHH,Sundry Creditor,Liabilities,,,,,,,,
L,Hindustan Unilever Ltd,U829,Sundry Creditor,Liabilities,,,,,,,,
L,Cut-Oriclean CPD,OCDH,Sundry Creditor,Liabilities,,,,,,,,
L,Coronet Products Pvt Ltd,UCQ,Sundry Creditor,Liabilities,,,,,,,,
L,Jericho Chemicals Private Ltd,U543,Sundry Creditor,Liabilities,,,,,,,,
L,HUL-Bengal-GRF Unit,UGR,Sundry Creditor,Liabilities,,,,,,,,
L,Hindustan Unilever Ltd,GRUH,Sundry Creditor,Liabilities,,,,,,,,
L,HUL c/o Albright &amp; Wilson Chem,UAWC,Sundry Creditor,Liabilities,,,,,,,,
L,Rudraksh Detergent &amp; Chemicals,URS,Sundry Creditor,Liabilities,,,,,,,,
L,HUL-Tamil Nadu-Hosur Unit,U033,Sundry Creditor,Liabilities,,,,,,,,
L,Lakme Lever Ltd,U083,Sundry Creditor,Liabilities,,,,,,,,
L,Western Enterprise,UWE,Sundry Creditor,Liabilities,,,,,,,,
L,HLL Kolkata Port - Duty Paid,UKO2,Sundry Creditor,Liabilities,,,,,,,,
L,IPF Vikram India Private Ltd,U862,Sundry Creditor,Liabilities,,,,,,,,
L,GardenReach Dets Factory,UGF,Sundry Creditor,Liabilities,,,,,,,,
L,HUL -C/O Swaraj Techno Engg Pv,U382,Sundry Creditor,Liabilities,,,,,,,,
L,R.M. Chemicals Pvt.Ltd.-UnitII,URP,Sundry Creditor,Liabilities,,,,,,,,
L,NAGPUR ICD DEPOT,NGPH,Sundry Creditor,Liabilities,,,,,,,,
L,LLPL Mumbai  Bond,U552,Sundry Creditor,Liabilities,,,,,,,,
L,UnileverIndia Exports Ltd,UNS,Sundry Creditor,Liabilities,,,,,,,,
L,GSK Consumer Healthcare,HOGH,Sundry Creditor,Liabilities,,,,,,,,
L,Hindustan Unilever Limited,ICHH,Sundry Creditor,Liabilities,,,,,,,,
L,CFA-MAHALAXMI ENTERPRISES,KKOH,Sundry Creditor,Liabilities,,,,,,,,
L,Hindustan Unilever Limited,LKNH,Sundry Creditor,Liabilities,,,,,,,,
L,HLL Mundra Port - Duty Paid,UGOE,Sundry Creditor,Liabilities,,,,,,,,
L,Calcutta Hub - U2,CCUH,Sundry Creditor,Liabilities,,,,,,,,
L,Punjab National Bank,PNB234567,Bank Group,Assets,,,,,,,,
L,M/s K.K. Packaging - SLOB,NBSH,Sundry Creditor,Liabilities,,,,,,,,
L,Chennai Regional Office,4,Sundry Creditor,Liabilities,,,,,,,,
L,PEPSICO INDIA HOLDINGS PVT LTD,UOP,Sundry Creditor,Liabilities,,,,,,,,
L,SHREE HINDUSTAN ROADWAYS,AHMH,Sundry Creditor,Liabilities,,,,,,,,
L,Laxmi Agro Industrial Consulta,UAEL,Sundry Creditor,Liabilities,,,,,,,,
L,Lever India Exports Limited,ULE,Sundry Creditor,Liabilities,,,,,,,,
L,Ronch Polymers Pvt Ltd. Pune,U533,Sundry Creditor,Liabilities,,,,,,,,
L,Gauhati Salt Depot,GHYH,Sundry Creditor,Liabilities,,,,,,,,
L,LLPL Greater Kailash COCO,GK2L,Sundry Creditor,Liabilities,,,,,,,,
L,PORTLAND ENTERPRISES,U340,Sundry Creditor,Liabilities,,,,,,,,
L,Jaipur Edible Oils Pvt. Ltd.,UJEO,Sundry Creditor,Liabilities,,,,,,,,
L,UIPL Mumbai  Debond,U548,Sundry Creditor,Liabilities,,,,,,,,
L,M/S Hindustan Unilever Ltd,U047,Sundry Creditor,Liabilities,,,,,,,,
L,Exel India P Ltd,HY2K,Sundry Creditor,Liabilities,,,,,,,,
L,TCS A/C,TCS,Other Expenses,Expenses,,,,,,,,
L,COCHIN C&amp;FA(ICD),COCH,Sundry Creditor,Liabilities,,,,,,,,
L,HUL-Karnataka-Eschand Foods,U480,Sundry Creditor,Liabilities,,,,,,,,
L,DFA UNIT Kunjhal,UDB,Sundry Creditor,Liabilities,,,,,,,,
L,INDO NISSIN FOODS PVT LTD 91,U086,Sundry Creditor,Liabilities,,,,,,,,
L,NAGPUR BUFFER,NPPH,Sundry Creditor,Liabilities,,,,,,,,
L,M/s. Guru Detergents and Chemi,UGU,Sundry Creditor,Liabilities,,,,,,,,
L,GMP Machine Metal Trading PL,KDLH,Sundry Creditor,Liabilities,,,,,,,,
L,JEEVANDAS LALJEE &amp; SON,UJLS,Sundry Creditor,Liabilities,,,,,,,,
L,Earnest Warehousing A godown,U572,Sundry Creditor,Liabilities,,,,,,,,
L,TEWARI WAREHOUSING COMPANY,U122,Sundry Creditor,Liabilities,,,,,,,,
L,Bharat Cosmetics,UBH,Sundry Creditor,Liabilities,,,,,,,,
L,ROSSARI BIOTECH LIMITED,U597,Sundry Creditor,Liabilities,,,,,,,,
L,Voles L&amp;P Industries,VAKW,Sundry Creditor,Liabilities,,,,,,,,
L,Tamilnadu- Mould location,UTML,Sundry Creditor,Liabilities,,,,,,,,
L,Secundarabad DD Depot,SDDH,Sundry Creditor,Liabilities,,,,,,,,
L,QUILON DEPOT,QLNH,Sundry Creditor,Liabilities,,,,,,,,
L,HUL-Assam-NESA ORAL Unit,UTE,Sundry Creditor,Liabilities,,,,,,,,
L,NASIK  DEPOT (ICD),NASH,Sundry Creditor,Liabilities,,,,,,,,
L,STATE BANK OF INDIA,SBI0001234,Bank Group,Assets,,,,,,,,
L,Pune ICD Depot,I2SH,Sundry Creditor,Liabilities,,,,,,,,
L,J.V.GOKAL &amp; CO. PVT. LTD.,U111,Sundry Creditor,Liabilities,,,,,,,,
L,Karnataka Bank,KB12345678,Bank Group,Assets,,,,,,,,
L,KHANNA DEPOT,KHNH,Sundry Creditor,Liabilities,,,,,,,,
L,Rohini Enterprises,U358,Sundry Creditor,Liabilities,,,,,,,,
L,R M Chemicals Pvt. Ltd,U600,Sundry Creditor,Liabilities,,,,,,,,
L,VIJAYAWADA SECONDS SALES OUTLE,CAMH,Sundry Creditor,Liabilities,,,,,,,,
L,HUL -C/O Abdos Oils Private Li,U526,Sundry Creditor,Liabilities,,,,,,,,
L,Ponds Factory-Madras,UMF,Sundry Creditor,Liabilities,,,,,,,,
L,M/S Hindustan Unilever Ltd,U050,Sundry Creditor,Liabilities,,,,,,,,
L,KCLPL C/o Anadya baby Products,UA6,Sundry Creditor,Liabilities,,,,,,,,
L,CHITTOR DEPOT,GTLH,Sundry Creditor,Liabilities,,,,,,,,
L,Punjab Agro Juices Ltd.,U071,Sundry Creditor,Liabilities,,,,,,,,
L,R. M. Chemicals Pvt. Ltd,UDL,Sundry Creditor,Liabilities,,,,,,,,
L,PITHAMPUR  DEPOT,IPFH,Sundry Creditor,Liabilities,,,,,,,,
L,Jalpaiguri TBU (UIEL-Tea),UJPG,Sundry Creditor,Liabilities,,,,,,,,
L,M/S RAMASWAMI &amp; CO HUBLI,HBLH,Sundry Creditor,Liabilities,,,,,,,,
L,HITECH DETERGENTS,UHD,Sundry Creditor,Liabilities,,,,,,,,
L,HUL - Silvassa Factory (Ponds),UPT,Sundry Creditor,Liabilities,,,,,,,,
L,SHANI HPC C&amp;FA,KSHH,Sundry Creditor,Liabilities,,,,,,,,
L,IBS Sales Unit,UMWB,Sundry Creditor,Liabilities,,,,,,,,
L,Lakme Lever Pvt. Ltd (Unit II),UAD,Sundry Creditor,Liabilities,,,,,,,,
L,KCLPL - Pondy DPG,UBK,Sundry Creditor,Liabilities,,,,,,,,
L,Hindustan Unilever Ltd,HBDH,Sundry Creditor,Liabilities,,,,,,,,
L,IPF VIKRAM INDIA LIMITED,U101,Sundry Creditor,Liabilities,,,,,,,,
L,Hindustan Unilever Limited,USH,Sundry Creditor,Liabilities,,,,,,,,
L,Ancorotti Cosmetics India Pvt.,U584,Sundry Creditor,Liabilities,,,,,,,,
L,Bhiwandi Depot,XBNH,Sundry Creditor,Liabilities,,,,,,,,
L,UIEL Mumbai  Bond,U558,Sundry Creditor,Liabilities,,,,,,,,
L,Kolkata TBU (UIELL-Tea),UKOT,Sundry Creditor,Liabilities,,,,,,,,
L,GODREJ FOODS LTD,U163,Sundry Creditor,Liabilities,,,,,,,,
L,Linfox Logistics (I) Pvt Ltd.,HUBH,Sundry Creditor,Liabilities,,,,,,,,
L,GAZIABAD DEPOT(BUFFER),DBFH,Sundry Creditor,Liabilities,,,,,,,,
L,Laxmi Agro Industrial Consulta,ULAG,Sundry Creditor,Liabilities,,,,,,,,
L,Western carriers,KTBH,Sundry Creditor,Liabilities,,,,,,,,
L,HUL- Unilever Industries Pvt L,UPL,Sundry Creditor,Liabilities,,,,,,,,
L,Head Office Mumbai-ISD,HOMC,Sundry Creditor,Liabilities,,,,,,,,
L,Aquagel Chemicals Pvt. Ltd,UAJ,Sundry Creditor,Liabilities,,,,,,,,
L,CSB Bank,CSB1234567,Bank Group,Assets,,,,,,,,
L,UIPL-Research Office Bangalore,UURB,Sundry Creditor,Liabilities,,,,,,,,
L,Hindustan Unilever Limited,U787,Sundry Creditor,Liabilities,,,,,,,,
L,Western India Sea BrinesPvtLtd,U492,Sundry Creditor,Liabilities,,,,,,,,
L,HUL c/o Hindustan Foods Ltd,U775,Sundry Creditor,Liabilities,,,,,,,,
L,Hindustan Unilever Limited,U059,Sundry Creditor,Liabilities,,,,,,,,
L,LLPL CHURCHGATE COCO,CRCL,Sundry Creditor,Liabilities,,,,,,,,
L,DNH - Mould location,UDNH,Sundry Creditor,Liabilities,,,,,,,,
L,HEM LOGISTICS,HEMH,Sundry Creditor,Liabilities,,,,,,,,
L,R.M.CHEMICALSPVT.LTD.(UNIT-II),U578,Sundry Creditor,Liabilities,,,,,,,,
L,UIEL - Kalwa Factory,U167,Sundry Creditor,Liabilities,,,,,,,,
L,Mother Dairy Fruit &amp; Vegetable,U092,Sundry Creditor,Liabilities,,,,,,,,
L,INDORE DEPOT,INDH,Sundry Creditor,Liabilities,,,,,,,,
L,KOLHAPUR  DEPOT,KOLH,Sundry Creditor,Liabilities,,,,,,,,
L,PATNA HPC C&amp;FA,PATH,Sundry Creditor,Liabilities,,,,,,,,
L,HUL Maharashtra Pune project,UPNP,Sundry Creditor,Liabilities,,,,,,,,
L,HINDUSTAN UNILEVER LTD,UCH2,Sundry Creditor,Liabilities,,,,,,,,
L,Standard Surfactant Limited,USQ,Sundry Creditor,Liabilities,,,,,,,,
L,UCO BANK,UCO1234567,Bank Group,Assets,,,,,,,,
L,Christy Foods,U581,Sundry Creditor,Liabilities,,,,,,,,
L,INDIAN BANK,IDBI000S03,Bank Group,Assets,,,,,,,,
L,HUL Karnataka MangaloreUME,UME,Sundry Creditor,Liabilities,,,,,,,,
L,HUL -C/O Naga Detergents,UND,Sundry Creditor,Liabilities,,,,,,,,
L,DHULE  DEPOT,DHUH,Sundry Creditor,Liabilities,,,,,,,,
L,UIEL - Cochin Exports Factory,U118,Sundry Creditor,Liabilities,,,,,,,,
L,Himachal Pradesh - Mould locat,UHP,Sundry Creditor,Liabilities,,,,,,,,
L,Unilever India Exports Ltd,U063,Sundry Creditor,Liabilities,,,,,,,,
L,Aquagel-FW-PW Plant,UAH,Sundry Creditor,Liabilities,,,,,,,,
L,UIEL-Bengal-KPF Exports Unit,U121,Sundry Creditor,Liabilities,,,,,,,,
L,HINDUSTAN UNILEVER LTD,UBV,Sundry Creditor,Liabilities,,,,,,,,
L,Malas Fruit Product,U595,Sundry Creditor,Liabilities,,,,,,,,
L,LLPL KORAMANGALA4 COCO,KR5L,Sundry Creditor,Liabilities,,,,,,,,
L,BILL VALUE DISCOUNT A/C,BV01,Other Expenses,Expenses,,,,,,,,
L,Siliguri Salt depot,SILH,Sundry Creditor,Liabilities,,,,,,,,
L,Dowamara-áTea Co (P) Ltd,U772,Sundry Creditor,Liabilities,,,,,,,,
L,HUL PATNA DEPOT 2,P2NH,Sundry Creditor,Liabilities,,,,,,,,
L,AMG Damage Depot,AMGH,Sundry Creditor,Liabilities,,,,,,,,
L,HULN- VAPI,UELN,Sundry Creditor,Liabilities,,,,,,,,
L,IMC Port Plant - Duty Paid,UIM2,Sundry Creditor,Liabilities,,,,,,,,
L,HUL - Kandla Exports Factory,UKA,Sundry Creditor,Liabilities,,,,,,,,
L,Ujjivan Small Finance Bank,USFB123456,Bank Group,Assets,,,,,,,,
L,GODREJ INDUSTRIES LTD - VALIA,U3VA,Sundry Creditor,Liabilities,,,,,,,,
L,ROHINI PACKER,U528,Sundry Creditor,Liabilities,,,,,,,,
L,Super mother depot,VMDH,Sundry Creditor,Liabilities,,,,,,,,
L,Tuglakabad Duty paid port,UTU2,Sundry Creditor,Liabilities,,,,,,,,
L,LLPL BANGALORE TA COCO,BBTL,Sundry Creditor,Liabilities,,,,,,,,
L,Manjini Mangayarcarassy Godown,U575,Sundry Creditor,Liabilities,,,,,,,,
L,CHEMEX DETERGENTS,UCD,Sundry Creditor,Liabilities,,,,,,,,
L,ICD Belgaum Depot,BIBH,Sundry Creditor,Liabilities,,,,,,,,
L,Bombay Fty-Research Centre,UHRD,Sundry Creditor,Liabilities,,,,,,,,
L,Linfox Logistics India (P) Ltd,DLHH,Sundry Creditor,Liabilities,,,,,,,,
L,HUL D&amp;N Haveli Silvasa DetUDS,UDS,Sundry Creditor,Liabilities,,,,,,,,
L,LLPL SOUTHEX COCO,STXL,Sundry Creditor,Liabilities,,,,,,,,
L,SABARI &amp; CO.ATHAL- HUL,UBQ,Sundry Creditor,Liabilities,,,,,,,,
L,Sonipat - JM Baxi,SOKW,Sundry Creditor,Liabilities,,,,,,,,
L,HUL -C/O R R Retort Foods Priv,U197,Sundry Creditor,Liabilities,,,,,,,,
L,CH RDC1 Hyderabad,XHRH,Sundry Creditor,Liabilities,,,,,,,,
L,Bank of India,BOI1234567,Bank Group,Assets,,,,,,,,
L,stockadjustment,sat,Other Liabilities,Liabilities,,,,,,,,
L,Deutsche Bank,DB12345678,Bank Group,Assets,,,,,,,,
L,LLPLWestside COCO,WTCL,Sundry Creditor,Liabilities,,,,,,,,
L,Godrej industries Ltd,UGIL,Sundry Creditor,Liabilities,,,,,,,,
L,SHANI HPC C&amp;FA,SHAH,Sundry Creditor,Liabilities,,,,,,,,
L,AVALON COSMETICS PVT LTD,U073,Sundry Creditor,Liabilities,,,,,,,,
L,Unident Brushes Pvt Ltd,UUD,Sundry Creditor,Liabilities,,,,,,,,
L,Branch Sales - Mah,USMH,Sundry Creditor,Liabilities,,,,,,,,
L,HUL-UP-Khalilabad Unit 1,U029,Sundry Creditor,Liabilities,,,,,,,,
L,HUL - CHENNAI DEPOT,KMDH,Sundry Creditor,Liabilities,,,,,,,,
L,PONDY DEPOT DMG,PDDH,Sundry Creditor,Liabilities,,,,,,,,
L,COCHIN DETERGENTS DEBONDED LOC,U767,Sundry Creditor,Liabilities,,,,,,,,
L,HUL-UP-Orai Unit,UOI,Sundry Creditor,Liabilities,,,,,,,,
L,Bhubaneswar ICD C&amp;FA,BHKW,Sundry Creditor,Liabilities,,,,,,,,
L,BANGALORE C&amp;FA(ICD),BGLH,Sundry Creditor,Liabilities,,,,,,,,
L,INDO NISSIN FOODS PVT LTD,U095,Sundry Creditor,Liabilities,,,,,,,,
L,HUL - VIC Depot,VICH,Sundry Creditor,Liabilities,,,,,,,,
L,UIEL-D&amp;N Haveli-Silvassa UHS,UHS,Sundry Creditor,Liabilities,,,,,,,,
L,AM Industries,U421,Sundry Creditor,Liabilities,,,,,,,,
L,Arihant Detergents Pvt.Ltd,U874,Sundry Creditor,Liabilities,,,,,,,,
L,LLPL Mumbai  DB,U555,Sundry Creditor,Liabilities,,,,,,,,
L,VAPI BUFFER  C&amp;FA,VPPH,Sundry Creditor,Liabilities,,,,,,,,
L,AMAR POLY MAJRA-TP,UMJ,Sundry Creditor,Liabilities,,,,,,,,
L,UIEL-UP-Orai Exports Unit,URY,Sundry Creditor,Liabilities,,,,,,,,
L,ICD - Belgaum Depot-New,BIKW,Sundry Creditor,Liabilities,,,,,,,,
L,Hindustan Unilever Ltd,LKPH,Sundry Creditor,Liabilities,,,,,,,,
L,HUL-Uttranchal-UTT NMB Unit,UUB,Sundry Creditor,Liabilities,,,,,,,,
L,Hindustan Unilever Ltd,SVDH,Sundry Creditor,Liabilities,,,,,,,,
L,D.J.SURFACTANTS,UDJS,Sundry Creditor,Liabilities,,,,,,,,
L,JABALPUR DEPOT,JABH,Sundry Creditor,Liabilities,,,,,,,,
L,NAGPUR BUFFER DEPOT,BBFH,Sundry Creditor,Liabilities,,,,,,,,
L,Kolkata ICD Depot -2 KLKW,KLKW,Sundry Creditor,Liabilities,,,,,,,,
L,HUL Delhi Air Port- Debond,U587,Sundry Creditor,Liabilities,,,,,,,,
L,COCHIN DEPOT,XCOH,Sundry Creditor,Liabilities,,,,,,,,
L,LLPL AYUSH KENDRA COCO,INAL,Sundry Creditor,Liabilities,,,,,,,,
L,Trivedi &amp; Sons Prop. Trivedi,UTR1,Sundry Creditor,Liabilities,,,,,,,,
L,CFABLR (Anekal Bangalore),BLRH,Sundry Creditor,Liabilities,,,,,,,,
L,LLPL PUNJABI BAGH COCO,PJBL,Sundry Creditor,Liabilities,,,,,,,,
L,HINDUSTAN UNILEVER LIMITED,USJR,Sundry Creditor,Liabilities,,,,,,,,
L,DEFAULT SUPPLIER,DEF,Sundry Creditor,Liabilities,,,,,,,,
L,Dharwad Tea Factory,U039,Sundry Creditor,Liabilities,,,,,,,,
L,Puducherry- Mould location,UPCH,Sundry Creditor,Liabilities,,,,,,,,
L,KPF Exports Factory,U103,Sundry Creditor,Liabilities,,,,,,,,
L,Kwality Walls India Ltd.,GRKW,Sundry Creditor,Liabilities,,,,,,,,
L,HUL- Unilever Industries Pv Lt,UBY,Sundry Creditor,Liabilities,,,,,,,,
L,UnileverIndia Exports Ltd,UPC,Sundry Creditor,Liabilities,,,,,,,,
L,RSO SOUTH BRANCH PLANT,RSOS,Sundry Creditor,Liabilities,,,,,,,,
L,Doshi Logistics,LPLH,Sundry Creditor,Liabilities,,,,,,,,
L,Delhi Regional Office,3,Sundry Creditor,Liabilities,,,,,,,,
L,HINDUSTAN UNILEVER NETWORK,UHLN,Sundry Creditor,Liabilities,,,,,,,,
L,WCBH-Western CarriersBangalor,WCBH,Sundry Creditor,Liabilities,,,,,,,,
L,Nature Fresh C.Storage Pvt ltd,PNMH,Sundry Creditor,Liabilities,,,,,,,,
L,HDFC Bank,HDFC123456,Bank Group,Assets,,,,,,,,
L,Yodeva Plastic PVt Ltd.,U081,Sundry Creditor,Liabilities,,,,,,,,
L,Vaishnavi Kosmeticos-á,UVX,Sundry Creditor,Liabilities,,,,,,,,
L,TRICHUR C&amp;FA,TCRH,Sundry Creditor,Liabilities,,,,,,,,
L,Cool Cosmetics Pvt Ltd,UCL,Sundry Creditor,Liabilities,,,,,,,,
L,San Soaps &amp; Dets,UST,Sundry Creditor,Liabilities,,,,,,,,
L,M/s Standard Pencils Private L,UGC,Sundry Creditor,Liabilities,,,,,,,,
L,LLPL GURGAON56 COCO,G56L,Sundry Creditor,Liabilities,,,,,,,,
L,Pune ICD Depot,INKW,Sundry Creditor,Liabilities,,,,,,,,
L,HUL-Karnataka-Blendpack,U342,Sundry Creditor,Liabilities,,,,,,,,
L,UIEL - Khamgaon Factory,UKH,Sundry Creditor,Liabilities,,,,,,,,
L,LLPL BANDRA COCO,BNDL,Sundry Creditor,Liabilities,,,,,,,,
L,Jericho DD depot,DJRH,Sundry Creditor,Liabilities,,,,,,,,
L,CALCUTTA ICD C&amp;FA,WB1H,Sundry Creditor,Liabilities,,,,,,,,
L,Amirth Package Private Ltd,UAMT,Sundry Creditor,Liabilities,,,,,,,,
L,Hindustan Unilever Ltd,CBFH,Sundry Creditor,Liabilities,,,,,,,,
L,Purchase A/c,Pur,Purchase Group,Expenses,,,,,,,,
L,Kalloomal Satyanarain Chemical,UKSC,Sundry Creditor,Liabilities,,,,,,,,
L,HUL -Silvassa Tea Fty Unit II,U056,Sundry Creditor,Liabilities,,,,,,,,
L,HUL PATNA TRANSHIP DEPOT,PPTH,Sundry Creditor,Liabilities,,,,,,,,
L,HUL(Bangalore Depot),YWPH,Sundry Creditor,Liabilities,,,,,,,,
L,SALEM 3PH,U332,Sundry Creditor,Liabilities,,,,,,,,
L,LLPL CCI COCO,CCIL,Sundry Creditor,Liabilities,,,,,,,,
L,M/SHindustan Unilever Limited,GDDH,Sundry Creditor,Liabilities,,,,,,,,
L,HLL Mundra Port - Bonded,UGOC,Sundry Creditor,Liabilities,,,,,,,,
L,Linfox Logistics (I) Pvt Ltd.,BWDH,Sundry Creditor,Liabilities,,,,,,,,
L,HUL-Cochin Tea Exports,U106,Sundry Creditor,Liabilities,,,,,,,,
L,Chandan Chemicals,UCCL,Sundry Creditor,Liabilities,,,,,,,,
L,HUL -C/O Indu Home Care Produc,UIU,Sundry Creditor,Liabilities,,,,,,,,
L,M/S. AERO PHARMA (SILVASSA),UAE,Sundry Creditor,Liabilities,,,,,,,,
L,Airtel Payments Bank,APB1234567,Bank Group,Assets,,,,,,,,
L,DUMMY,X00000003,Other Expenses,Expenses,,,,,,,,
L,Hindustan Unilever Ltd,CHKH,Sundry Creditor,Liabilities,,,,,,,,
L,M/S Alliance India Unit-III,U545,Sundry Creditor,Liabilities,,,,,,,,
L,Mumbai Regional Office,1,Sundry Creditor,Liabilities,,,,,,,,
L,DELHI BUFFER,DNFH,Sundry Creditor,Liabilities,,,,,,,,
L,HUL-Karnataka-Mysore Unit,U036,Sundry Creditor,Liabilities,,,,,,,,
L,West Kitting,KAUH,Sundry Creditor,Liabilities,,,,,,,,
L,HLL Kandla Port -Duty Paid,UKA2,Sundry Creditor,Liabilities,,,,,,,,
L,BHIWANDI  LLPL,BIWL,Sundry Creditor,Liabilities,,,,,,,,
L,COUNTER SALES,COUNTER,Sundry Debtor,Assets,,,,,Billwise,COUNTER,HUL-10C711COUNTER,NA
L,UMA DAIRY &amp; SWEET-D,P2,Sundry Debtor,Assets,null,35 RAMKUTTIR APP,NR GANGESWAR TAMPLE,HANNY PARK ROAD,Billwise,P2,HUL-10A225D-P67835,1
L,Shyam Farma-D,P3,Sundry Debtor,Assets,null,A6 Cz Patel Park Society,Kartik Nagar Ni Bajuma,Chaprabhatha Road Amroli,Billwise,P3,HUL-10A225D-P68070,1
L,VANKAWALA DRIFRUIT STORES-D,P4,Sundry Debtor,Assets,null,SHOP 1 JIVANYOT SOCIETY,NR SARASVASTI SCHOOL SURBHI DAIRY,HONEY PARK ADAJAN,Billwise,P4,HUL-10A225D-P68085,1
L,GAYATRI BAKERY AND CAKE-D,P5,Sundry Debtor,Assets,null,B/H HUSING BORAD OPP,WALKWAY  GARDEN RAM NAGAR,RANDER ROAD SURAT,Billwise,P5,HUL-134996D-P22398,**********
L,GAYATRI COLLECTION-D,P6,Sundry Debtor,Assets,null,SHOP NO 6 ADAJAN GAM,KESHAV COMPLEX,SURAT,Billwise,P6,HUL-134996D-P23731,*************
L,SAHARA NAMKEEN-D,P7,Sundry Debtor,Assets,tarunsolanki27@gmail.com,L P SAVANI SHAK MARKET NI SAME,JAKATNAKA,SURAT,Billwise,P7,HUL-134996D-P23756,**************
L,SHRADHA NAMKEEN-D,P8,Sundry Debtor,Assets,vijaymadhwani3@gmail.com,SHOP NO-21SHANTI SADAN APP,TARWADI,TEKRAWALA SCHOOL,Billwise,P8,HUL-134996D-P23296,---
L,KHWAISH BEAUTY PARLOUR-D,P9,Sundry Debtor,Assets,null,1-JULELAL APP.NR NIJANAND AASHARAM,RAM NAGAR,RANDER,Billwise,P9,HUL-134996D-P23596,----
L,Ambica Kangan Store*Amr-D,P10,Sundry Debtor,Assets,null,Sahyog Comlex,Opp.Mansarovar Sarcul,Amroli,Billwise,P10,HUL-134996D-P55062,1111
L,SMART BEAUTY COLLECTION*HONNEY PRK-D,P11,Sundry Debtor,Assets,null,12 SASWAT COMPLEX,SAI SQURE NI SAME NR UMIYA,HONEY PARK ROAD,Billwise,P11,HUL-134996D-P55072,111111
L,KAMDHENU DAIRY AND BAKERY-D,P12,Sundry Debtor,Assets,null,VARNIRAJ RESIDENCY,AMROLI SAYAN ROAD,SURAT,Billwise,P12,HUL-134996D-P21074,*********
L,UMA DAIRY-D,P13,Sundry Debtor,Assets,null,SUNDAY RECIDENCY,AMOROLI SAYAN ROAD,SURAT,Billwise,P13,HUL-134996D-P21134,*******
L,SUKAM BAKERY AND CAKE-D,P14,Sundry Debtor,Assets,null,9 LOTUS RESIDENCY,JUNA KOSAD ROAD,AMROLI,Billwise,P14,HUL-134996D-P21734,**********
L,VARNIRAJ BAKERY AND DAIRY-D,P15,Sundry Debtor,Assets,null,STAR RESIDENCY,RAJWADI PARTY PLOT,AMROLI,Billwise,P15,HUL-134996D-P21739,********
L,ASHUTOSH ICE CREAM AND DAIRY PARLOUR-D,P16,Sundry Debtor,Assets,null,11 NAXTRA APPRTMENT NR CNG,PUMP L P SAVANI SCHOOL ADAJANA,ADAJAN,Billwise,P16,HUL-134996D-P22388,**********
L,MANSI BEUTY PALACE-D,P17,Sundry Debtor,Assets,null,SHOP NO-23MANGALMURTI SHOPING CENTRE,PALANPUR PATIYA,NR-NEW MANSI PALACE,Billwise,P17,HUL-134996D-P24248,---
L,KANAIYA NAMKEEN-D-D-D-D,P18,Sundry Debtor,Assets,null,OPP- GAUTAM TRADERS,SHOP NO-21,MAHAVEER SOC,Billwise,P18,HUL-134508D-P10482,---
L,BARMANI DAIRY -D-D,P19,Sundry Debtor,Assets,null,VISHWA KARAMA SOC,KATRAGAM,KATRAGM,Billwise,P19,HUL-134083D-P59466,NO
L,BHAVANI NAMKEIN BAKRIY-D-D,P20,Sundry Debtor,Assets,null,53 KANTASHWAR SOC,BALAVAT NAGAR -1 NI SAME,SIGANPUR KATARGAM,Billwise,P20,HUL-134083D-P59736,NO
L,OM NOVELTY &amp; GIFT-D,P21,Sundry Debtor,Assets,null,Shop 4.B.Mangal Deep Complex Palanpur Jakat Naka,PALAN PUR JAKAT NAKA SURAT ADJAN,Shop.4.B Mangaldeep Complex Palanpur Jakat Naka,Billwise,P21,HUL-10B234D-P19023,1
L,Shree Sundha Novelty-D,P22,Sundry Debtor,Assets,null,Shope  No5 Dharnath Complex,Bhaichand  Nagar Paras Shak Marker,Near Hena Cutlary,Billwise,P22,HUL-10B234D-P19329,1
L,SHIVAM PARLOUR-D,P23,Sundry Debtor,Assets,null,6 NAKASTRA PALTINUM,PALANPUR CANAL ROAD,SURAT,Billwise,P23,HUL-134996D-P26261,111111111
L,HARI NOVELTY AND STATIONARY-D,P24,Sundry Debtor,Assets,null,L.P SAVANI,ADAJAN,SUART,Billwise,P24,HUL-10B234D-P19359,1
L,LAXMI DAIRY &amp; SWEET-D,P25,Sundry Debtor,Assets,null,AAHURA NAGAR,ADAJAN,SURAT,Billwise,P25,HUL-134996D-P24748,---
L,DIMPLE NOVELTY STORE-D-D-D-D-D,P26,Sundry Debtor,Assets,null,PLOT.NO.81,VINAY NAGAR SOC,MAHINI KHAMANIWALA RD,Billwise,P26,HUL-133172D-P20465,NA
L,BEAUTY COLLECTION-D-D-D-D,P27,Sundry Debtor,Assets,null,SHOP NO-18 POOJA ABHISHEK,NR/SOMESHWAR ENCLAVE,U.M.ROAD VESU,Billwise,P27,HUL-134107D-P26965,********
L,ABHUSAN-D-D-D-D-D,P28,Sundry Debtor,Assets,null,L-15-ASARGAM SHOPPING CENTER,PARLE POINT,SURAT,Billwise,P28,HUL-134107D-P27005,*******
L,KALIKUND STORES-D-D-D-P-D,P29,Sundry Debtor,Assets,null,ABHILASHA APT.B/H VASUPUJAY RES,SHOP-10 PAL,ADAJAN,Billwise,P29,HUL-133172D-P14500,********
L,NEW GOKULAAM BAKERY-D,P30,Sundry Debtor,Assets,null,SHOP NO 2 SQARE PINT OPP,ASHOKA HOUSE CITYLIGHT ROAD,SURAT,Billwise,P30,HUL-134996D-P22900,***********
L,MODI BEKERS-D,P31,Sundry Debtor,Assets,null,49 SAI NAGAR SOC,VIP ROAD  CITY LIGHT RD,VESU,Billwise,P31,HUL-134996D-P21954,*********
L,NISHA NOVELTIY &amp; STATIONERY-D,P32,Sundry Debtor,Assets,null,G. 21 TIME QUER,Time Qure,Vesu Green Vely,Billwise,P32,HUL-10A176D-P61961,1
L,CHETNA NOVELTY-D,P33,Sundry Debtor,Assets,null,SHOP G 24 SHIV KARTIK ENCLAVE,OPP AAKANSHA MEDICAL,VIP ROAD VESU SURAT,Billwise,P33,HUL-10A176D-P62088,1
L,SIDHHI VINAYAK GIFT NOVELTY &amp; STATIONARY-D-D-D,P34,Sundry Debtor,Assets,null,7-VASHUPUJAY APP.,OPP SANDHAYA VADAN SOC,PALANPUR JAKATNAKA,Billwise,P34,HUL-134083D-P11511,NA
L,AMBICA  GIFT &amp; TOYS-D-D-F-D-D-P-D,P35,Sundry Debtor,Assets,null,02 Kunti Shoping Center,Deepa Complex,Adajan Road,Billwise,P35,HUL-133172D-P5248,24220201531
L,BALAJI BANGLES-D,P36,Sundry Debtor,Assets,null,CORNER POINT,CITY LIGHT ROAD,SURAT,Billwise,P36,HUL-10A176D-P9186,1111
L,VIJAY MEDICAL &amp;GENRAL STORE T-P-D-D-D,P37,Sundry Debtor,Assets,null,239 DINNDYAL SOCIETY,OPP. SHANTI NIKETAN SCHOOL,PALANPUR PATIYA,Billwise,P37,HUL-134083D-P11711,NA
L,ABHAY PHARMACY-D,P38,Sundry Debtor,Assets,null,SHOP NO.B.1GROUND FLOORSHREE RAM SHOPING CENTER,1244567,145689,Billwise,P38,HUL-10A225D-P62499,1
L,HARE KIRSHNA MEDICAL  GENERAL  STRO-D-P,P39,Sundry Debtor,Assets,null,SHOP NO.7.8.9. NER TAPOVAN SCHOOL,Bhatlai  Mora.Surat,Village,Billwise,P39,HUL-10B234D-P41058,1
L,JAIN MEDICAL AND GENERAL STORE,P40,Sundry Debtor,Assets,rahulchaudhary6837@gmail.com,SOAP NO.G19 SUMERU BIJNESH CORNER PAL SURAT,RAJHANSH KE PICHE SUMERU BIJNES CORNER,OPP. SOMCHINTAMANI APPARMEN T,Billwise,P40,HUL-10B234D-P26880,1
L,National Medico-D,P41,Sundry Debtor,Assets,null,G 26 Timesqure,Near Capital Green,Canal Road Vesu,Billwise,P41,HUL-10B234D-P41162,1
L,PRAMUKH PHARMACY-D,P42,Sundry Debtor,Assets,null,Shop No 1 Shyam Apt,Near Ohm Shree Medical,Ghodod Road,Billwise,P42,HUL-10B234D-P27117,1
L,RIYA MEDICAL &amp; GENERAL STORE-D,P43,Sundry Debtor,Assets,null,SHOP NO G.34 RAJ WORLD SHOPPING CENTRE OPP,Nilkanth Residecy Planpur Gam Surat,ADAJAN SURAT,Billwise,P43,HUL-10B234D-P27324,1
L,Sagar Pharmacy-D,P44,Sundry Debtor,Assets,null,Shop No 1,Balaji Nagar,Near Swaminarayan Mendir,Billwise,P44,HUL-10B234D-P27469,1
L,SAI KRUPA MEDICALS CHEMIST AND DRUG STORE T-P-D-D-,P45,Sundry Debtor,Assets,null,SHOP-10 AHURA SHOPPING CENTAR,SAMAR PARK K SAMANE ADAJAN CIRCULE,ADAJAN ROAD,Billwise,P45,HUL-134107D-P13591,NA
L,Dhanlaxmi Medical &amp; General Store-D,P46,Sundry Debtor,Assets,null,Plot No.129 Jantanagar,Nr.Amroli Pool,Katargam,Billwise,P46,HUL-10B234D-P27599,1
L,RANDER CHEMIST-D-D-D,P47,Sundry Debtor,Assets,firozpatel54201@gmail.com,3-HARINA HOUSE,NR NEAMAT DAIRY,RANDER,Billwise,P47,HUL-134083D-P9053,NA
L,ARIHANT MEDICAL-D,P48,Sundry Debtor,Assets,arihant1169@gmail.com,Shp 5 Pooja Abhishek,Near Shivam Medical,Surat,Billwise,P48,HUL-10B234D-P27666,1
L,Dipenbhai-D,P49,Sundry Debtor,Assets,null,Shopno.G7 Western Arene,Nr.Triniry Business Hub,Green City Road,Billwise,P49,HUL-10B234D-P27821,1
L,Shree Krishna Medical &amp; Janral Stor-D,P50,Sundry Debtor,Assets,null,Shop No 3 Happy Residency Manmandir Sco Nr Chhapra,Shop No 3 Happy Residency Manmandir Sco Nr Chhapra,Shop No 3 Happy Residency Manmandir Sco Nr Chhapra,Billwise,P50,HUL-10B234D-P27829,1
L,Getwell Medico-D,P51,Sundry Debtor,Assets,null,Shop No 24 Shivam Society,Opp Rameshwer Tempal,Prime Market Adajan,Billwise,P51,HUL-10B234D-P27863,1
L,All India Medical-D,P52,Sundry Debtor,Assets,parmarsk587@gmail.com,Vishwakarma Bhavan,Nearprime Bank,Jahangirpuraroad,Billwise,P52,HUL-10A225D-P64536,1
L,RADHE MEDICAL AND GENERAL STORE-D,P53,Sundry Debtor,Assets,null,Shop No A.5 Ground Floor Shandhya Vadan  Society,Nr PALANPUR Jakat Naka,Nr Sree Yogeshwar Med,Billwise,P53,HUL-10B234D-P28021,1
L,RUPAM MEDICAL &amp; GEN STORE-ADAJAN-D-D-D-D-D-D,P54,Sundry Debtor,Assets,null,21-SIMANDAR CAMOUS,OP-WESTEM SOMCHINTAMANI,RAJHANS MULTIPLEX LINE,Billwise,P54,HUL-133172D-P14520,*****
L,Dhanlaxmi Medical And General Store-D,P55,Sundry Debtor,Assets,null,Shop No 2 Mota Kanviwad,Nr Milk Dairy,Dumas Gam,Billwise,P55,HUL-10B234D-P28050,1
L,SAGAR MEDICAL AND GENRAL STORE-D,P56,Sundry Debtor,Assets,null,SANA CORNER,SULTANIYA GYMKHANA,ADAJAN ROAD COZWAY,Billwise,P56,HUL-134996D-P26990,1111
L,CARE PLUS MEICO-D,P57,Sundry Debtor,Assets,null,HALPATI COLONY,UMARWADA MANDARVAJ,NER SAI SARKAR MEDICAL,Billwise,P57,HUL-10B234D-P28112,1
L,Aarav Medical  Stores-D,P58,Sundry Debtor,Assets,null,Shop No 103 Reliance  Nagar Society,Shree Ram Chokdi,Sayan Road Amroli,Billwise,P58,HUL-10B234D-P28143,1
L,Apple Chemist-D,P59,Sundry Debtor,Assets,null,Shop No.4 Usha Kiran App,Opp.Shahi MasjidPolice Chowki,C.N.G.PumpAdajan GamSurat.,Billwise,P59,HUL-10A225D-P66215,1
L,Navdeep Medical &amp; General-D,P60,Sundry Debtor,Assets,null,Shop No 21 Star Corner Palanpur Jakatnaka,Opp SBI Bank,Palanpur Jakatnaka,Billwise,P60,HUL-10B234D-P28193,1
L,RAMDEV KIRANA STORE-D,P61,Sundry Debtor,Assets,null,SHOP NO 6 GARDEN VIEW APT PANIHARI ROAD KATARGAM,N.A.,N.A.,Billwise,P61,HUL-10B234D-P28207,1
L,AL NOOR Medical Stores-D,P62,Sundry Debtor,Assets,null,3 Sohel App Fulwadi Bharimata Road Surat,N.A.,N.A.,Billwise,P62,HUL-10B234D-P28270,1
L,Citizen Medical,P63,Sundry Debtor,Assets,null,217 Chhotubapani Wadi,Jahangirabad,Dandi Road,Billwise,P63,HUL-10A225D-P67312,1
L,ADARSH MEDICAL STORES SIGN ROA-D,P64,Sundry Debtor,Assets,null,NRKHODALKRUPA MEDILALITA CHO,N.A.,N.A.,Billwise,P64,HUL-10B234D-P28368,1
L,Bal Krushma Nowelty-D,P65,Sundry Debtor,Assets,bharatank234@gmail.com,Shop 124 Kuber Nagar,Katargam,Katargam Darwaja,Billwise,P65,HUL-10B234D-P26805,1
L,SIDDIQUI MEDICAL-D,P66,Sundry Debtor,Assets,null,RIVERVIEW SOC BHARIMATA ROAD PANDOL SURAT,N.A.,N.A.,Billwise,P66,HUL-10B234D-P28375,1
L,SHREE KASHAV MEDICAL STORES-D,P67,Sundry Debtor,Assets,null,MITA NAGARNEAR DEVANGI VODIO,N.A.,N.A.,Billwise,P67,HUL-10B234D-P28431,1
L,BHAVANI MEDICAL &amp; GEN STORE-D,P68,Sundry Debtor,Assets,null,6 RAMESHWAR COM DARBAR NAGAR VED ROAD SURAT,N.A.,N.A.,Billwise,P68,HUL-10B234D-P28466,1
L,SHREE MODHSWARI AMMUL,P69,Sundry Debtor,Assets,null,Shop 10 pooja flats,CNG petrol pump pachhad,walkway pase new pal road,Billwise,P69,HUL-10B234D-P39530,1
L,NILKANTH MEDICAL STORE-D,P70,Sundry Debtor,Assets,null,Shop No 1tapi Indsoc  Opp Akhand Anand Collage Ved,D Road Surat 395004,N.A.,Billwise,P70,HUL-10B234D-P28494,1
L,ASHIRWAD MEDICAL AND GENERAL STORE,P71,Sundry Debtor,Assets,vaddoriyanikunj9@gmail.com,Shop 2 New G I D C Katargam Surat Near Om Medical,N.A.,N.A.,Billwise,P71,HUL-10B234D-P28501,1
L,SHREE RAM MEDICALGENERAL STORE-D,P72,Sundry Debtor,Assets,null,Shop No 2plot No 112 Om Shanti Nagar Soc New Kosad,D Road Surat,N.A.,Billwise,P72,HUL-10B234D-P28508,1
L,SIDDHI MEDICAL-D-D,P73,Sundry Debtor,Assets,null,GALAXY CIRCLE,L.P SAVANI,SURAT,Billwise,P73,HUL-134996D-P13484,***
L,DHANVANTRI  MEDICAL &amp;GENRAL STORE-D-D-D,P74,Sundry Debtor,Assets,null,SHOP-2 ANIL NIVAS,NR NIJDHAM ASHRAM RAMNAGAR,RAMNAGAR,Billwise,P74,HUL-134493D-P5405,APPLY FOR
L,SHIV HOMOEOPATHIC PHARMACY MEDICAL STORE-D,P75,Sundry Debtor,Assets,krunal.rasiya@gmail.com,shop 5 millenium park apartment opp cross road amr,roli sayan road,N.A.,Billwise,P75,HUL-10B234D-P28718,1
L,GOPAL MEDICAL STORE VED ROAD-D,P76,Sundry Debtor,Assets,null,Nearkstrapal Khaman Akhnanda Schoolved Road,N.A.,N.A.,Billwise,P76,HUL-10B234D-P28725,1
L,CITY HEART MEDICAL-D-P,P77,Sundry Debtor,Assets,null,City heart complex shirsti road near shayona med,N.A.,N.A.,Billwise,P77,HUL-10B234D-P28753,1
L,SAHYOG MEDICAL STORE*AMROLI*UNICARE*-D-D-D-D-D,P78,Sundry Debtor,Assets,null,5/6SAHYOG PARKSAYAN ROAD,NEAR SHAK MARKETMANSAROVAR CIRCLE,SURAT,Billwise,P78,HUL-101471D-MSA1089,24222500177
L,METRO MEDICO WS-D,P79,Sundry Debtor,Assets,null,32 G/F MONI AROCADE NRSARASHWATI RESIDE,N.A.,N.A.,Billwise,P79,HUL-10B234D-P28886,1
L,Bhavani Med &amp; Gen *AMROLI***-P-D-D-D-D,P80,Sundry Debtor,Assets,null,Shop No 18,Soping Center,Sayan Road,Billwise,P80,HUL-101471P-P11324,NA
L,SUPER CHEMIST-D,P81,Sundry Debtor,Assets,null,SHOP NO.8 SARGAM PARK MUSLIM PATEL MOHALLO,N.A.,N.A.,Billwise,P81,HUL-10B234D-P28963,1
L,JALARAM CHEMIST(KOSAD )-D-D-D-D-D-D,P82,Sundry Debtor,Assets,null,SH NO -20,MAHAVIRDHAM PART-2,NEW KODSAD ROADAMROLI SURAT,Billwise,P82,HUL-132967P1868,24222500403
L,RAMDEV MEDICAL ST-D-D-D-D-D-D,P83,Sundry Debtor,Assets,null,SRUSTI RECYDENCY,SHOP NO.6-7 SAPTAR ROAD,AMROLI,Billwise,P83,HUL-132967P4214,24222501636
L,ASHAPURI MEDICAL AND GENERAL STORES-D,P84,Sundry Debtor,Assets,null,1 ANKUR SHOPPING CENTRE NR SARDAR BRIDGE ADAJAN,N.A.,N.A.,Billwise,P84,HUL-10B234D-P29222,1
L,SHIV SHAKTI MEDICAL-D-D-D-D-D,P85,Sundry Debtor,Assets,null,OPP.JAIN DERASAR,AMROLI MAIN ROAD,AMROLI,Billwise,P85,HUL-132967P2489,0
L,PRAMUKH MEDICAL,P86,Sundry Debtor,Assets,mm8660217@gmail.com,shop no 18 ramanagar colony rander road surat,N.A.,N.A.,Billwise,P86,HUL-10B234D-P29292,1
L,Vijay Medicos-D,P87,Sundry Debtor,Assets,null,Plot No 286 To 290 Patel Esq Hindu Sarvjanik Inn,N.A.,N.A.,Billwise,P87,HUL-10B234D-P29453,1
L,Sagar Medical And General Stores-D,P88,Sundry Debtor,Assets,null,Shop - A-27 Graun Falor Vardhaman Park Soscity -2,New Kosad Road Surat Amroli,N.A.,Billwise,P88,HUL-10B234D-P29460,1
L,Vijay Medicos  Dabholi-D,P89,Sundry Debtor,Assets,null,Shop-12  Devicomplex  Dabholi Char Rasta Surat,N.A.,N.A.,Billwise,P89,HUL-10B234D-P29488,1
L,ABHAY PHARMACY AND SUPER STORE-D,P90,Sundry Debtor,Assets,null,Plot 114 Ground Floor Ayodhya Nagri,N.A.,N.A.,Billwise,P90,HUL-10B234D-P29572,1
L,BHAVANI CHEMIST*AMROLI*UNICARE*-D-D-D-D-D,P91,Sundry Debtor,Assets,dewasishivani@gmail.com,3/4SAHYOG PARKMANSAROVAR CIRCLE,SAYAN ROAD AMROLI,SURAT,Billwise,P91,HUL-101471D-MSA1076,24222500189
L,Ramdev Chemist &amp; Gen.Store-D-P-D,P92,Sundry Debtor,Assets,null,#%&amp;*()+.,Same,Same,Billwise,P92,HUL-10B234D-P29662,1
L,SHREE GANESH MEDICAL &amp;GENERAL  STORE-D,P93,Sundry Debtor,Assets,null,85 Ganesh Krupa Socity,Palanpur Jakatnaka,Ugat Canal Road Nr Lp Savani,Billwise,P93,HUL-10B234D-P29705,1
L,SHUBHAM MEDICAL &amp; GEN STO*AMROLI*-D-D-D-D-D,P94,Sundry Debtor,Assets,null,16/17SAI POOJAN RESIDENCY,NEAR SAI BABA TEMPLE,AMROLI,Billwise,P94,HUL-101471D-P15881,NO
L,SANJANA MEDICAL-D,P95,Sundry Debtor,Assets,null,4 GROUND FLOOR,NR RANDER POLICE STATION,RANDER,Billwise,P95,HUL-10B234D-P29726,1
L,NAVJIVAN MEDICAL &amp; PROVISION STORES-D-D-D-D,P96,Sundry Debtor,Assets,null,17-GREEN AVENUE OPP. TGT,RESTURANT PAL GAM ROAD,SURAT,Billwise,P96,HUL-134493D-P5752,0000
L,Nerib Life Medical Stor-D,P97,Sundry Debtor,Assets,null,5 Mahaveer Com.,Palanpur Kenal Road,Opp. Ayush Medical,Billwise,P97,HUL-10B234D-P29803,1
L,VARAHI MEDICAL &amp; PROVISION STORES T-P-D-D-D-P,P98,Sundry Debtor,Assets,null,A-10 SHYAM COMPLEX,NR . AYODHYA NAGARI PALANPUR PATIYA,SURAT,Billwise,P98,HUL-133548D-P5357,NA
L,SAGAR MEDICAL STORES-D-D-D,P99,Sundry Debtor,Assets,null,9-RAVIRAJ COMPLEX,NR NAVYUG COLLEGE,RANDER RD,Billwise,P99,HUL-134733D-P6859,0000
L,GURUKRUPA CHEMIST &amp; PRO STORES-D-D-D,P100,Sundry Debtor,Assets,null,G/1-36MUKTANAND NAGAR,NR GES CIRCAL,ADAJAN SURAT,Billwise,P100,HUL-134733D-P6869,0000
L,ATRI MEDICAL  STORES-D-D-P,P101,Sundry Debtor,Assets,null,RAMNAGAR MAIN RD,SWAMI SHANTI PRAKASH,APARMENT SURAT,Billwise,P101,HUL-134733D-P6895,APPLIED
L,REEJA MEDICAL,P102,Sundry Debtor,Assets,null,RAMNAGAR CHAR  RASTA,OPP. JHULELAL MANDIR,SURAT,Billwise,P102,HUL-134733D-P6905,APPLIED
L,MANSI BOMBAY BAZAR(IMITATION &amp; COSMETIC)-D-D,P103,Sundry Debtor,Assets,null,SHOP NO. 1/2/3 ANKUR,SHOPPING CENTER PALANPUR,PATIA RANDER ROAD,Billwise,P103,HUL-134733D-P7007,APPLIED
L,Jagdamba Medical &amp; General Store-D,P104,Sundry Debtor,Assets,null,7-8 Mansi Residency,Nava Maholla Nr.,Mahek Residency B/H.,Billwise,P104,HUL-134107D-P13051,NA
L,CHAMUNDA MEDICAL &amp; GEN. STORE-D-D-P-D,P105,Sundry Debtor,Assets,null,G-19 SANGINI GARDENIYA,NR. SUBHASH GARDEN,DANDI RD JAHANGIPURA,Billwise,P105,HUL-134733D-P7107,APPLIED
L,SARGAMMEDISIN-D-D-D-D-D-D,P106,Sundry Debtor,Assets,null,FP103LOKBHAKTISCHOOLOPPLOKBHARTISCHOOL,NRSHREEAMBIKAKARYANA,PARLEPOINT,Billwise,P106,HUL-132638D-P1195,***********
L,MAHALAXMI MEDICAL D-D-D-D-D-D,P107,Sundry Debtor,Assets,null,BEJANWALA COMPLEX TARWADI,RANDER ROAD SURAT,,Billwise,P107,HUL-133172D-P4066,24220101105
L,SHANTI MEDICAL AND PROVISION STORES,P108,Sundry Debtor,Assets,null,C-2 MANI TENAMENT MAN DARWAJA,,,Billwise,P108,HUL-132638P9002,UNREGISTERED
L,SHREESAISAHAKARMEDICAL-D-D,P109,Sundry Debtor,Assets,null,642-AGURUKRUPATRIRANGACHOK,UMIYAMATAROAD,NA,Billwise,P109,HUL-132638P9008,24221700872
L,Sree Shyam Dry fruits-D,P110,Sundry Debtor,Assets,null,shop no G 10 greenpark appt,near corner point,city light Surat,Billwise,P110,HUL-10B234D-P39710,1
L,SHIV SHAKTI MEDICAL,P111,Sundry Debtor,Assets,null,B-17UMARAVADAMUNTENAMENTMANDARWAJA,OPP.AJANTATHEATREB/H-FIREBRIGADE,,Billwise,P111,GJ39500781547,24221700501
L,SMIT SAI MEDICAL STORES-D-D-D-U2NC,P112,Sundry Debtor,Assets,null,B-2/1718UMARWADA MU.,TENAMENT MAN DARUWALA,OPP.KINNARY CINEMA,Billwise,P112,HUL-133172D-P7423,------
L,SHREENATHJI MEDICAL &amp; PRO. STORE(SMART)-D-D-D-D-D-,P113,Sundry Debtor,Assets,null,MORA BHAGAL CIRCLE,BHESHAN ROAD,SURAT,Billwise,P113,HUL-132638D-D0662,24220100287
L,BHAVANI MEDICAL-U2NC-D,P114,Sundry Debtor,Assets,null,SHOP NO-2 BHAVANI CHEMBERS,NR. MADHAVANAND MEDICAL,KATARGAM,Billwise,P114,HUL-132638P9392,UNREGISTERD
L,PRAMUKH MEDICAL,P115,Sundry Debtor,Assets,gordhansinghrawat123@gmail.com,SHHOP NO 4 PUNIT NAGAR GANESH MANDIR CHAR RASTA,PALANPUR PATIYA,SURAT,Billwise,P115,HUL-134996D-P26201,111111111
L,MEHUL MEDICAL-D-D,P116,Sundry Debtor,Assets,null,20AMBEDKAR SHOPPING CEN.B/H.FIRE BRIGADE MAN DARW,B/H AMBEDKAR SHOPPING,SURAT,Billwise,P116,HUL-132638P8996,24221700446
L,SHRINATHJI CHEMIST *DABHOLI*UNICARE*-D-D-D,P117,Sundry Debtor,Assets,null,2/B  RAJ LAXMI COMPLEXOP-RELIANCE FRESH,DABHOLI CHAR RASTAVED ROAD,SURAT,Billwise,P117,GJ39500781577,11111
L,SHREE BRAMNI MEDICAL STORE -D-D,P118,Sundry Debtor,Assets,null,SHOP NO-1 KHODIYAR NAGAR,PLOT NO-7980 B/H JIVANJYOT CENEMA,BHATENA SURAT,Billwise,P118,HUL-134083D-P44372,NA
L,CHAUDHARI MEDICAL GEN STORE-D,P119,Sundry Debtor,Assets,null,SHOP NO 10,SQUAR POINT SHOPPING CENTER,SINGANPOR,Billwise,P119,HUL-133100P511,APP
L,SUNIL MEDICAL STORE,P120,Sundry Debtor,Assets,null,345RAZA NAGARUMIYA MATA TEMPLE,RAZA NAGAR,UMIYA MATA TEMPLE,Billwise,P120,HUL-134083D-P49645,NA
L,MANSI MEDICAL STORE-D-D,P121,Sundry Debtor,Assets,null,4BHAGVATI PARK-2BHATHENA ROAD,BHAGVATI PARK-2,BHATHENA ROAD,Billwise,P121,HUL-134083D-P49890,NA
L,MARUTI MEDICAL STORE-D-D-D,P122,Sundry Debtor,Assets,null,NR ANKUR SCHOOL,KATARGAM,KATARGAM,Billwise,P122,HUL-133548D-P6109,NA
L,GURUKRUPA MEDICAL STORE(UNICARE)-D-D-D-D-D-D-D,P123,Sundry Debtor,Assets,null,SHOP NO 13 G-1/22MUKTANAND NAGAR,NR.GUJ.GAS CIRLCLEADAJAN ROAD,SURAT,Billwise,P123,HUL-132638D-D0930,24220200733
L,GUJARAT MEDICAL STORES D-P-D-D-D,P124,Sundry Debtor,Assets,null,G-1/9 MUKTANAND NAGAR,NEAR GUJRAT GAS CIRCLE,ADAJAN ROAD,Billwise,P124,HUL-101471D-P15936,0
L,SHIV DARSHAN MEDICAL &amp; PROVISION-D-D-D-D-D-D,P125,Sundry Debtor,Assets,null,1-2 SUNDARAM APP.,PALANPUR JAKATNAKA,PAL GAM ROAD,Billwise,P125,HUL-133172D-P5185,UN RAGISTERD
L,KESAR MEDICAL STORE-D-D-D-D-D-D-D,P126,Sundry Debtor,Assets,null,SHOP NO 9,NEELKANTH RESIDENCY,PALANPUR JAKATNAKA,Billwise,P126,HUL-132638D-D0883,24220100682
L,WEL COME CHEMIST-D-D-D-D-D,P127,Sundry Debtor,Assets,null,SHOP NO-5NAV PAD RECIDANCY,PAL GAM,ADAJAN,Billwise,P127,HUL-132967P2661,24220204455
L,Shivam Cutlery-D,P128,Sundry Debtor,Assets,null,56 Pushpak Soceity Beside Tekrawla School Palnpur,Rander,Surat,Billwise,P128,HUL-10B234D-P39748,1
L,SAI MEDICAL &amp; GEN STORES-D-D-D-D,P129,Sundry Debtor,Assets,null,1/2-SAI SAMARTH APP,PALANPUR GAM,SURAT,Billwise,P129,HUL-132967P0924,0
L,SURAVI MEDICINE &amp; COSMETICS CENTER(SMART)-D-D-D-D-,P130,Sundry Debtor,Assets,null,1PRAMUKH CHMBERS,NR.R.K.SONSRANDER ROAD,NA,Billwise,P130,HUL-132638D-D0727,24220201122
L,ANAND MANGAL MEDICAL-D-D,P131,Sundry Debtor,Assets,null,34-NEW ASHIRWAD PARK,B/H JIVAN JYOT CINEMA,SURAT,Billwise,P131,HUL-132638P9294,24220302139
L,POPULAR MEDICAL STORE-D-D,P132,Sundry Debtor,Assets,null,ROAD NO.0 OPP. UDHNA STATION,ROAD NO-1,SURAT,Billwise,P132,HUL-132638P9326,24222300071
L,ATUL MEDICAL-D-D,P133,Sundry Debtor,Assets,null,SHOP-7SHIV PARK JIVANJYOT NAGAR,OP/ANAND MANGAL MEDICAL,SURAT,Billwise,P133,HUL-133173P874,APP
L,UMIYA MEDICAL STORE*KUBERPARK*-D-D-D,P134,Sundry Debtor,Assets,null,PLOT B-30 BHAUCHAR NAGAR SOC,OPP PRAGNA VIDHALAY OPP HARI OM MILS NI GALI,NA,Billwise,P134,HUL-101471D-MSA1887,1111
L,SHYAM MEDICAL &amp; GENERAL STORES-D-D-D,P135,Sundry Debtor,Assets,null,893MANDARWAJA NEW COLONY,OPP.KINNERY CINEMA,SURAT,Billwise,P135,HUL-133172D-P7419,---------
L,Gayatri Medical &amp; Provision Store-D,P136,Sundry Debtor,Assets,null,Shop No.1 Plot No. 16/1 Hari Om,Bhathena - 3,Aajna,Billwise,P136,HUL-132967P2352,0
L,NEW PRINCE MEDICAL AND GENERAL STORE,P137,Sundry Debtor,Assets,null,SHOP NO. 3 SANJIVNI APPARTMENT,OPP. KISAN MEDICAL,PALANPUR JAKAT NAKA,Billwise,P137,HUL-133539D-P8621,0
L,NAVJIVAN MEDICAL &amp; PRO.STORES(SMART)-D-D-D-D-D-D-D,P138,Sundry Debtor,Assets,null,A-1MANGALDEEP APP.,PALAN PUR ROAD,SURAT,Billwise,P138,HUL-132638D-D1088,24220200601
L,GANGESHWAR MEDICAL STORE(UNICARE)-D-D-D-D-D-D-D,P139,Sundry Debtor,Assets,null,7RAM KUTIR BUILDING,B/S.GANESHWAR MAHADEVCLASSIC POINT,SURAT,Billwise,P139,GJ39500980546,24220201608
L,SHUBBHLAXMI CHEMIST-D-D-D-D,P140,Sundry Debtor,Assets,null,SHOP NO-2NASARVANJI,PARK,BHATHENA SURAT,Billwise,P140,HUL-134083D-P55264,NA
L,KRUSHNA MEDICO &amp; GEN.(SMART)-D-D-D-D-D-D-D-P,P141,Sundry Debtor,Assets,null,SHOP NO 4,SAMRAT PARK APPARTMENT,NR-BSNL OFFICE,Billwise,P141,HUL-132638D-D0721,***********
L,SUBHLAXMI MEDICAL STORE-D-D-D-D,P142,Sundry Debtor,Assets,null,SHOP NO-5,NILKANTH PARK,BHATHENA MAIN RD SURAT,Billwise,P142,HUL-134083D-P56808,NA
L,TAMNNAMEDICALSTORE(SMART)-D-D-D-D-D-D-D,P143,Sundry Debtor,Assets,null,3DHANMORACOMPLEX,ADAJANPATIYA,SURAT,Billwise,P143,HUL-132638D-D0638,24220400385
L,SHRINATHJI MEDICAL*KATARGAM*UNICARE*D-D-D,P144,Sundry Debtor,Assets,null,6BHIKABHAI COMPLEXMADHVANAND SOC,KATARGAM SINGANPOR ROAD,SURAT,Billwise,P144,GJ39500781575,1111
L,VISHWASH MEDICALS-D,P145,Sundry Debtor,Assets,null,SHOP NO.2ANNAPURNA SHOPING CENTER,ADAJAN PATIYA,SURAT,Billwise,P145,HUL-10B234D-P39416,1
L,SHIVDARSHAN MEDICAL-D,P146,Sundry Debtor,Assets,shahukeyur650@gmail.com,Milkat No. 1638,Mora gaam,Mora tekra Hazira. surat,Billwise,P146,HUL-10B234D-P39431,1
L,SANKALP Medical And Genral-D,P147,Sundry Debtor,Assets,null,Shop. No 1 Dattatrey Comples,Ssddd,Ssdddf,Billwise,P147,HUL-10B234D-P39445,1
L,MUKESH MED *SINGANPUR*P-D-D-D,P148,Sundry Debtor,Assets,null,SHOP NO 6SERVE MANGAL COMPLEX,NEAR SINGANPURGAM KOZWAY ROAD,NA,Billwise,P148,HUL-101471P8668,1212
L,UDHANA MEDICAL &amp; PRO.STORES DD-D,P149,Sundry Debtor,Assets,null,7 SHAH MARKET,OPP.UDHANA RAILWAY STATION,ROAD NO.0 UDHANA SURAT,Billwise,P149,HUL-10A225D-P62333,1
L,NITIN MEDICAL &amp; PROVIDES STOR-D,P150,Sundry Debtor,Assets,null,ROAD NO 2 UDHYOG NAGR,NEAR UDHNA STATION,BHARAT PETROL PUMP,Billwise,P150,HUL-10B234D-P39481,1
L,TORAN MEDICAL STORE-D-D-D-D-D-D-D,P151,Sundry Debtor,Assets,null,3ANNAPURNA SHOPING CENTERADAJAN RANDER,NEAR C.N GANDHI,SURAT,Billwise,P151,HUL-133172D-P7125,UNREGISTER
L,CARE PHARMACY AND GENERAL STORES,P152,Sundry Debtor,Assets,null,Shop.No G 46,Shavion Shopping Paradise,Opp Garurav Path Road,Billwise,P152,HUL-10B234D-P39495,1
L,Pramukh Pharmacy-D,P153,Sundry Debtor,Assets,null,602 Luhar Faliya,Avatar Electronics  Near,Katargam Surat,Billwise,P153,HUL-10B234D-P39611,1
L,AMBICA MEDICAL &amp; GEN STORE - D-D,P154,Sundry Debtor,Assets,null,SHOP N0 3 SHIVAM FLAT,JAGJIVAN SOCITY,NAVO MAHOLO CHAR RASTA,Billwise,P154,HUL-131916P1740,1
L,PRAMUKH PHARMACY-D,P155,Sundry Debtor,Assets,null,Shop. 3 G. F,Kuberji Point Opp Ganesh Mandir,Opp Pramukh Medical Palanpur Patiya,Billwise,P155,HUL-10B234D-P39674,1
L,Jaliyan Medical-D,P156,Sundry Debtor,Assets,null,Shop No G5 Bejanwala Complex,Tarwadi Adajan,Surat,Billwise,P156,HUL-10B234D-P39688,1
L,MAHAVIR MEDICAL-D,P157,Sundry Debtor,Assets,null,G.7 SIDDHGIRI RESIDENCY NR NEW BHAVANI STORE Pal,Road surat Adajn,G.7 siddgiri residency nr new Bhavani  PAL Road,Billwise,P157,HUL-10B234D-P39825,1
L,Jhanvi Bakery-D,P158,Sundry Debtor,Assets,null,Shop No175 Near Uma Bhavan,Chapta BharaRoad Amroli,Surat,Billwise,P158,HUL-10B234D-P39776,1
L,My Pharmacy-D,P159,Sundry Debtor,Assets,null,Shop No 41 Gaurav Path Road,Opp Shree Bharti Residency,Pal Adajan,Billwise,P159,HUL-10B234D-P39847,1
L,KRISHA MEDICAL STORE D-D-D-D-D,P160,Sundry Debtor,Assets,null,C/G-18 RAMKUTIR COMPLEX,NR. GANGESHWAR TEMPLE,OPP.S. B. I. HONY PARK BRANCH,Billwise,P160,HUL-133172D-P3742,24222000571
L,MODERN CHEMIST &amp; GEN. STORE(UNICARE)-D-D-D-D-D-D-D,P161,Sundry Debtor,Assets,null,1SHANTINIKETAN COMPLEX,OPP.GAIL TOWERANAND MAHEL ROAD,SURAT,Billwise,P161,GJ39500781558,24220200837
L,Gurukrupa Medical And  General Store-D,P162,Sundry Debtor,Assets,null,G 21 Nisal Shopping Center  Nr Galaxy Circale Pal,Pal Adajan,Surat,Billwise,P162,HUL-10A225D-P62414,1
L,PRADHAN MANTRI BHARTIYA JANAUSHADHI KENDRA -D,P163,Sundry Debtor,Assets,null,SHOP NO-G-14,TRUMPH PLAZA,GROUNDFLOOR,Billwise,P163,HUL-134996D-P26316,11
L,Thakkar Medical-D-P,P164,Sundry Debtor,Assets,null,L 7 Sargam Shopping Center Parle Point Surat,L 7 Sargam Shopping Center Parle Point Surat,L 7 Sargam Shopping Center Parle Point Surat,Billwise,P164,HUL-10A176D-P62607,1
L,Manish Medical STORE,P165,Sundry Debtor,Assets,null,12bnagarsethni Wadi,Morabhagalcharrasta,Rander,Billwise,P165,HUL-10A225D-P62434,1
L,Stockwell Pharmacy-D,P166,Sundry Debtor,Assets,null,G7cornershoppingcentre,Honeyparkroad,Adajan,Billwise,P166,HUL-10A225D-P62441,1
L,Navjivan Pharma-D-P,P167,Sundry Debtor,Assets,null,G 10 Raj Square Echhapore Hajira Road Surat,G 10 Raj Square Echhapore Hajira Road Surat,Bus Stop No.3,Billwise,P167,HUL-10A225D-P62465,1
L,N R Medical-D,P168,Sundry Debtor,Assets,null,Shop No 4 Faiz Complex  Opp Ajmeri Dairy,Gorat Road Surat,Rander,Billwise,P168,HUL-10A225D-P62470,1
L,MAANAV MEDICAL-D-D-D-D-P-D-D-D,P169,Sundry Debtor,Assets,null,G-8/BEJAINWALA COMPLEX,TARWADI,RANDER ROAD,Billwise,P169,HUL-133539D-P8589,24220201546
L,Pramukh Pharmacy-D,P170,Sundry Debtor,Assets,null,Shop No 11 Mansard Mansarovar. Com.,Nr Maruti Medical,Amroli,Billwise,P170,HUL-10B234D-P40895,1
L,Keharshit Medicines-D,P171,Sundry Debtor,Assets,null,D 10 Shilalekh Complex,Opp Shanidev Temple,Nrpalanpur Jakatnaka,Billwise,P171,HUL-10B234D-P40944,1
L,PIYUSH MEDICAL STORES(SMART)-D-D-D-D-D-D-D,P172,Sundry Debtor,Assets,null,7PUNIT SHOP. CENTER,RANDER ROADPALANPUR PATIA,SURAT,Billwise,P172,HUL-132638D-D0908,24220100724
L,Shree Gurunanak Medical Store-D-P,P173,Sundry Debtor,Assets,shhnilesh@gmail.com,8 Umiya Nagar Bhatar Road,Surat,N,Billwise,P173,HUL-10B234D-P41018,1
L,Jay Ambe Medical Stores-D,P174,Sundry Debtor,Assets,null,G18 Jolly Square Ram Chowk,Ghoddod Road,Surat,Billwise,P174,HUL-10B234D-P41040,1
L,BALAJI MEDICAL STORE-D,P175,Sundry Debtor,Assets,null,Shop.No 12 Tirumala Complex,Nr.Bayosha Medical,Katargam Surat,Billwise,P175,HUL-10B234D-P41079,1
L,Mahadev Medical  &amp;General Store-D,P176,Sundry Debtor,Assets,null,22Raj Arcade,Palgam Circle Pal,Adajan Surat Pal,Billwise,P176,HUL-10B234D-P41133,1
L,SHRI MAA MEDICIN-D,P177,Sundry Debtor,Assets,null,PL NO 85 SHOP NO 1,GROUND FLOOR KANTESHWAR SOC 3 SINGNPORE ROAD,KATARGAM,Billwise,P177,HUL-10B234D-P41140,1
L,Sakshi  Chemist-D,P178,Sundry Debtor,Assets,null,Shop.2 Atlantis Square Opp.Fire Station Vesu,Same,Same,Billwise,P178,HUL-10B234D-P41171,1
L,NEW KANHAIYA MEDICAL-D,P179,Sundry Debtor,Assets,null,L 25 Bhagwati Ashish Complex,Nr City Light Motor,City Light,Billwise,P179,HUL-10B234D-P41185,1
L,Pavitra Medi And Genral Stor-D,P180,Sundry Debtor,Assets,null,Plot No 16 B Paras,Sosaety,Katargam,Billwise,P180,HUL-10B234D-P41192,1
L,MONARCH CHEMIST-D,P181,Sundry Debtor,Assets,prabhurammsmpr@gmail.com,G 13 Atlanta Business  Hub Vip Road,Vesu,Nr Subham Chemist,Billwise,P181,HUL-10B234D-P41199,1
L,Harkerisana Medical-D,P182,Sundry Debtor,Assets,null,Shop No  2,Sahyog Com.Near Amroli,Opp.Mansarover,Billwise,P182,HUL-10B234D-P41298,1
L,VIJAY MEDICAL STORE-D,P183,Sundry Debtor,Assets,null,OM PARK SOS OPP YANA MEDICAL,AMBA TALAVDI ROSD,KATARGAM,Billwise,P183,HUL-10B234D-P41386,1
L,Amar India Medical-D-U2NC,P184,Sundry Debtor,Assets,null,Shop 5 Riddhi Plaza Complex,Hazira Road,Kavas Patiya,Billwise,P184,HUL-10B234D-P41393,1
L,Janvi Chemisht-D,P185,Sundry Debtor,Assets,null,Shop No 1 2 Photo 473,Sahajanand Co Housing,Singanpore,Billwise,P185,HUL-10B234D-P41709,1
L,Halima Adamji Medical And Eduction Charitable,P186,Sundry Debtor,Assets,null,Shop No.4,Adjan Patiya,Halima Comlex,Billwise,P186,HUL-10B234D-P41716,1
L,Pramukh Medical-D-P,P187,Sundry Debtor,Assets,null,Nandu Dosa Ni Wadi,Near Sayona Medical,Katargam,Billwise,P187,HUL-10A225D-P62837,1
L,Shree Gopinath Medicines-D,P188,Sundry Debtor,Assets,null,1Ashanagar Soci,Nr Kalarav Children Hospital,Katanga Singapore Road,Billwise,P188,HUL-10B234D-P41814,1
L,Sayona Medical-D,P189,Sundry Debtor,Assets,null,Nandu Dosa Ni Wadi,Pramukh Medical Near,Katargam,Billwise,P189,HUL-10A225D-P62842,1
L,VIRAJ AYURVEDIK HERBAL SHOP,P190,Sundry Debtor,Assets,null,812 AAMBAWADI,AMROLI MAIN ROAD,AMROLI SURAT,Billwise,P190,HUL-10B234D-P41863,1
L,Janta Medical Market-D,P191,Sundry Debtor,Assets,null,Shiv Shakti Appartment,Vidhyakunj Circle,Palanpur Jakatnaka Road Surat,Billwise,P191,HUL-10A225D-P69544,1
L,Mahaveer Medical-D,P192,Sundry Debtor,Assets,null,G 6 Raj Mandir Plaza,Nr Money Arcade,Vesu Road Surat,Billwise,P192,HUL-10B234D-P41954,1
L,KHODAL MEDICAL-D,P193,Sundry Debtor,Assets,null,8 SHIVALIK RESI,LALITA CHOWKDI,KATARGAM,Billwise,P193,HUL-10B234D-P42010,1
L,Nilkanth Medical-D,P194,Sundry Debtor,Assets,null,13 Samrat Campus,Beside L.P Savani School,Pal Road,Billwise,P194,HUL-10A225D-P62937,1
L,METRO CHEMIST D-D,P195,Sundry Debtor,Assets,null,SHOP NO 6 SIMANAGAR 2,NEAR PRIME CO BANK,PALANPUR JAKATNAKA ROAD SURAT,Billwise,P195,HUL-134996D-P26346,9999
L,Bhavani Medical and General Stores,P196,Sundry Debtor,Assets,null,3 Krishana Park Co,Bhathena,Gaytri Medikal,Billwise,P196,HUL-10A225D-P62957,1
L,Trust Me Pharmacy-D,P197,Sundry Debtor,Assets,null,Shop No.13Shreedhar ComplexAnad Mahal  RoadGail,Gail TowerAdajan Surat,Near Sanskar Medicines,Billwise,P197,HUL-10B234D-P42290,1
L,TULSI MEDICAL-D,P198,Sundry Debtor,Assets,null,Plot No A.7 14 Joshi Mohallo Road No 0 Udhna,Polt No A.7 14 Joshi Mohallo 0 Udhna Nr Station,Nr Shiv Shakti Med,Billwise,P198,HUL-10B234D-P42297,1
L,ADITY MEDICAL&amp;PRO-D-D-D-D-D-D,P199,Sundry Debtor,Assets,null,S.N.2UMANG APP.18.PREM NAGAR,TARWADIRANDER,SURAT,Billwise,P199,HUL-133172D-P3673,24220100542
L,Hare Krishna Medical-D,P200,Sundry Debtor,Assets,null,Sumul Dairy Raod,Katargam,Surat,Billwise,P200,HUL-10A225D-P63018,1
L,DILIP MEDICAL-D,P201,Sundry Debtor,Assets,null,SINGAPORE,KATRGAM,SURAT,Billwise,P201,HUL-10B234D-P42556,1
L,Matbin Scm Opc Pvt Ltd-D,P202,Sundry Debtor,Assets,null,G 9,Western Palaza Complex,Near Bhulka Bhavan Complex,Billwise,P202,HUL-10B234D-P42598,1
L,Shree Krishna Medical Store-D,P203,Sundry Debtor,Assets,null,Block No 12 Radha Baag Society  Bapa Sitaram Chok,Same,Same,Billwise,P203,HUL-10A225D-P63058,1
L,SHREEJI DAIRY &amp; SWEET-PIPLOD-D-D-D-D,P204,Sundry Debtor,Assets,null,5-WHITE HOUSE,BH-LEKVIEW GARDEN,BS-PIPLOD JAKATNAKA,Billwise,P204,HUL-134107D-P26920,*********
L,KRISHNA MEDI.&amp;GEN.STORES-D-D-D,P205,Sundry Debtor,Assets,null,SHOP NO 01 R.D. COMPLEX .,NAVAGAM-DINDOLI  UDHANA,SURAT,Billwise,P205,HUL-133172D-P6477,UNREGISTER
L,Shyam Medical Store-D,P206,Sundry Debtor,Assets,null,Shop 3 Subhvatika Complex Near Suman Pratik Awas,Navo Mohallo,Singanpor Katargam Suart,Billwise,P206,HUL-10B234D-P42983,1
L,GALAXY CHEMIST  Ddd-D,P207,Sundry Debtor,Assets,null,G50 Shomeshwar Square,Near Milk Palace,Vesu,Billwise,P207,HUL-10B234D-P43046,1
L,MATAJI MEDICAL &amp; GENERAL STORE-D-D-D-D,P208,Sundry Debtor,Assets,null,SHOP NO-4SHRI HARI KRISHNA RESIDENCY,OPP SHWEAT HOUSE,NEW KOSAD RD,Billwise,P208,HUL-134508D-P10587,NA
L,SHREE MARUTIMEDICAL-D,P209,Sundry Debtor,Assets,null,3jankalyan Soc,Plannerpatiya,Surat,Billwise,P209,HUL-10B234D-P43646,1
L,GAYATRI BACKRY &amp; DAIRY &amp; ICE CREAM-D-D-D-D,P210,Sundry Debtor,Assets,null,SHOP NO-1. PLOT NO-1 SASWAT NAGR,NR JAKATNAKA,PIPLOD,Billwise,P210,HUL-133548D-P14588,NA
L,UMIYA PHARMACY-D,P211,Sundry Debtor,Assets,null,RAJSREE SHPPERS OPP VAISHNODAVI GEIGHTS NR ASHOK M,Canal Road Jahangirpura Surat,Jahagirpura Surat,Billwise,P211,HUL-10A225D-P63490,1
L,Riya Medical And General Stores-D,P212,Sundry Debtor,Assets,null,G 35 Raj World Nr,Canal Road Palnpur Gam,Surat,Billwise,P212,HUL-10B234D-P43674,1
L,Trust Me Pharmacy-D,P213,Sundry Debtor,Assets,null,Opp. Rilayance Mall,Anand Mahel Road.,Surat,Billwise,P213,HUL-10B234D-P43814,1
L,RAJ PHARMACY-D,P214,Sundry Debtor,Assets,null,OPP VIJAY GARMENTS,NR SUNNY TRADERS,RANDER ROAD,Billwise,P214,HUL-10A225D-P63536,1
L,SHAKTI MEDICAL-D,P215,Sundry Debtor,Assets,null,12.KARTIK NAGAR,CHPRA BHATA ROAD,AMROLI,Billwise,P215,HUL-10A225D-P63170,1
L,Verai Medical-D,P216,Sundry Debtor,Assets,null,Cozway Road,AKHANAND College,Chand Gas Godaun,Billwise,P216,HUL-10B234D-P44136,1
L,Om Gaytri Medical-D,P217,Sundry Debtor,Assets,null,Patel Nagar,Opp  Saroli Jakat Naka,Jahangirpura,Billwise,P217,HUL-10B234D-P44262,1
L,Gomshall Driay &amp;Karana-D,P218,Sundry Debtor,Assets,null,Pabhunager2,Near Apple Chemist,Katargam,Billwise,P218,HUL-10B234D-P44283,1
L,MADHURAM DAIRY-D-D-D-D-D-D,P219,Sundry Debtor,Assets,null,15 PRASIDHDHI PARK,NEAR PRAGATI NAGAR,PIPLOD JAKAT NAKA,Billwise,P219,HUL-133343D-P17935,APPLYED
L,JAY AMBE AYURVEDIC STORE-D,P220,Sundry Debtor,Assets,null,G19 Jolly Squre Nr Croma Showroom,Nr Jai Ambe Farsan,Ram CHOWK Ghod Dhod Raod Surat,Billwise,P220,HUL-10B234D-P44311,1
L,DHAIRYAM CHEMIST-D,P221,Sundry Debtor,Assets,null,Shop No.27 Prasiddhi Appartment,Piplod Jakatnaka,Piplod,Billwise,P221,HUL-10B234D-P44353,1
L,Shree Medical Stores-D,P222,Sundry Debtor,Assets,null,Dabbi Faliya Katargam,Ashram To Pepoles Road,KATARGAM MENROAD,Billwise,P222,HUL-10A225D-P63206,1
L,SHREE DOWESHWAR MEDICAL-D,P223,Sundry Debtor,Assets,null,SHOP NO. A5 GROUND FLOOR,SANDHYA VANDAN SOC.,PALANPOREJAKATNAKA,Billwise,P223,HUL-10B234D-P44374,1
L,BHARAT MEDICAL&amp;GEN. STOR-D,P224,Sundry Debtor,Assets,null,SHOP NO.4 JAY RANCHOD COMPLEX ICCHAPUR,BUS STOP 3 ICCHAPUR,OPP. MILAN TRADING,Billwise,P224,HUL-10A225D-P63706,1
L,ABHAY PHARMACY-D,P225,Sundry Debtor,Assets,null,G30 RAJ CORNER,Pal Road,Surat,Billwise,P225,HUL-10B234D-P16144,1
L,RAGHUVIR BEKARY &amp; ICE CREAM PARLOUR-D-D-D-D,P226,Sundry Debtor,Assets,null,L-28GOVINDJI PARK,ICHCHANATH,UMRAGAM,Billwise,P226,HUL-134107D-P10816,NA
L,Pooja Medical-D,P227,Sundry Debtor,Assets,null,Plot No 234,Tulwadi. Bharimata Road,Near Sahed Medical,Billwise,P227,HUL-10B234D-P44763,1
L,Sabari Medical  &amp;  General-D,P228,Sundry Debtor,Assets,null,Shop No 1sabari Nagar,Bharimata Road,Fulwadi,Billwise,P228,HUL-10B234D-P44829,1
L,RUDRA MEDICAL,P229,Sundry Debtor,Assets,null,A 1 Anandvilla Near Veersavarkar,Ugat Bhesan Road,Jahagirabad Rander Surat,Billwise,P229,HUL-10B234D-P44920,NA
L,SAGAR MEDICAL STORES-D,P230,Sundry Debtor,Assets,null,REVERVEW SOS,FULWADI PANDOL,KATHARGAM,Billwise,P230,HUL-10A225D-P63277,1
L,GURUKRUPA MEDICAL-D,P231,Sundry Debtor,Assets,null,127 TRIBHUVAN NAGAR OPP AKHAND AANAND,COLLEGE NI SAME KATARGAM Surat GUJARAT,,Billwise,P231,HUL-10B234D-P44935,NA
L,SHREE SHYAM DAIRY PRODUCTS-D,P232,Sundry Debtor,Assets,null,A6 Bhgya Ratne Heights,Nisal Arcade,Pal RTO,Billwise,P232,HUL-10B234D-P44953,NA
L,ASHOK CHEMIST AND MARKETING,P233,Sundry Debtor,Assets,null,Jayraj SoC,Ichhapor 3,Surat,Billwise,P233,HUL-10B234D-P44968,NA
L,Shree Maruti Medical-D,P234,Sundry Debtor,Assets,null,SHOP NO 2 JANKALYAN SOCIETY Near,Tekrawala School Palanpur Patiya Surat GUJARAT,,Billwise,P234,HUL-10B234D-P44976,NA
L,Hari Ram Medical-D,P235,Sundry Debtor,Assets,tejasvaddoriya1@gmail.com,Shop No 8 Raj Shopping Center Near Mitry Medical A,Same,Same,Billwise,P235,HUL-10A225D-P63329,1
L,Amardeep Medical-D,P236,Sundry Debtor,Assets,null,Ved Road,Trilok Nagar,Ved Road,Billwise,P236,HUL-10B234D-P45088,NA
L,Dhruv Medical-D,P237,Sundry Debtor,Assets,null,()+.,Same Same,Same Same,Billwise,P237,HUL-10A225D-P63334,1
L,Mahadev Medical And General Store-D-U2NC,P238,Sundry Debtor,Assets,null,Anjani Residency Opp Harsiddhi Bekari,Variyav Road Jhangirpura,Surat,Billwise,P238,HUL-10B234D-P45145,NA
L,SHREE MEDICINES AND GENERAL STORE-D,P239,Sundry Debtor,Assets,null,Shop 8 Sulabh Flate,Ugat Bheshan Road,Surat,Billwise,P239,HUL-10B234D-P45159,NA
L,Maa Gayatri Medical Store-D-P,P240,Sundry Debtor,Assets,null,Shop No3 Oppo Anjani Icon,Dr Park Road,Jhangir Pura,Billwise,P240,HUL-10B234D-P45194,NA
L,OM GAYATRI MEDICAL-D,P241,Sundry Debtor,Assets,null,A 40 Patel Nagar Soc,Nr Saroli Check Post,,Billwise,P241,HUL-10B234D-P45222,NA
L,SCOOP &amp; BAKES-D,P242,Sundry Debtor,Assets,null,SHOP NO.27,RAGU EER SEMPHONY,ALTHAN CANNL ROD,Billwise,P242,HUL-10A176D-P59297,1
L,Sanjivani Ayurvedic Store-D,P243,Sundry Debtor,Assets,null,B5 Vishal Nagar Apt Nr,Dadar Bridge Circle Adajan Road,Surat,Billwise,P243,HUL-10B234D-P45265,NA
L,AMRUT MEDICAL-D,P244,Sundry Debtor,Assets,null,Shop No. 10 Ground Floor Marvella Residency,Building A Near Coral Heights,Bhimbard Surat,Billwise,P244,HUL-10B234D-P45320,NA
L,APPLE CHEMIST &amp; DRUGGIST-D,P245,Sundry Debtor,Assets,saganch145@gmail.com,Shop No 4 G4 White Pearl,Opp Bhgya Ratna Heights,Pal,Billwise,P245,HUL-10B234D-P45327,NA
L,OM MEDICAL STORES-D-D-D-D-P,P246,Sundry Debtor,Assets,null,Shop -1-2 Bhavani Complex,Opp.Rupali Cinema,Rander Road,Billwise,P246,HUL-134107D-P10726,NA
L,HARI OM MEDICAL-D,P247,Sundry Debtor,Assets,milanghevariya@gmail.com,NEAR  SHREE KRISHNA MEDICAL,Chapara Bhatha,AMROLISURAT,Billwise,P247,HUL-10A225D-P63393,1
L,P R MEDICAL-D,P248,Sundry Debtor,Assets,null,2 GROUND FLOOR TRILOK SOC,VED ROAD KATARGAM Surat GUJARAT,,Billwise,P248,HUL-10B234D-P45377,NA
L,PRINCE NOVELTY &amp; STATIONARY-D,P249,Sundry Debtor,Assets,null,PRASIDDHI OPP,PRAGATI NAGAR PIPLOD SURAT,SHOP.NO 2,Billwise,P249,HUL-10A176D-P59574,1
L,RABBANI MEDICAL AND GENERAL STORE-D,P250,Sundry Debtor,Assets,null,BH SAI SARKAR MEDICAL MANDARWAJA,MANYA KALINIC Surat GUJARAT,,Billwise,P250,HUL-10B234D-P45394,NA
L,KHODAL MEDICAL-D,P251,Sundry Debtor,Assets,null,Ch 4 Samrth Park Sikha Tower Adajan,Gam Char Rasta Adajan Surat GUJARAT,,Billwise,P251,HUL-10B234D-P45429,NA
L,SHAKTI MEDICAL STORE-D,P252,Sundry Debtor,Assets,null,9Prarthana Residency,NEAR KHETLAJI KIRINA,AMROLISURAT,Billwise,P252,HUL-10A225D-P63399,1
L,RADHE MEDICAL STORE-D-P,P253,Sundry Debtor,Assets,null,PUSHPA NAGAR,NER MUKESH MEDICAL,BHATENA,Billwise,P253,HUL-10B234D-P45455,NA
L,SHREE KRIPA PHARMACY-D,P254,Sundry Debtor,Assets,null,G.37 Gr.Floor Corner Point City,Light RD Citylight Surat GUJARAT,,Billwise,P254,HUL-10B234D-P45469,NA
L,SHREEJI MEDICAL-D,P255,Sundry Debtor,Assets,null,5 AKRUTI RESI DARAM JIVAN CHOWK OPP MANIBAG FARM,CANCER HOSPITAL ROAD VED ROAD KATARGAM Surat GUJAR,RAT,Billwise,P255,HUL-10B234D-P45513,NA
L,SHREENATHJI MEDICAL STORE-D,P256,Sundry Debtor,Assets,null,SHARDANAGAR,MORA BHAGAL CHAR RASTA,MORA BHAGAL,Billwise,P256,HUL-10B234D-P45537,NA
L,UKTA DAIRY-D,P257,Sundry Debtor,Assets,null,Govindji Park,Govindji Park,Shop.No.L.12,Billwise,P257,HUL-10A176D-P60345,1
L,Mahalaxmi Medical-D,P258,Sundry Debtor,Assets,null,House No. 243 Ground Floor Gitanjali Street Abhwa,Near Abhwa Primary School,Near Shahchampaklal Provision Store,Billwise,P258,HUL-10B234D-P45599,NA
L,New Nilkanth Medical-D,P259,Sundry Debtor,Assets,null,Shoo No.G 46 Ground Floor Green Signature,Shopper Opp.The Legend Residency Vesu Surat GUJARA,AT,Billwise,P259,HUL-10B234D-P45607,NA
L,SPARSH PHARMACY-D,P260,Sundry Debtor,Assets,null,VIJAY LAXMI APP,NR VRUNDAVAN SOC,PALANPUR JAKATNAKA ADAJAN,Billwise,P260,HUL-10B234D-P45614,NA
L,Get Well Medico-D,P261,Sundry Debtor,Assets,null,Shivam Soc,Rander Road,Adajan,Billwise,P261,HUL-10A225D-P64558,1
L,Jeevant Medical-D,P262,Sundry Debtor,Assets,mt017638@gmail.com,NA,Anand Mahal Road,Adajan,Billwise,P262,HUL-10A225D-P64603,1
L,CITIZEN CHEMIST-D,P263,Sundry Debtor,Assets,null,DANDI ROAD,DANDI Main Road,Jahangirabad,Billwise,P263,HUL-10A225D-P64688,1
L,HAREKRISHNA MEDICAL AND GENRAL STORE-D,P264,Sundry Debtor,Assets,null,LIFELINE HOSPITAL,ZUBELAL MANDIR,RANDER ROAD,Billwise,P264,HUL-134996D-P27000,1111
L,SANSKAR MEDICINS,P265,Sundry Debtor,Assets,null,,Anand Nahal Road,Adajan,Billwise,P265,HUL-10A225D-P65168,1
L,Naturse Medical Store-D,P266,Sundry Debtor,Assets,null,NA,Anand Mahal Road,Adajan,Billwise,P266,HUL-10A225D-P65178,1
L,Keval Krupaa Bakery &amp; ICEREM-D,P267,Sundry Debtor,Assets,null,Govindji Park,Umraagaam,Shop.No. 8,Billwise,P267,HUL-10A176D-P60350,1
L,PRAMUKH CHEMIST-D,P268,Sundry Debtor,Assets,null,UGAT Road,UGAT Road,NA,Billwise,P268,HUL-10A225D-P65243,1
L,VINAYAK MEDICAL AND GENRAL STORE-D-P,P269,Sundry Debtor,Assets,null,PRIYANK APT,NEW RANDER ROAD,AJRAMAR CHOK,Billwise,P269,HUL-134996D-P27030,1111
L,Shri Aaijee Medical-D,P270,Sundry Debtor,Assets,null,Shop No 1 Karamyog Building,Jahangirpura,Surat,Billwise,P270,HUL-10A225D-P65420,1
L,Vaibhav Chemest P-D-D-D,P271,Sundry Debtor,Assets,null,Shop No -12Garden View Complex,Hony Park Road Jogani Nagar,SURAT,Billwise,P271,HUL-131916P1004,24220200626
L,SHREEJI MEDICAL STORE-D,P272,Sundry Debtor,Assets,null,ISHVARMOTI INDUSRIRIL,NER RAHMAT NAGAR,KATARGAM,Billwise,P272,HUL-10A225D-P63454,1
L,SPUR PHARMA DRUGDT AND CHEMIST-D,P273,Sundry Debtor,Assets,null,BHATENA CHARRASTA ROAD,MAN DARWAJA,BHATENA,Billwise,P273,HUL-10A225D-P66126,1
L,Kiran Medical&amp; Ganral-D,P274,Sundry Debtor,Assets,null,Shop.No.21,Leck Gardan,Ground Floor Surat,Billwise,P274,HUL-10A225D-P66540,1
L,BHAVANI MEDICAL &amp; GEN. STORES,P275,Sundry Debtor,Assets,null,SHOP 2 KRISNA NAGAR SOCITY ICHHAPUR,SHOP 2 KRISNA NAGAR SOCITY ICHHAPUR,NR. MAHADEV KIRANA STOR,Billwise,P275,HUL-10A225D-P66587,1
L,Shree Yogeshwari Medical-D,P276,Sundry Debtor,Assets,null,Ambika Kirana Ke Baju Me,Puspa Nagar,Bhatena,Billwise,P276,HUL-10A225D-P66627,1
L,Sankalp Medical Store-D,P277,Sundry Debtor,Assets,null,H1Sai Krupa App,Nr Daliya High School,Adajangam Surat,Billwise,P277,HUL-10A225D-P66824,1
L,Galaxy Pharmacy-D,P278,Sundry Debtor,Assets,null,13 Green Aarcade,Near Shaligram Complex,L P Savani Road,Billwise,P278,HUL-10A225D-P67242,1
L,BHAVANI MEDICAL STORE-D,P279,Sundry Debtor,Assets,null,10 SANTI DEEP RES,NEAR SAVRUBH POLICE CHOKI,TGB NI GALI MA PAL ROAD,Billwise,P279,HUL-10A225D-P67654,1
L,OM SAI GEETA MEDICAL-D,P280,Sundry Debtor,Assets,null,MAIN BAJAR KAWAS GAM,NR. MAHALAXMI PRO.  STOR,MAIN BAJAR KAWAS GAM,Billwise,P280,HUL-10A225D-P68030,1
L,Shyam Pharmacy-D-P,P281,Sundry Debtor,Assets,null,5 Sai Shopping,Swami Narayan Nagar Lalita Chowkdi,Katargam Surat,Billwise,P281,HUL-10A225D-P63558,1
L,MATRUKRUPA MEDICAL STORE-D,P282,Sundry Debtor,Assets,null,RAHMAT NAGAR,SANJIVANI MEDICAL KE PASS,KATARGAM PANDOL,Billwise,P282,HUL-10A225D-P63559,1
L,RAM MEDICAL AND GENERAL STORE,P283,Sundry Debtor,Assets,null,AMAN NAGAR SOCIETY,NEAR JAY GOGA TRADING BEATEN,BIHAIND JIVANJYOT SENEMA,Billwise,P283,HUL-10A225D-P68703,1
L,Sai Pratik Medical Store-D-P,P284,Sundry Debtor,Assets,null,Puspa Nagar 2,Gujrat Kirana Ke Samne,Bhatena,Billwise,P284,HUL-10A225D-P69508,1
L,Shraddha Medical Store-D,P285,Sundry Debtor,Assets,null,Shop No. 3,LN Park Community Hol Ke Samne,Bhatena,Billwise,P285,HUL-10A225D-P69513,1
L,PR MEDICAL &amp; GENERAL STORE-D-D,P286,Sundry Debtor,Assets,null,SHOP NO-3AMENA TOWERS,NEW CAUSE-WAY ROAD,GORATRANDER ROAD,Billwise,P286,HUL-134996D-P13561,---
L,MIRCLE LADIES CORNER-D,P287,Sundry Debtor,Assets,null,SHOP NO. U-2,KRISHNA COM,NR. GUJRAT GAS CIRCELOPP .KAILASH SWITE,Billwise,P287,HUL-134996D-P55107,11111
L,Shree Maruti Medical - D-D-D,P288,Sundry Debtor,Assets,null,Nr.Shreenath Jwelers,Amroli Char Rasta,-,Billwise,P288,HUL-134083D-P9750,NA
L,Om Sai Ram Medical-D-D,P289,Sundry Debtor,Assets,null,Sardar Nagar Road,CORNER PE,SURAT,Billwise,P289,HUL-131916P777,**********
L,HARSH MEDICAL &amp; GENERAL-D-D,P290,Sundry Debtor,Assets,null,MAHAVIR HIGT,NEW KOSAD ROAD,SURAT,Billwise,P290,HUL-131916P920,***************
L,SHRI JAY AMBE MED*AMROLI*-D-D-D-D-D,P291,Sundry Debtor,Assets,null,229 RAGHUVIR SOCNEW KOSAD ROAD,RAGHUVIR CHOWKDI,NA,Billwise,P291,HUL-101471D-P2936,111
L,MEDICIN POINT-D-D-D,P292,Sundry Debtor,Assets,null,OPP NAKSHTRA HEIGHT,L .P SWANI,ADAJAN,Billwise,P292,HUL-133343D-P13525,APPLIED FOR
L,Rajvi Medical &amp; GEN STORE*AMROLI*-D-D-D-D-D,P293,Sundry Debtor,Assets,null,13 PARIVAR PARKE   SAYAN ROAD AMROLI,OP-PETROL PUMP,NA,Billwise,P293,HUL-101471D-P3186,1111
L,SHIVAM MED*AMROLI****-P-D-D-D-D,P294,Sundry Debtor,Assets,null,S-4MAHAVIR SHOPPING CENTER,CHAPRABHATHA ROADAMROLI OP-TULSI RESTOURENT,,Billwise,P294,HUL-101471P-P11325,0
L,MAMTA MEDICIN &amp; CHEMIST-D-D,P295,Sundry Debtor,Assets,null,1/2DETA TELA COMLEX,NRJALARAM TEMPLE,PALANPUR JAKAT NAKA ROAD,Billwise,P295,HUL-134996D-P14925,----
L,MADHAVANAND MED STO *KATARGAM*-D-D-D,P296,Sundry Debtor,Assets,null,4/BHAVANI CHAMBERS,PEOPLES BANK CHARRATA,KATARGAM MAIN ROAD,Billwise,P296,HUL-101471D-MSA1936,24222702160
L,Swavistha Care-D,P581,Sundry Debtor,Assets,null,A 2 Shyam Enclave Vaishnodevi Rd Jhgirabad,Surat Gujarat 395005 India Surat Gujarat,,Billwise,P581,HUL-10B812D-P27027,GJ-SUR-220616
L,Bhagyalaxmi Medical &amp; General Store-D,P582,Sundry Debtor,Assets,null,Shop No 1 Kubernager 2,Nr Ramdev Chemist,Katargam,Billwise,P582,HUL-10B812D-P27034,20-220447
L,Pramukh Medical-D,P583,Sundry Debtor,Assets,null,602 Luhar Faliu Near Old Katargam Police,Station Gujarat 395004 India Surat Surat Gujarat,,Billwise,P583,HUL-10B812D-P27057,GJ-SUR-199132
L,LIFE CARE PHARMACY-D-P,P584,Sundry Debtor,Assets,null,41 Jalaram Nagar Amroli Gujarat Housing Board A,Mroli Surat Gujarat 394107 India Surat Gujarat,,Billwise,P584,HUL-10B812D-P27071,221221
L,BALAJI CHEMIST-D-P,P585,Sundry Debtor,Assets,null,6QCG+J5C Bhesan Rd Prabhudarshan Society Jahang Ir,Surat Gujarat 395005 India 05 India Surat Gujarat,,Billwise,P585,HUL-10B812D-P27085,20-221621, 21-221622
L,POOJA CHEMIST-D-P,P586,Sundry Debtor,Assets,null,5R26+P32 Azad Nagar Slums Azad Nagar Althan,Su Rat Gujarat 395017 India Surat Gujarat,,Billwise,P586,HUL-10B812D-P27102,221868
L,MONARCH MEDICO-D,P587,Sundry Debtor,Assets,null,Shop No G21 Signet Shopper Nr Shubh,Residency Vip Road Vesu Surat Surat Gujarat,,Billwise,P587,HUL-10B812D-P27126,NA
L,NEW CHOUDHARY MEDICO-D,P588,Sundry Debtor,Assets,null,6RM7+G6F Dabholi Rd Balaji Nagar Society Yogi N ag,Gujarat 395004 Indi BH SAGAR PHARMACY &amp; I G CHEMIS,,Billwise,P588,HUL-10B812D-P27143,223114
L,DHANLAXMI MEDICAL &amp;GENERAL STORE-D,P589,Sundry Debtor,Assets,null,NER HEMANT STORE Hwar Nagar Society Vishal Nagar,Surat Gujarat 3 95004 India Surat Gujarat,,Billwise,P589,HUL-10B812D-P27150,188672
L,SHYAM MEDICAL-D,P590,Sundry Debtor,Assets,null,Shop No G 26 Samarth Park Shoping Center,Amroli Char Rasta. Chhaprabhatha Road Amroli Surat,,Billwise,P590,HUL-10B812D-P27157,223080
L,Dhanlaxmi Medical And General Store-D,P591,Sundry Debtor,Assets,null,Shop No 1 Gf Plot No 12.34 Rs No 471 Near,Darbarnagar Society Opp Reliance Mart Ved Road Sur,,Billwise,P591,HUL-10B812D-P27206,GJ-SUR-188672
L,Sai Pharmacy-D,P592,Sundry Debtor,Assets,null,SHOP NO.-3 Sai Milan Residrncy Palanpur Canal Rd,Palanpur Surat Gujarat 395009 India Surat Gujarat,,Billwise,P592,HUL-10B812D-P27234,20-222374
L,Krishna Medical And General Store-D,P593,Sundry Debtor,Assets,null,Shop No 10 Blue Trio Opp,Greencity Pal Road Pal Surat Gujarat,,Billwise,P593,HUL-10B812D-P27241,GJ-SUR-223085
L,Chaudhary Pharmacy-D,P594,Sundry Debtor,Assets,null,Bhoomi Complex Bhoomi Complex Opp Ayodhya Nagri N,Adajan Vir Bha Gat Singh Marg Kedarnath Society M,,Billwise,P594,HUL-10B812D-P27290,GJ-SUR-205392
L,PM MEDICAL-D,P595,Sundry Debtor,Assets,null,SHOP NO.16 SAMARTH PARK,TULSI RESTAURANT,AMROLI SURAT,Billwise,P595,HUL-10A225D-P66268,1
L,PRAMUKH MEDICAL-D,P596,Sundry Debtor,Assets,lakkyprahaladram@gmail.com,Shop No 1 2ground Floor Revanta Square Gar Amroli,Surat Gujarat 394107 India Chaprabhatha Road Surat,,Billwise,P596,HUL-10B812D-P27388,GJ-SUR-207720
L,OM SAI  BEAUTY PARLOUR-D,P597,Sundry Debtor,Assets,null,NR BABRIK GEN STORES,MORA CHAR RASTA,MORA,Billwise,P597,HUL-133539D-P8541,0
L,MOTHER MEDICALS(UNICARE)-D-D-D-D-D-D,P598,Sundry Debtor,Assets,null,27 Govindji Park,NR IRANI STOREUMRA,SURAT,Billwise,P598,GJ39500781559,24222301190
L,Shree Randal Medical Store-D-P,P599,Sundry Debtor,Assets,null,113 Heny Arcade Dabhili BRTS Road Surat,Same,Same,Billwise,P599,HUL-10A225D-P66986,1
L,Radhe Krishna Medical-D,P600,Sundry Debtor,Assets,null,Utran Road Junu Gam,Omkar House Same,Turning Point Shoping Sentar Shop.No 7,Billwise,P600,HUL-10A225D-P67207,1
L,Janvi  Medicine-D,P601,Sundry Debtor,Assets,null,Gyan Tulsi App,Haridarsh Socity,Near Aaigi Medical,Billwise,P601,HUL-10A225D-P67277,1
L,Pramukh Bakery-D,P602,Sundry Debtor,Assets,null,3Reliance NagarNear Pramukh Medical,Shree Ram Chwok,Amroli,Billwise,P602,HUL-10B234D-P41342,1
L,MARUTINANDAN MEDICAL &amp; GENERAL STORES,P603,Sundry Debtor,Assets,null,RAMAN NAGAR SOCIETY,VED ROAD NEAR UTSAV MEDICAL &amp;DRASHTI MEDICAL,KATARGAM,Billwise,P603,HUL-10A225D-P67493,1
L,NILESH MEDICAL STORES-D-D-D-D-D-D-D,P604,Sundry Debtor,Assets,null,BESIDES VIJAY DAIRY,PALAN PUR PATIA,16PUNIT NAGAR SHOPING CENTERS,Billwise,P604,HUL-132638D-D0714,24220200134
L,Govardhan Medical &amp; Provision Store-D,P605,Sundry Debtor,Assets,null,Gujrat Gas Circule,Adajan,-,Billwise,P605,HUL-131916P1096,24220200419
L,Shaktiraj Medical-D,P606,Sundry Debtor,Assets,null,Radhika Optima,Chaprabhatha To Variyav Road Amroli,Amroli,Billwise,P606,HUL-10A225D-P67905,1
L,Manthan Medical &amp; General Stores,P607,Sundry Debtor,Assets,null,Ram Ji Nagar Ved Road,Ved Road,Katargam,Billwise,P607,HUL-10A225D-P68010,1
L,CHAMUNDA SODA AND ICE CREAM-D,P608,Sundry Debtor,Assets,null,SAHJANAND SOCIETY,HARI DARSHAN KHADO,JAY AMBE NI SAME DABHOLI,Billwise,P608,HUL-10A225D-P68511,1
L,UMANG MEDICAL-D,P609,Sundry Debtor,Assets,null,9 SURYAM RESIDENCY,HARIDARSHAN KHADA NI SAME,DABHOLI KATARGAM,Billwise,P609,HUL-10A225D-P68521,1
L,JAY SHREE CHAMUNDA DAIRY-D,P610,Sundry Debtor,Assets,null,Shop No 115 MORABHAGAL CERCAL,OLPAD ROAD,RANDER,Billwise,P610,HUL-10A225D-P68586,1
L,RAMDEV MEDICAL &amp; PRO. STORE(SMART)-D-D-D-D-D-D-D,P611,Sundry Debtor,Assets,null,B-13SHAYAM COMPLEX,VEER BHAGAT SINGH MARG,NR.AYOGHYA NAGARI,Billwise,P611,HUL-132638D-D0586,UNREGISTERED
L,VEER ICE CREEM PARLOUR-D,P612,Sundry Debtor,Assets,null,B22 MANSAROVER SHOPPING CENTER,NR MANSAROVAR CIRCAL,AMROLI,Billwise,P612,HUL-10A225D-P62811,1
L,Apple Chemist-D,P613,Sundry Debtor,Assets,null,Shop No. 1 Plot. 9,Rashmi Medical Ke Baju Me,Kuber Nagar,Billwise,P613,HUL-10A225D-P68725,1
L,Mahalaxmi Katlery-D,P614,Sundry Debtor,Assets,chatararamdewasi03@gmail.com,Shop No 2 Near Madhav Nand Ashram,Near Parash Sak Market,Kartargam,Billwise,P614,HUL-10B234D-P41450,1
L,CHAMUNDA DAIRY-D,P615,Sundry Debtor,Assets,null,SHOP 6 SHIV PUJAN SOCIETY,OLD KOSAD ROAD,AMROLI SURAT,Billwise,P615,HUL-10A225D-P68881,1
L,NAVKAR AYURVED CENTER-D,P616,Sundry Debtor,Assets,null,20- JAY AMBE SOC. MAKI POOL ROAD,NEAR SHAKTINIKETAN MANDIR,ADAJAN,Billwise,P616,HUL-134996D-P21999,*************
L,UMIYADAIRY&amp;PROVISION-D-D-D-D-D-D,P617,Sundry Debtor,Assets,null,9899JAYRAJSOC.,ICHHAPOR-3,NA,Billwise,P617,HUL-132638P8921,UNREGISTERED
L,AAI SHREE KHODIYAR WEFFERS &amp; FARSAN-D,P618,Sundry Debtor,Assets,null,SHOP NO 12 13 14 AMBREVELLY ARCADE OPP SENTOSA,HIGHTS NR UTRAN AMROLI BRIGE,UTRAN MAIN ROAD,Billwise,P618,HUL-10A225D-P69146,1
L,JAY JALARAM DAIRY-D,P619,Sundry Debtor,Assets,null,4 ANTRIKSH APPRTMENT,RANG NAGAR,AMROLI,Billwise,P619,HUL-10A225D-P69161,1
L,RICH BAKERY &amp; PRO. STORE-D-D-D-D-D-D-D,P620,Sundry Debtor,Assets,null,U-1SANGEET SARITA,NR.NAROTAM NAGAR  RANDER ROAD,NA,Billwise,P620,HUL-132638D-D0630,24220201709
L,Mahaluxmi Medical &amp;Gen Store-D,P621,Sundry Debtor,Assets,null,Shop No 1 Ground Floor,ARCHANA SOC,NEAR SMC SWMMING,Billwise,P621,HUL-10A225D-P69457,1
L,DIPAK PHARMACY-D,P622,Sundry Debtor,Assets,null,INFINITY BUSINESS HUB NR KATARIA MOTORS PALANPUR,INFINITY BUSINESS HUB KATARIA MOTORS PALANpur Main,Palan Pur Main Road Adajan Suart,Billwise,P622,HUL-10A225D-P69605,1
L,SIRVI MEDICAL STORES-D,P623,Sundry Debtor,Assets,null,Pramukh Swami Chowk Gurukul Ved Road,N.A.,N.A.,Billwise,P623,HUL-10A225D-P69655,1
L,SAHYOG MADICAL STORS-D,P624,Sundry Debtor,Assets,null,SAHYOG PARKSAYAN ROAD AMROLI,N.A.,N.A.,Billwise,P624,HUL-10A225D-P69670,1
L,AAGNA MEDICINE-D,P625,Sundry Debtor,Assets,null,3 SAINATH COM RAGHUVIR SOC AMROLI SURAT,N.A.,N.A.,Billwise,P625,HUL-10A225D-P69675,1
L,OM MEDICAL STORE    P PATIYA-D,P626,Sundry Debtor,Assets,null,12BHAVANI COMPLEX OPP RUPALI CINEMA RANDER ROAD,N.A.,N.A.,Billwise,P626,HUL-10A225D-P69705,1
L,JAY JAGDAMBA MED AND PRO STORES-D,P627,Sundry Debtor,Assets,null,139KUBER PARKOPP DHUUV TARAK,N.A.,N.A.,Billwise,P627,HUL-10A225D-P69775,1
L,MARUTI DAIRY FARM-D,P628,Sundry Debtor,Assets,null,76 GUHAM EMPIRE AASTHA NI SAME,SAI EMBRO NI PASSE,SAYAN ROAD AMROLI,Billwise,P628,HUL-10B234D-P41499,1
L,SHREE YOGESHWAR MEDICAL STORES,P629,Sundry Debtor,Assets,null,5SANDHYAVARDAN SHOP.,PALAN PUR GAM,,Billwise,P629,HUL-132638D-D0832,24220200342
L,A B S MEDCIAL GENERAL STORE-D-P,P630,Sundry Debtor,Assets,abhishekkevadiya55@gmail.com,3 Yogeswar Park Socity Rajvadi Party Plot,Char Rasta New Kosad Road Surat,N.A.,Billwise,P630,HUL-10A225D-P69865,1
L,JAY JALARAM MEDICAL-D,P631,Sundry Debtor,Assets,null,PAREKH STREET NR RANDER Randergam,N.A.,N.A.,Billwise,P631,HUL-10A225D-P69955,1
L,METRO MEDICO-D-D-D-D-D,P632,Sundry Debtor,Assets,null,32-GROUND FLOOR,MONEY ARCADE NR/HDFC BANK,VESU,Billwise,P632,HUL-134107D-P26955,**********
L,SHARDA MEDICAL GENERAL STORE-D,P633,Sundry Debtor,Assets,turakhiyaj@gmail.com,A 1 Om Nager Soc New Kosad Road Amroli Surat,N.A.,N.A.,Billwise,P633,HUL-10A225D-P69990,1
L,SUNCITY MEDICAL-D,P634,Sundry Debtor,Assets,null,Nr Jalaram Chemist Amroli,N.A.,N.A.,Billwise,P634,HUL-10A225D-P70000,1
L,GELIAMBE MEDICAL &amp; GENERAL STORES-D-P,P635,Sundry Debtor,Assets,null,202 SHOP 3 JIVANDARA APT NR,N.A.,N.A.,Billwise,P635,HUL-10A225D-P70015,1
L,SEJAL CHEMIST-D,P636,Sundry Debtor,Assets,null,SOAP NO. 10 SHIVAM COMPLEX DANDI ROAD JAHAGIR PUR,OPP. SUBHASH BAAG JAHAGIRPUR,NR.CITYJAN MEDICAL,Billwise,P636,HUL-10A225D-P70077,1
L,SHREE VINAYAK MEDICAL-D-D-D-D-D,P637,Sundry Debtor,Assets,null,G-8 GROUND FLOOR,AAGAM ARCADE,OP/HAMPTON PARK,Billwise,P637,HUL-134107D-P27161,24222303362
L,DOLPHIN MEDICINES-D-D-D-D,P638,Sundry Debtor,Assets,null,BELOW SHREE PANDAV HOSPITAL,AMROLI CHAR RASTA,AMROLI,Billwise,P638,HUL-133172D-P17439,NA
L,BHAGYALAXMI MED*AMROLI*D*-D-D-D-D,P639,Sundry Debtor,Assets,jayeshbhai231@gmail.com,8ARPAN APARTNENT,JAIN DESARAS STREETAMROLI,NA,Billwise,P639,HUL-101471D-MSA2207,111
L,ARJUN DAIRY SWEET-D,P640,Sundry Debtor,Assets,null,shop no 17GANESHPURA RECIDENCY,GUJARAT HOUSING,sayan road surat,Billwise,P640,HUL-10B234D-P41543,1
L,MONARCH PHARMACY-D,P641,Sundry Debtor,Assets,null,MONARCH COMPLEX,GAURAVPATH RAOD,PALADAJAN SURAT,Billwise,P641,HUL-10B234D-P16139,1
L,Aaiji Cemist-D,P642,Sundry Debtor,Assets,prakashchand64376@gmail.com,12 Balaji Nagar,Near Smvw Tempal,Daboli Road,Billwise,P642,HUL-10B234D-P16175,1
L,SHREE BAJRANG DAIRY-D,P643,Sundry Debtor,Assets,null,A-2SAROJ PARK APP,OPP-GEL TAWER,ANAND MAHAL ROAD,Billwise,P643,HUL-134996D-P23311,---
L,SHRADDHA BEAUTY COLLECTION-D_U2NC-D-D-D-D,P644,Sundry Debtor,Assets,null,4-116/AB VRUNDAVAN SOC,OP/KHODIYAR MEDICAL,SURAT,Billwise,P644,HUL-133173P988,24220203862
L,Shreenath Ji Farsan And Bakery-D,P645,Sundry Debtor,Assets,null,Shop 7 Danjigheva Complex,Paras Bazar,Katargam,Billwise,P645,HUL-10B234D-P16230,1
L,SONAL MEDICAL-D,P646,Sundry Debtor,Assets,null,NARMADA NAGAR GANESH PURA,AMROLI SAYAN ROAD,AMROLI,Billwise,P646,HUL-134996D-P21509,***********
L,SAMARPAN MEDICAL,P647,Sundry Debtor,Assets,null,L-4-MANGAL DEEP COMPLEX,NR PALANPUR J.N,PALANPUR,Billwise,P647,HUL-134996D-P23646,-----
L,GURUKRUPA MEDICAL STORE D-D,P648,Sundry Debtor,Assets,null,SHOP NO 4.5 LAXMI TIMBORS OPP RUSHIKESH RESIDENICY,CHAPRABHATHA ROAD AMROLI,VARCHA,Billwise,P648,HUL-134996D-P25675,00000
L,JAY MEDICAL-D,P649,Sundry Debtor,Assets,null,SULTANABAD,DUMAS,SURAT,Billwise,P649,HUL-134996D-P24443,---
L,UNNATI MEDICAL STORE-D,P650,Sundry Debtor,Assets,null,G+-10SMEET RESIDENCY,OPP-L.G.SHOW ROOM,CROSS ROAD,Billwise,P650,HUL-134996D-P26186,11
L,SUMUL PARLARE-D,P651,Sundry Debtor,Assets,null,Shop-9 Tirth Raj Appartment,Nr. Bhumi Complex,Honey Park Road,Billwise,P651,HUL-10B234D-P41567,NA
L,UMRAOS CAKES AND BAKES-D,P652,Sundry Debtor,Assets,null,G-1 SOLITARE BUSNIESS PLAZA,PALANPUR CANAL ROAD,SURAT,Billwise,P652,HUL-134996D-P26286,111111111
L,NAVKAR MEDICAL-D,P653,Sundry Debtor,Assets,null,SIMANDARH COMPLEX NEAR RUPAM MEDICAL,PAL ROAD,SURAT,Billwise,P653,HUL-134996D-P23546,************
L,Bherunath Masala-D,P654,Sundry Debtor,Assets,null,Magdalla Bus Stop Ni Same,Bh Savariya Super,Surat,Billwise,P654,HUL-10B234D-P41590,1
L,SAI MEDICAL &amp; PROVISION STORE-D-D,P655,Sundry Debtor,Assets,null,SHOP NO-15-16KATHIYAWADI CHAL,CHHAPRA BHATHA,AMROLI,Billwise,P655,HUL-134996D-P14168,------
L,RIYA CEMIST-D,P656,Sundry Debtor,Assets,null,11 PRAMUKH RESIDENCY,DABHOLI VED ROAD,N(NEAR) CENCER HOSPITAL,Billwise,P656,HUL-134996D-P54972,11
L,MAYANK MEDICAL STORE-D,P657,Sundry Debtor,Assets,null,4 RAMJI CHEMBERS,VED GURUKUL ROAD,N(NEAR) THE SARVODAY BANK,Billwise,P657,HUL-134996D-P54982,111
L,PRINCE CHEMIST &amp; GENERAL STORES-D-D-D-D-D-D,P658,Sundry Debtor,Assets,null,AAGAM SOPP. WORLD,NEAR VESU KENAL,VESU,Billwise,P658,HUL-133172D-P14687,UNREGISTER
L,MADHAV MEDICAL AND GENERAL STORE-D,P659,Sundry Debtor,Assets,null,1 KESHAV PARK,VED KATARGAM ROAD,O(OPPOSITE) SHRADHDHA CLINIC,Billwise,P659,HUL-134996D-P54992,111
L,BRAMANI MEDICAL &amp; GENERAL-D-D,P660,Sundry Debtor,Assets,null,PLOT NO-37MATHURA NAGRI RO HOUSE,NRVATSLYA VILA,CHHAPRA BHATHA ROAD,Billwise,P660,HUL-134996D-P14243,---
L,DESAI MEDICINES-D,P661,Sundry Debtor,Assets,null,PATEL FADIYU,KATARGAM PATELFADYU,N(NEAR) SHRI RAJENDRA SURI GYAN MANDIR,Billwise,P661,HUL-134996D-P55007,111
L,MAHALAXMI MEDICAL GENERAL STORE-D,P662,Sundry Debtor,Assets,null,JANATA NAGAR,KATARGAMT NANIVED,B(BESIDES) GAJERA SCHOOL,Billwise,P662,HUL-134996D-P55042,111
L,KAMDHENU MEDICAL GENERAL STORE-D,P663,Sundry Debtor,Assets,ghanshyambuha@gmail.com,VAIKUNTH SOCIETY,LAXMI KANT ASHARAM ROAD,KATARGAM TO NANIVED,Billwise,P663,HUL-134996D-P55047,1111
L,RAJAHANS MEDICAL-D,P664,Sundry Debtor,Assets,null,KRISHNA RESIDENCY O(OPPOSITE)BHUMI POOJA SOCIETY,BHUMI POOJA SOCIETY  3SAHYOG CHOK,AAMBA TALAVADI,Billwise,P664,HUL-134996D-P55052,11111
L,KRISHANA MEDICAL STORE-D,P665,Sundry Debtor,Assets,kothiyabhavesh0@gmail.com,PRABHU NAGAR,VED KATARGAM ROAD,O(OPPOSITE) UDAY NAGAR 2,Billwise,P665,HUL-134996D-P55122,1111
L,REAL MEDICAL STORES,P666,Sundry Debtor,Assets,null,SHOP NO-19KATHIYAWADI CHAL,CHHAPRA BHATHA ROAD,AMROLI,Billwise,P666,HUL-134996D-P14263,----
L,SHIVAM MEDICAL &amp; GENERAL STORE-D-D,P667,Sundry Debtor,Assets,null,SHOP NO-18KATHIYAWADI CHAL,CHHAPRA BHATHA ROAD,AMROLI,Billwise,P667,HUL-134996D-P14553,-----
L,SHREE LAXMI DAIRY -D-D,P668,Sundry Debtor,Assets,null,AMROLI CHAR RASTA,CHHAPRABHATHA ROAD,SURAT,Billwise,P668,HUL-134996D-P14880,---
L,KAILASHMEDICAL&amp;PRO.STORES-D-D-D-D-D-D,P669,Sundry Debtor,Assets,null,SHOP.NO-15GREENPLAZA,OPP.L.P.SAVANISCHOOL,ADAJANSURAT,Billwise,P669,HUL-133172D-P3616,24220202029
L,P.B.BAKERY-F-D-D-D-D-D-D,P670,Sundry Debtor,Assets,null,L-3 MANGALMAY APT,NEAR PALANPUR JAKATNAKA,PALANPUR ROAD SURAT,Billwise,P670,HUL-133172D-P8415,UNREGISTER
L,KRISHNA NOVELTY AND CUTLERY-D,P671,Sundry Debtor,Assets,null,30 BHAUCHAND NAGAR,AKAR SHOPPING SENTER,MADHAV AASHRAM PASSE PARAS MARKET KATARGAM,Billwise,P671,HUL-10B234D-P41653,1
L,MEDICARE THE MEDICINE SHOP,P672,Sundry Debtor,Assets,null,U-6SHANTIVANAPPARTMENT,BISIDESNEHSANCOOLWADI,ANANDMAHELROAD,Billwise,P672,HUL-133172D-P3631,24220201378
L,SHREE GANESH DAIRY AND BAKERY-D,P673,Sundry Debtor,Assets,null,SHOP 39 SHRIJI RESIDENCY,Near Gajanand Store,Amroli,Billwise,P673,HUL-10B234D-P41674,1
L,SHREE BALAJI BACKRY &amp; SUPER MARKET-D,P674,Sundry Debtor,Assets,null,SHOP NO-5.HARI OM NAGAR SOC,NEW KOSAD ROAD,AMROLI,Billwise,P674,HUL-134996D-P25381,---
L,UTTAM MEDICAL STORE-D,P675,Sundry Debtor,Assets,null,G-10SMIT RESIDENCY,NEAR- L.G.STORE,CROSS ROAD,Billwise,P675,HUL-134996D-P25308,---
L,SHREE KRISHNA MEDICAL &amp; PROVISION-D-D-D-D,P676,Sundry Debtor,Assets,null,15AKSHAR PARK SOC,CHAPRABHATHA,AMROLI,Billwise,P676,HUL-134508D-P9385,---
L,P. R Medical Store T--D-D-D-D-D,P677,Sundry Debtor,Assets,null,SHOP-3 AMENA TOWAR,NEW CAUSE-WAY ROAD,RANDER ROAD SURAT,Billwise,P677,HUL-133172F-P3373,UNREGISTERD
L,GAYTRI MEDICAL  STORES-D-D-D-D-D,P678,Sundry Debtor,Assets,null,SHOP NO 24,MAHENDRA PARK,OLPAD ROAD,Billwise,P678,HUL-134083D-P7720,NA
L,SANGAM MEDICAL &amp; GEN. STO.(PIPLOD)-D-D-D-D-D,P679,Sundry Debtor,Assets,null,SHOP NO.8 KRUSHNA DHAM COM. PIPLOD,NR/PRAGATI NAGAR,NA,Billwise,P679,HUL-131916P2841,APP
L,SIDDHI VINAYAK MEDICAL &amp;GENERAL STORE-D-D-D-D,P680,Sundry Debtor,Assets,null,SHOP NO.8,SHANITSADAN APPT.,OPP.TEKRAWALA SCHOOL,Billwise,P680,HUL-133172D-P8447,UNREGISTER
L,Gayatri Pharmacy-D-P,P681,Sundry Debtor,Assets,null,The Galleria Shopping,Nr.Sanjeevkumar Auditorium,Opp.New RtoPal,Billwise,P681,HUL-10B234D-P18390,1
L,DIVYAMEDICAL(SMART)-D-D-D-D-D-D,P682,Sundry Debtor,Assets,null,103SHIVSHAKTIAPP.OPP.GHODDODROAD,NA,NA,Billwise,P682,HUL-132638D-D0230,24220301154
L,mamta medical and gen store,P683,Sundry Debtor,Assets,null,6,Raj Orion ambika nagar,palanpor jakat naka canal road,Billwise,P683,HUL-10B234D-P18407,1
L,SHREE BALAJI MEDICAL &amp; GENRAL STORE-D,P684,Sundry Debtor,Assets,chaudharyyogesh250@gmail.com,G-7RAJHANSH PLATINAM,TP-8NR-L.P.SAVANI SCHOOL,PALANPUR GAM,Billwise,P684,HUL-134996D-P24203,---
L,VRUNDAWAN CUTLERY-D,P685,Sundry Debtor,Assets,null,KUBER NAGER 1,KATARGAM,SURAT,Billwise,P685,HUL-10B234D-P18412,1
L,Ramdev Medical&amp; General-D,P686,Sundry Debtor,Assets,null,Shop No 8,Vardhman Appartment,Near Navyug CollegeSurat,Billwise,P686,HUL-10B234D-P18536,1
L,BALAJI MEDICAL STORE-D-D-D-D,P687,Sundry Debtor,Assets,null,SHOP NO-38,SHIV KARTIK ANCLAVE,VESU,Billwise,P687,HUL-133172D-P20530,NA
L,PRAMUKH MEDICAL STORE-D,P688,Sundry Debtor,Assets,null,KENAL ROAD,PALANPUR JAKAT NAKA,PALANPUR GAM,Billwise,P688,HUL-134996D-P24683,*************
L,Sreeji Live Cake &amp; Bakry-D,P689,Sundry Debtor,Assets,null,Shop No 18 19,Alifanta Heights,Hari Darshano Khado Op Janvi Medi,Billwise,P689,HUL-10B234D-P41786,1
L,SUMUL DAIRY AND PALAR-D,P690,Sundry Debtor,Assets,null,Shop 12 Saithirh Residencey,Near Hardik Beckars,Palanpuur Gaam,Billwise,P690,HUL-10B234D-P18572,1
L,SHREE GHANSHYAM NAMKEEN-D,P691,Sundry Debtor,Assets,null,34.35MAHAVIR DHAM2,OPP MADHAVBAG SCHOOL,AMROLI,Billwise,P691,HUL-10B234D-P18587,1
L,Param Medical-D,P692,Sundry Debtor,Assets,null,Shop No 3,Lotarsh Reshideshi,New Kosad Rod Niyar Rajdip Kirana,Billwise,P692,HUL-10B234D-P18662,1
L,Patel Dairy-D,P693,Sundry Debtor,Assets,null,C Z PATEL PARK SOC,CHHAPRA BHATHA ROAD,AMROLI,Billwise,P693,HUL-10B234D-P18690,1
L,SHIVAM MEDICAL &amp; GEN-D-D-D-D-D-D,P694,Sundry Debtor,Assets,null,NEAR SOMESHWAR.,NEAR SOMESHWARI GATE,UDHNA MAGDALLA ROAD,Billwise,P694,HUL-132638D-P2204,24222303397
L,RAJ MEDICAL STORES-D-D-D-D,P695,Sundry Debtor,Assets,null,NARAYAN PARK SOC,BUS STOP,ICHHAPORE MAIN ROAD,Billwise,P695,HUL-134083D-P9523,NA
L,Vinay Medical-D,P696,Sundry Debtor,Assets,null,KawasGam,Near Maruti  Tredin,Mainrod,Billwise,P696,HUL-10B234D-P18718,1
L,SHREE NAND CHAMIST-D-D-D-D-D,P697,Sundry Debtor,Assets,null,SHOP NO.32,RUCH SHOPING CENTER,KAWAS,Billwise,P697,HUL-134083D-P9800,NA
L,VAIBHAV CHEMIST-D-D-D-D-D,P698,Sundry Debtor,Assets,null,SHOP NO-16 PARTH SHOPING CENTER,ASHIRWAD RESIDENCY,NEW CITI LIGHT RD. BESIDE NEW UMIYA TRADING,Billwise,P698,HUL-133172D-P3380,UNREGISTERED
L,SUBH LAXMI DAIRY-D,P699,Sundry Debtor,Assets,null,VAISNAV DEVI,HIGHTS JAHAGIR PURA,SURAT,Billwise,P699,HUL-10B234D-P18841,1
L,PRAGLBH MEDICAL-D,P700,Sundry Debtor,Assets,null,Shop 752 Krushna Nagar Soc,Near Shobha Ashish Store,Amroli,Billwise,P700,HUL-10B234D-P18854,1
L,Shree Ganesh Medical Store-D,P701,Sundry Debtor,Assets,sriram.patel121@gmail.com,56 Ranglaxmi Soc,Sahyog Medical Ni Gali Ma,Amroli,Billwise,P701,HUL-10B234D-P18869,1
L,KRISHNA MEDICAL&amp;GENERAL STORES-D-D-D-D-D,P702,Sundry Debtor,Assets,null,SHOP-4 NEAR HAPPY HOME COMPLEX,NEAR PATEL BROTHERS,NEW CITILIGHT,Billwise,P702,HUL-133172D-P3391,UNREGISTERED
L,Om Medicine-D,P703,Sundry Debtor,Assets,null,G16 Sunrise Residency,Utran Mota,Varachhaa,Billwise,P703,HUL-10B234D-P18874,1
L,AISHA MEDICAL&amp;PRO STORE-D-D-D-D-D-D,P704,Sundry Debtor,Assets,null,SHOP NO.3,ALIF COMPLEX,RANDER ROAD,Billwise,P704,HUL-133172D-P15794,NA
L,Bharat Medical General Store-D,P705,Sundry Debtor,Assets,null,314 Sai Milan Residenncy,314 Sai Milan Residency,Canal Road Kanpur Game Surat,Billwise,P705,HUL-10B234D-P18998,1
L,APNAMEDICAL&amp;GENERAL-D-D-D-D-D,P706,Sundry Debtor,Assets,null,SHOPNOA-4,PRAGATIPARKSOC.,NRVINAYAKSUPERSHOPPY,Billwise,P706,HUL-131916P1271,UN RAGISTERD
L,Shree Krishna Medical-D,P707,Sundry Debtor,Assets,null,Shop No 4,Ground Floor Business Rair,Nr Katareswar Temple,Billwise,P707,HUL-10B234D-P19008,1
L,Flavourybakers-D,P708,Sundry Debtor,Assets,null,1112 Smeet Residency,Cross Road,Amroli,Billwise,P708,HUL-10B234D-P19093,1
L,Shree Maruti Medical-D,P709,Sundry Debtor,Assets,jaydeepkutana43@gmail.com,Shope1 Harikrushna,Complex Bhagat Nagar Road,Katargaam Surat,Billwise,P709,HUL-10B234D-P19119,1
L,MAHAVEERMEDICALESTORES(UNICARE)-D-D-D-D-D,P710,Sundry Debtor,Assets,hardikshah776@gmail.com,B-11 DHRUV SHOPPING CENTER,SWEET HOME PARK,CITY LIGHT AREA,Billwise,P710,GJ39500781553,UNREGISTERED
L,Jaliyan Medical &amp; Provision-D-D-D-D-D,P711,Sundry Debtor,Assets,null,Shop No. 14,Classic Point Appt.,Anand Mahal Road,Billwise,P711,HUL-134083D-P11646,NA
L,DIP PHARMACY-D,P712,Sundry Debtor,Assets,null,7.SHIV PARK NR.Kirisna Enter Price Anand Mahalroad,NR Krishna Enter Prise Anand Mahal Road SURAT Adan,7 SHIV PARK ANAND MAHAL ROAD SURAT NR KRISHNA KI,Billwise,P712,HUL-10B234D-P19194,1
L,Kanaiya Namkeen Bakery-D,P713,Sundry Debtor,Assets,null,No 6 Amar Deep Complax,Laxmiplaza Near,Chaprabhata Road,Billwise,P713,HUL-10B234D-P19219,1
L,Dwarkesh Medical-D,P714,Sundry Debtor,Assets,null,Balaji Complex Near People Char Rasta Katargam Sur,Same,Same,Billwise,P714,HUL-10B234D-P19224,1
L,JAYAMBECHEMIST-D-D-D-D-D,P715,Sundry Debtor,Assets,null,S.N.2SentPark,CityLightOpp.AshokPan,Surat,Billwise,P715,HUL-133172D-P3739,UNREGISTERED
L,Ambica Cutlary-D,P716,Sundry Debtor,Assets,null,Uday Nagar Near Aarti Sabu Katargam Surat,Same,Same,Billwise,P716,HUL-10B234D-P19229,1
L,Shreenathji Dairy-D,P717,Sundry Debtor,Assets,null,G-43 Western City Complex,Opp. Nayara Petrol Pump,Lp Savani School,Billwise,P717,HUL-10B234D-P41849,NA
L,Patel Namkin-D,P718,Sundry Debtor,Assets,null,Shop 26 Mahendra Park,Anmol Bakery Near,Jahgirpura Circles,Billwise,P718,HUL-10B234D-P19264,1
L,Saraswati Bag-D,P719,Sundry Debtor,Assets,null,Opp.Jain Derasar Main Road,Amroli,Surat,Billwise,P719,HUL-10B234D-P19269,1
L,Sharthi Medical-D,P720,Sundry Debtor,Assets,null,Plot No 20.Satadhar Society,Opp.Kailash Row House,New Load Road. Amroli,Billwise,P720,HUL-10B234D-P19274,1
L,Tulsi Backry-D,P721,Sundry Debtor,Assets,null,Shinganpor Char Rashta,Opp Vastukala Aepartment,New Manish Cement Depot Dvarkesh Complex.,Billwise,P721,HUL-10B234D-P19279,1
L,MAHAVIR MEDICAL -P-D-D-D-D-D,P722,Sundry Debtor,Assets,null,11AGAM KRUPA COMPLEXOPP,RAJ SIDHI APR,VESU,Billwise,P722,HUL-133172D-P7129,UNREGISTER
L,LAXMI DAIRY AND SWEET-D,P723,Sundry Debtor,Assets,null,G 12 SPARANZA BUSINESS HUB,NR RAJ VICTORYA,PAL GAM ADAJAN,Billwise,P723,HUL-10B234D-P19339,1
L,Sir Siryadavi Dari Parlar-D,P724,Sundry Debtor,Assets,null,Bahuchar Nagar,Hariommil Ka Samna,Vad Rod,Billwise,P724,HUL-10B234D-P41856,1
L,NILKANTH MEDICAL STORE-D-D-D-D-D-D,P725,Sundry Debtor,Assets,null,SHOP NO-5 PUJAABHISHEK APPT,OPP RELIENCE MARKET,VESU,Billwise,P725,HUL-131916P330,APPLIED FOR
L,New Saurastra Bakery-D,P726,Sundry Debtor,Assets,null,Shop No.3 Maruti Appartment 1 Ambica Nagar  Road,Same,Same,Billwise,P726,HUL-10B234D-P19414,1
L,Jaybut Bhawani Medical-D,P727,Sundry Debtor,Assets,null,Shop No.10,Dm Flats,Nr Dhanmora Char Rasta,Billwise,P727,HUL-10B234D-P19469,1
L,PETAL DARY-D,P728,Sundry Debtor,Assets,null,SOP N 10 TERUPITAPP MANT,CHAPARA BHATA ROD,AMROLI,Billwise,P728,HUL-10B234D-P19484,1
L,Jalasai Scoop &amp;Bakery-D,P729,Sundry Debtor,Assets,patelnailesh49@gmail.com,Vakhariya Vadi Sahjanad  Estet Nanived Katargam,Same,Same,Billwise,P729,HUL-10B234D-P19549,1
L,Ramdev Medical-D,P730,Sundry Debtor,Assets,null,Shop No 3 V Plaza Near Gajera School,Same,Same,Billwise,P730,HUL-10B234D-P19559,1
L,DEV MEDICAL STORES T-P-D-D-D-D,P731,Sundry Debtor,Assets,null,123 NUTUN ROW HOUSE B/H,VIDHYA KUNJ SCHOOL,PAL ROAD SURAT,Billwise,P731,HUL-134083D-P11128,NA
L,New Kanaiya Dairy &amp; Pro. Store-D,P732,Sundry Debtor,Assets,null,2 Shaswat App.Haribhaivaghji Ni Khadki Katargam,Same,Same,Billwise,P732,HUL-10B234D-P19579,1
L,Shree Mahalaxmi Dairy-D,P733,Sundry Debtor,Assets,null,2 Asopalav App.Patelfaliu Katargam,Same,Same,Billwise,P733,HUL-10B234D-P19589,1
L,Krishna Bakery &amp; Sweets-D,P734,Sundry Debtor,Assets,null,#%&amp;*()+.,Same,Same,Billwise,P734,HUL-10B234D-P19594,1
L,RAVI MEDICAL &amp; GEN STORE(UNICARE)-D-D-D-D-D-D,P735,Sundry Debtor,Assets,null,U-3MALHAR COMPLEXOPP NEHRU NAGAR,NR.ICCHANATH STORES,SURAT,Billwise,P735,GJ39500781570,24220301035
L,Keval Krupa Medical-D,P736,Sundry Debtor,Assets,null,245.Anandpark.Socity,Nr.Jagdamba Kirana,Ved Road,Billwise,P736,HUL-10B234D-P19659,1
L,Shree Krishna Dary-D,P737,Sundry Debtor,Assets,null,Shop No 51,Mahavir Dham,Vibhag 2 Amroli,Billwise,P737,HUL-10B234D-P41884,1
L,Riya Pharmacy-D,P738,Sundry Debtor,Assets,null,Gujrat Gru,Nirman Broad Tarwadi,Chaprabhata,Billwise,P738,HUL-10B234D-P19704,1
L,UTTAM MEDICAL&amp;GENERAL STORES(UNICARE)-D-D-D-D-D-D,P739,Sundry Debtor,Assets,null,G-26 CHANDNI CHOWK,Piplod,SURAT,Billwise,P739,GJ39500781580,24222303101
L,BHAGWATI MEDICAL AND GENERAL STORE,P740,Sundry Debtor,Assets,null,AMBIKA ROAD,KATRGAM,Pars Bazar,Billwise,P740,HUL-10B234D-P19749,1
L,Tulshi Dairy  &amp; Sweet-D,P741,Sundry Debtor,Assets,null,Sundaram Appartment,Palanpur Gam,Pal,Billwise,P741,HUL-10B234D-P19769,1
L,Vedam Dairy-D,P742,Sundry Debtor,Assets,null,Shop No 299,Ramnagar,Menroad,Billwise,P742,HUL-10B234D-P19789,1
L,BROTHER S BAKERY-D,P743,Sundry Debtor,Assets,null,G35.RAJWORLD COMPLEX PALANPUR CANAL ROAD PAL SURAT,Nr Asha Store Adajan Surat,G.35 RAJWORLD COMPLEX CANAL ROAD PAL SURAT,Billwise,P743,HUL-10B234D-P19824,1
L,Pramukhpharmacy-D,P744,Sundry Debtor,Assets,null,Shopno14,Greenatria,Nrunitedgreenhospital,Billwise,P744,HUL-10B234D-P19834,1
L,Maa Laxmi Medical-D-P-D,P745,Sundry Debtor,Assets,raghavramawat8@gmail.com,124Ayodhya Nagari,Mora Games,Mora Tekara,Billwise,P745,HUL-10B234D-P19839,1
L,MAHALAXMISUPERSTORES(SMART)-D-D-D-D-D-D-D,P746,Sundry Debtor,Assets,null,9/10OPPNUTANROWHOUSE,PALGAMROADKRISHNAPARK,SURAT,Billwise,P746,HUL-132638D-D0039,24220201988
L,SHYAM BAKERY AND NAMKEEN-D,P747,Sundry Debtor,Assets,null,KANTHARIYA HANUMAN NI BAJU,NAXTR FLAT,KTARGAM,Billwise,P747,HUL-10B234D-P19909,1
L,Maa Anpurna Floar House-D,P748,Sundry Debtor,Assets,null,Shop No 3,Sidharth Complex,Near Samay Complex Adajan,Billwise,P748,HUL-10B234D-P41905,NA
L,SAGAR MEDICAL &amp; General Stores-D,P749,Sundry Debtor,Assets,null,SHOP NO A 27 NEW KOSAD ROAD,NEAR GAUTAM SELAS AGENCY,AMROLI,Billwise,P749,HUL-10B234D-P20044,1
L,gayatri Namkin &amp; bekry-D,P750,Sundry Debtor,Assets,null,g52 raj world near palnpur gam,surat,surat,Billwise,P750,HUL-10B234D-P20079,1
L,Sumal Parler Utran-D,P751,Sundry Debtor,Assets,null,Shop CD 4 Mangalm Residence,Utaran Road,Utran,Billwise,P751,HUL-10B234D-P20204,1
L,CHOUDHARY MEDICAL D-D,P752,Sundry Debtor,Assets,null,SHOP NO 1 OPP VASTU LUXUIYA,GATE NO 3 RUNDH MAGDALLA,DUMES ROAD,Billwise,P752,HUL-10A176D-P58807,000
L,Chamunda Dairy-D,P753,Sundry Debtor,Assets,null,Global City,Opp Sweet Recidency,Sayan Road,Billwise,P753,HUL-10B234D-P20244,1
L,YUMMIE TUMMIE PARLOUR-D,P754,Sundry Debtor,Assets,null,NAKSHTRA SOLITAIRE,CANAL ROAD,ADAJAN,Billwise,P754,HUL-10B234D-P20384,1
L,JAY MEDECOS-D,P755,Sundry Debtor,Assets,null,VASI FADEYAL,NANI BAJAR,DUMAS,Billwise,P755,HUL-10A176D-P59353,1
L,Bhagwati Medical-D,P756,Sundry Debtor,Assets,null,#%&amp;*()+.,Same,Same,Billwise,P756,HUL-10B234D-P20494,1
L,Kiran Medical-D,P757,Sundry Debtor,Assets,null,Rajdeeep Complex Shop .Nno1,Ved Road Singanpor Char Rashta,Madharcare Hospital Same,Billwise,P757,HUL-10B234D-P20629,1
L,Mahavir Medico-D,P758,Sundry Debtor,Assets,null,Shp No 5,Time Square,Canal Road Vesu,Billwise,P758,HUL-10A176D-P59739,1
L,SHUBHAM MEDICAL-D,P759,Sundry Debtor,Assets,null,Q1RADHIKA POINTTADWADI,CHAPRABHATA AMROLI,SURAT,Billwise,P759,HUL-10B234D-P20809,1
L,Kriday Medical-D,P760,Sundry Debtor,Assets,null,Shop.No 4 Amardeep App.,Nr.Kamal Medical,Chhapra Bhatha Road,Billwise,P760,HUL-10B234D-P20939,1
L,PATEL DAIRY AND SWEET-D,P761,Sundry Debtor,Assets,null,SHOP S11 CLASSIC POINT APPARTMENT,MAHALAXMI  TEMPLE,AANAD MAHEL ROAD,Billwise,P761,HUL-10B234D-P20979,1
L,Om Nagneshi Novty-D,P762,Sundry Debtor,Assets,null,Paras Police Choky,Near Satguru Novelty,Katargam,Billwise,P762,HUL-10A225D-P62852,1
L,Laxmi Medical Store-D,P763,Sundry Debtor,Assets,null,Shop No 9 Laxmi Darshan Appt. Dabholi Char Rasta,Same,Same,Billwise,P763,HUL-10B234D-P21014,1
L,Syam Medical-D,P764,Sundry Debtor,Assets,rahulgohil400@gmail.com,11 Apple Sqer,Dabholi,Katargam,Billwise,P764,HUL-10B234D-P21029,1
L,Health Care Pharmacy Beauty Point-D,P765,Sundry Debtor,Assets,null,G 16 17 Green Signature,Shoppers  Udhna Magdalla Road,Vesu Surat,Billwise,P765,HUL-10A176D-P62605,1
L,Bansider Bakry-D,P766,Sundry Debtor,Assets,null,UDAY NAGER 2 BAJU MA.,Katrgam,Surat,Billwise,P766,HUL-10B234D-P21144,1
L,NEW METRO MEDICO-D,P767,Sundry Debtor,Assets,null,G 815 Aagam Arcade,Opp.Hampton Park Nr.Siddhi Vinayk Temple,Vesu Main Road Vesu Surat.,Billwise,P767,HUL-10A176D-P62622,1
L,Ghiriraj Icecream &amp; General Store,P768,Sundry Debtor,Assets,null,Shop No.2 Sai Darshan,Opp.Rajhansh Apple,KenalRoadPalanpurJakatnakaSurat,Billwise,P768,HUL-10B234D-P21246,1
L,Ganesh Bakery And Sweet-D,P769,Sundry Debtor,Assets,null,Shop 20,Pmb Mall Opp Radhika Point,Chaprabhata Road,Billwise,P769,HUL-10B234D-P21266,1
L,YUKTA DAIRY-D-D-D-D-D-D-D,P770,Sundry Debtor,Assets,null,L-12 GOVIND JI PARK,SHOPING COMPEX,UMRA GAAM,Billwise,P770,HUL-132967P3293,NA
L,Zamzam Ice Cream-D,P771,Sundry Debtor,Assets,null,Foolwadi Bharimata Road,Katargam Near,Saheb Medical,Billwise,P771,HUL-10B234D-P21446,1
L,SHREE BHAGVATI DAIRY-D,P772,Sundry Debtor,Assets,null,SHOP 2 UMUNA PARK,DABHOLI GAM NEAR,MANIBA SCHL,Billwise,P772,HUL-10B234D-P21566,1
L,JASHANK AMUL PARLOUR-D,P773,Sundry Debtor,Assets,null,UGAT BESAN ROAD SREEJI NAGARI,Ugat Besan Road SREEJI Nagari Adjan J.K Naka,ADAJAN SURAT,Billwise,P773,HUL-10B234D-P21661,1
L,KANAIYA DAIRY &amp; SWEET-D,P774,Sundry Debtor,Assets,null,SHOP NO6VINAYAK RESIDENCY,OPP GAJERA SCHOOL,KATARAGAM,Billwise,P774,HUL-10B234D-P21706,1
L,Jay Ambey Sweet-D,P775,Sundry Debtor,Assets,null,Napa Sai Sitaram Soc.,Kawasgam,Kawas,Billwise,P775,HUL-10B234D-P21729,1
L,PAVITRA MEDICAL AND GENERAL STORE-D-P,P776,Sundry Debtor,Assets,null,SHPO 1 GYAN TULSI,APT JANVI MEDICAL NI BAJU MA,KTARGAM DABHOLI,Billwise,P776,HUL-10B234D-P21824,1
L,PRAMUKH MEDICAL-D,P777,Sundry Debtor,Assets,null,DIMOLITION ROAD,NER AXAR MEDICAL,KATARGAM GAJARA CARCAL PHULPADA ROAD,Billwise,P777,HUL-10B234D-P21842,1
L,SHIVAM MEDICAL&amp;GENERAL  STORE-D,P778,Sundry Debtor,Assets,null,SHOP NO 33 34 GROUND,FLOOR SHIVAN AVENUE,CASUEWSAY DABHOLI,Billwise,P778,HUL-10B234D-P21937,1
L,MARUTI PHARMACY-D,P779,Sundry Debtor,Assets,null,Nr L.P Savani Circal Opp Ganesh Aalupuri Shiv Camp,Adajan SURAT Nr Ashok Medical,NR LP SAVANI CIRCLE OPP GANESH AALUPURI SHIVCAMPAS,Billwise,P779,HUL-10B234D-P21942,1
L,RAZA MEDICAL STORE-D,P780,Sundry Debtor,Assets,null,Bhatena Garib Nawaz Masjid,Bhatena Road Ni Gali,Maandarwaja,Billwise,P780,HUL-10B234D-P21969,1
L,Jaliyan Medical-D,P781,Sundry Debtor,Assets,null,Amroli,Shop.No 5 Nr.Khadi Bridge,Chhapra Bhatha,Billwise,P781,HUL-10B234D-P21989,1
L,RAJ PATEL DAIRY &amp; SWEET-D-D-D,P782,Sundry Debtor,Assets,null,28-SIMNDHAR COMPLEX,NR RUPAM MEDICAL,PAL ROAD ADAJAN,Billwise,P782,HUL-101471D-P10879,***************
L,VANDAN MEDICAL &amp; PRO*VANITA VISTARM-D-D-D,P783,Sundry Debtor,Assets,null,LG/4ORNATE HOUSE,OPPVANITA VISHRAM,SURAT,Billwise,P783,HUL-133100P110,24220700371
L,Harsh Bakery D-P-P-D-D,P784,Sundry Debtor,Assets,null,2-TRILOK NAGAR SOC.,OPP VIDHAYA KUNJ SCHOOL,NR ISHWAR SUPER STORES,Billwise,P784,HUL-133172D-P3383,00000
L,MAHADEV MEDICAL &amp; GENERAL STORE-D,P785,Sundry Debtor,Assets,null,G/8RUDRAM AVENUE,B/H.L.P.SAVANI SCHOOL,VESU,Billwise,P785,HUL-134996D-P25636,11
L,JAY AMBEY MEDICAL STORES-D,P786,Sundry Debtor,Assets,null,L-172SHANTINIKETAN SOC.,ANAND MAHAL ROADNR.SNEH SANKUL WADI,SURAT,Billwise,P786,GJ39500781549,24220200770
L,AKANKHA MEDICAL &amp; GEN STORE-D-D-D-D,P787,Sundry Debtor,Assets,null,32-AAGAM ORCHID,NR BALAJI MEDICAL,VESU,Billwise,P787,HUL-134733D-P6844,0000
L,SAIKRUPA CHEMIST,P788,Sundry Debtor,Assets,null,SHOP NO-2LIBERTY APPT ATHAVAGATE,OPP GOKULAM DAIRY,ATHAVA LINE,Billwise,P788,HUL-133172D-P20525,NA
L,KAILASH MEDICAL &amp; GENERAL STORE-D-D-D-D-D-D,P789,Sundry Debtor,Assets,null,SHOP NO-5 RUDRAM ANCLAVE,NR LP SAVANI SCHOOL VIP RD,VESU,Billwise,P789,HUL-133172D-P20625,NA
L,VARDHMAN STORE-D-D-D-D,P790,Sundry Debtor,Assets,null,UG-6SALERA SHOPPING CENTRE,NR MALLINATH STORE,GHOD DOD RD,Billwise,P790,HUL-131916P1366,APPLIED FOR
L,JOY CHEMIST -D-D-D,P791,Sundry Debtor,Assets,null,L-3 INDRAPRASTH COMPLEX,LITY LIGHT MAIN RD,PARLEPOINT,Billwise,P791,HUL-133173P964,24220300868
L,SHIVAM MEDICAL &amp; GENERAL STORE-D-D,P792,Sundry Debtor,Assets,null,SHOP NO-G-30,V.I.P.PLAZASHYAM TEMPLE,ALTHAN ROAD,Billwise,P792,HUL-134996D-P13431,----
L,SHREE SAI BAKERS-D-D,P793,Sundry Debtor,Assets,null,OPP-JAY MEDICAL,NANI BAZAR,DUMAS,Billwise,P793,HUL-134996D-P14088,---
L,SHRI SAMARTH MEDICAL STORE- D-D-D-D-D-D,P794,Sundry Debtor,Assets,null,6 SHILA TOWER,ADAJAN,NR SHUBHAM STORES,Billwise,P794,HUL-133172D-P14778,24220200402
L,LEKEVIEW MEDICAL-D-D-D-D-D-D,P795,Sundry Debtor,Assets,null,SURYANARAYAN APP.,Piplod,N.A.,Billwise,P795,HUL-133172D-P3730,UNREGISTERED
L,HARDIK BEKARS-D-D-D,P796,Sundry Debtor,Assets,null,B-1-SAI TIRTH RESIDANCY,NR AAYUSH MEDI,PALANPUR GAM RD,Billwise,P796,HUL-132967P3078,NA
L,PRACHI MEDICAL ST-D-D-D-D-D-D,P797,Sundry Debtor,Assets,null,SHOP NO-1 RSNO-78551000,OPP RADHSWAMI TEMPLE,PIPLOD GAM,Billwise,P797,HUL-132967P3596,NA
L,JAIN MED. &amp; PRO.STORE-D-D-D-D,P798,Sundry Debtor,Assets,null,NO-2-RAMESWARAM COMPLEX,CITY LIGHT,CITY LIGHT,Billwise,P798,HUL-134107D-P12026,NA
L,JAY MEDICAL-D-D,P799,Sundry Debtor,Assets,null,SURAT DUMAS ROAD,MAGDALLA,SURAT,Billwise,P799,HUL-134996D-P16462,---
L,SHIV SAI MEDICAL STORE-D-D-D-D,P800,Sundry Debtor,Assets,null,MOTI BAZAR BHIMPOR,NR AKSHAY KIRANA ST,BHIMPOR,Billwise,P800,HUL-134107D-P11891,NA
L,DASKAKA NAMKEEN-D+F-D-D,P801,Sundry Debtor,Assets,null,24/25-GREEN PLAZA COM,OPP.ASHOK MEDICAL,L.P SAWANI ROAD,Billwise,P801,HUL-133539D-P8373,24220203204
L,HONEST MEDICAL STORE D-D-D-D,P802,Sundry Debtor,Assets,null,10-11AKBARI MENSION,GAYATRI SOCIETY,ADAJAN PATIYA SURAT,Billwise,P802,HUL-133539D-P8377,0
L,SHREE SUPER STORE-D-D-D-D-D,P803,Sundry Debtor,Assets,null,10 JAI HIND SINDI SOC,OPP EXPERIMENTAL SCHOOL,NR AMBIKA NIKETAN,Billwise,P803,HUL-133343D-P16096,APPLIED FOR
L,SHREE RAM &amp; SONS-D-D-D-D,P804,Sundry Debtor,Assets,null,G-3 AKASH EMPIRIEL,NR BHIMRAD CHECK POST,ALTHAN,Billwise,P804,HUL-134107D-P10321,NA
L,Citizen Medico-D,P805,Sundry Debtor,Assets,null,Shop No 4 Rs 120a,Mora Bhagal Char Rasta,Surat,Billwise,P805,HUL-10A225D-P66257,1
L,GAYATRI BEKARY -D-D-D-D,P806,Sundry Debtor,Assets,null,Shop No-4Shikhar Complex,Opp Bhagvati SalesNr Sargam Shoping Centre,Athavaline Main Rd,Billwise,P806,HUL-132967P3587,NA
L,JAY MEDICAL STORES-D-D-D,P807,Sundry Debtor,Assets,null,3-NARMADA APPT,OP/AMBIKA NIKETAN BUS STOP,PARLE POINT,Billwise,P807,HUL-134733D-P3106,*******
L,KRUPA MEDICAL S T-P-D-D-D,P808,Sundry Debtor,Assets,null,SHOP-35 CENTAR POINT,APP.SAGAR COMPLEX,ANAND MAHAL ROAD,Billwise,P808,HUL-133539D-P8581,0
L,ASHOK CHEMIST&amp; GENRAL STORE-D,P809,Sundry Debtor,Assets,null,SHOP NO G18,SPERZA BUSINESS HUB PAL GAM ROAD,SURAT GUJARAT,Billwise,P809,HUL-10B234D-P27847,1
L,RAJHANSMEDICALS-D-D-D-D-D-D,P810,Sundry Debtor,Assets,null,U-4RAJHANSPLAZAOPPPIZAHUT,NR.ABHINANDANA.C.MARKETGHODDODROAD,NA,Billwise,P810,HUL-132638D-D0429,24220301428
L,ADITYA MEDICINE POINT-D-D-D-D-D,P811,Sundry Debtor,Assets,null,4-PRASAM APPT,Citilight Main Road,NA,Billwise,P811,HUL-132638P9099,24221705403
L,VRUNDAVANMEDICAL-D-D-D-D-D-D,P812,Sundry Debtor,Assets,null,G/4BHAGVATIASHISH-2,CITYLIGHTNR.SUNNYSTORE,SURAT,Billwise,P812,HUL-132638D-D0224,24220301196
L,GOKULAM BACKRY-D-D,P813,Sundry Debtor,Assets,null,SHOP NO-3,NRASHOK PAN,CITILIGHT,Billwise,P813,HUL-134996D-P15544,--
L,ICHHANTH MEDICAL STORES(UNICARE)-D-D-D-D-D-D,P814,Sundry Debtor,Assets,null,12SHIV SHANKAR COMPLEX,UMRA Road.Ichhanath,SURAT,Billwise,P814,HUL-132638D-D0420,24222301349
L,ILAJMEDICALSTORES-D-D-D-D-D-D,P815,Sundry Debtor,Assets,null,L-9MEGHMAYURAPPT.,ICCHANTHROAD,ICCHANTH,Billwise,P815,HUL-132638D-D0421,24220301262
L,OMMEDICALSTORES(SMART)-D-D-D-D-D-D,P816,Sundry Debtor,Assets,null,2-SYAMAPPTGODDODRD.,NR-ABNAMROBANK,NA,Billwise,P816,HUL-132638D-P1300,***********
L,CITYLIGHTMEDICAL-D-D-D-D-D,P817,Sundry Debtor,Assets,null,S.N.3NESTAVENTAPP.CITYLIGHTMAINROAD,NR.NEWGOKULAMBAKERY,,Billwise,P817,HUL-133172D-P3550,24222301274
L,ANAND MEDICAL STORES.-D-D-D-D-D,P818,Sundry Debtor,Assets,null,PARADISE APPT.,ATHWA GATE CIRCLE.,SURAT.,Billwise,P818,HUL-131916P197,UNRAGISTERD
L,AYUSH MEDICAL-D-D-D-D-D-D,P819,Sundry Debtor,Assets,null,18-19-20 SAI TIRTH RESI,OP/NAXATRA PLATINUM,NR/PALANPUR CANAL,Billwise,P819,HUL-133172D-P7165,*********
L,VISHALCHEMIST-D-D-D-D-D,P820,Sundry Debtor,Assets,null,U-5AMARKRUTIAPPNR.SARGAMSHOPPING,NA,NA,Billwise,P820,HUL-131916P2513,24220302036
L,SHIV SAI MEDICAL STORES-D-D-D-D-D-D,P821,Sundry Debtor,Assets,null,BAPUNAGAR -1,NAWA MAGDALLA,DUMAD ROAD,Billwise,P821,HUL-133172D-P8718,UNREGISTER
L,ASHOK MEDICAL &amp; GENERAL STORE-D-D-D-D-D-D,P822,Sundry Debtor,Assets,null,G-19SUKUN PLATINUM,NR SIDDHI VINAYAK TEMPLE,VESU,Billwise,P822,HUL-134107D-P26904,NA
L,BHAVANI NAMKEEN D-D-D-D-D-D-D,P823,Sundry Debtor,Assets,null,A-5 SHOP-2 GREEN AVENUE COMPLEX,BESIDE T.G.B GALI ..,OPP.. VASTU SHIIP PAL ROAD,Billwise,P823,HUL-133539D-P8605,0
L,NEW PIPLOD MEDICAL STORES-D-D-D-D-D-D-D,P824,Sundry Debtor,Assets,null,212SARASHWAT NAGAR,NR.JAKAT NAKAPIPLOD,PIPLODSURAT,Billwise,P824,HUL-133539D-P9473,0
L,BHAVANI MEDICAL &amp; GENERAL STORE-D-D-D-D-D-D,P825,Sundry Debtor,Assets,null,SHOP NO-1 SHIV RESIDENCY,NR BHIMRAD CHECK POST,BHIMRAD,Billwise,P825,HUL-133343D-P17896,0
L,CHAMUNDA DAIRY D-P-D-D,P826,Sundry Debtor,Assets,null,A/1SHIVANI PARK NEAR KRITI RAJ,ADAJAN NR SHREEJI ARCADE,SURAT,Billwise,P826,HUL-133539D-P8613,APPLIYED FOR
L,H.M.CHEMIST(ATHWALINES)-D-D-D-D-D-D,P827,Sundry Debtor,Assets,null,OPP.ANAND MEDICAL,14 MISSIEN HOSPITAL COMPLEX ATHWALINES,SURAT,Billwise,P827,HUL-132638D-D0205,24220300439
L,MEDIPOINT(SMART)-D-D-D-D-D-D,P828,Sundry Debtor,Assets,null,L-8SAJANICOMCITYLIGHTROAD,NR.ANANDSUPERSTORE,GHODDODROADPARLEPOINTSURAT,Billwise,P828,HUL-132638D-D0213,24220301194
L,OM MEDICAL GENRAL STORE T-P-D-D-D-D,P829,Sundry Debtor,Assets,null,G-29 Rajcorner,Opp- Vasupujya Tween Towar Roar,Adajan Pal .SURAT,Billwise,P829,HUL-132638D-D0645,24220101029
L,ADARSH MEDICALS-D-D-D-D-D-D,P830,Sundry Debtor,Assets,null,OPP. GOKULAM DAIRY,NR KHODIYAR GENERAL,N.A.,Billwise,P830,HUL-132638D-D0466,UNREGISTERED
L,HARE KRISHANA MEDICAL STORE T-D-P-D-D-P,P831,Sundry Debtor,Assets,null,A13/2 DIVYA KUNJ SOCIATY,NAV YUG COLLAGE RANDER,-,Billwise,P831,HUL-133343D-P10171,0
L,PRASANT BAKERY-D-D-D-D-D-D-D,P832,Sundry Debtor,Assets,null,B-11 HARI OM NAGAR,RAMNAGAR HOUSING,NEAR SHRI LAXMI TRADERS.,Billwise,P832,HUL-132967P3806,NA
L,PRAGATI MEDICAL,P833,Sundry Debtor,Assets,null,3-SAI MILAN RESIDANCY,B/H MATHURA NAGARI,PALNPURA GAM,Billwise,P833,HUL-133539D-P8417,0
L,KIRAN BAKERY-D-D-D-D-D,P834,Sundry Debtor,Assets,null,SHOP NO -2 AAGAM KUPA,NANDANI APP-,NEAR SOMESHWAR AKLAVUE,Billwise,P834,HUL-133172D-P8531,UNREGISTER
L,DHANLAXMI BAKERY &amp; PRO.-D-D-D-D-D,P835,Sundry Debtor,Assets,null,A-33 MAHAVIRNAGAR SOC. NR.CHAINA SUPER,OPP GAYATRI TEMPLE,NEW CITY LIGHT,Billwise,P835,HUL-132638D-D0176,***********
L,K.T WHOLESAL D-D,P836,Sundry Debtor,Assets,null,MOTI BAZAR,DUMASGAM,DUMASGAM,Billwise,P836,HUL-10A176D-P58812,00
L,EVERGREEN BEKERS-D-D-D,P837,Sundry Debtor,Assets,null,PALANPUR PATIYA,RANDER,ADAJAN,Billwise,P837,HUL-132967P1075,0
L,KRISHNA CHEMIST&amp; GENRAL STORE D-D,P838,Sundry Debtor,Assets,null,SHOP NO.GF/11AAGAM CROSS ROAD,A.C. MARKET.OPP STAR GALAXY,VESU ABHAVA ROAD SURAT,Billwise,P838,HUL-10A176D-P58824,000
L,Sunriese Medical STORE-D-D-D-D-D-D-D-D,P839,Sundry Debtor,Assets,null,Firdos Towar,-,-,Billwise,P839,HUL-133343D-P15934,APPLIED FOR
L,UMIYA MEDICAL PRO STO-D-D-D,P840,Sundry Debtor,Assets,null,4-HUNNY PARK APP,HUNNY PARK RD ADAJAN,SURAT,Billwise,P840,HUL-133343D-P17455,APPLYED
L,SHRI KRISHNAA MEDICAL &amp; PROVISION STORE-D,P841,Sundry Debtor,Assets,null,Tirupati Shyam Vilaa,Bhimrad Cannal Road,Shop.No.G 3,Billwise,P841,HUL-10A176D-P60063,1
L,PRINCE MEDICO,P842,Sundry Debtor,Assets,null,38-39 BHAGWAN NAGAR,UGAT RD JAHANGIRABAD,SURAT,Billwise,P842,HUL-134733D-P7092,APPLIED
L,GITA BACKERY-D,P843,Sundry Debtor,Assets,null,Moti Bazar Dummas,Moti Bazar Summas,Faliyar Gaam,Billwise,P843,HUL-10A176D-P60470,1
L,Shree Chamunda Medical And Gen.-D,P844,Sundry Debtor,Assets,null,KatargamPeople Char Rasta,Opp.Bhavani Medical,Shop No 45,Billwise,P844,HUL-10A225D-P66642,1
L,Hari Medical-D-D,P845,Sundry Debtor,Assets,null,Opp Gurukrupa Medical,L.P. Swani Road  Pal,Surat,Billwise,P845,HUL-134733D-P7027,APPLIED
L,JAYDEEP MEDICAL-D,P846,Sundry Debtor,Assets,null,Shop No G 15 Ground Floor,Unicorn Plazzo Opp Swastik Wood Appertment,Vesu,Billwise,P846,HUL-10A176D-P61359,1
L,SANGHVI MEDICAL-D-D-D-D-D-D-D-D,P847,Sundry Debtor,Assets,null,NR. GUJRAT GAS CIRCLE,NR. BRIDGE ADAJAN,ADAJAN,Billwise,P847,HUL-133343D-P12625,APPLIED FOR
L,AJMERI DAIRY-D-D-D-D-D-D-D-D,P848,Sundry Debtor,Assets,null,SHOP-1AJMERI FLATES,NEW RANDER ROAD,,Billwise,P848,HUL-133343D-P13147,APPLIED FOR
L,SHREE GHANSHYAM DAIRY AND PRO-D,P849,Sundry Debtor,Assets,null,C 70 71 SNEHSAGAR SOC,NARAYANNAGAR CHAR RASTA OPP PRAMUKH MEDICAL NI GAL,KATARGAM,Billwise,P849,HUL-10B234D-P42346,1
L,Bhrat Bakery-D,P850,Sundry Debtor,Assets,null,Khbutar Khana,Khabutar,Dumas Khbutar Khana,Billwise,P850,HUL-10A176D-P62617,1
L,ASHOK MEDICAL &amp; GEN . STORE(UNICARE)-D-D-D-D-D-D-D,P851,Sundry Debtor,Assets,null,14/15/16DRESTI COMPLEX,OPP.L.P.SAVANI SCHOOLHONEY PARK ROAD,SURAT,Billwise,P851,GJ39500781542,24220201077
L,SANGINI DRY FRUITS &amp; SPICES-D,P852,Sundry Debtor,Assets,null,G+22 GROUND FLOOR ATLANTA SHOPPERS NEAR RELIANCE,G+22 GROUND FLOOR ATLANTA SHOPPERS NEAR RELIANCE,G+22 GROUND FLOOR ATLANTA SHOPPERS NEAR RELIANCE,Billwise,P852,HUL-10A176D-P64263,1
L,JINENDRA MEDICAL-D,P853,Sundry Debtor,Assets,null,Shop No C 013 Aagam Shopping World,Ground Floor Vesu Abhava Road,Surat,Billwise,P853,HUL-10A176D-P64573,1
L,OM SAI  RAM MEDICAL-D-D-D-D-D-D,P854,Sundry Debtor,Assets,null,MORATEKRA,MORATEKRAMORATEKRA,NA,Billwise,P854,GJ39500781561,UNREGISTERED
L,KRISHANA MEDICAL STORE -T-P-D-D-D,P855,Sundry Debtor,Assets,null,NAXTRA APP.,NR .C.N.G PUMP,-,Billwise,P855,HUL-133343D-P17521,APPLYED
L,BUT BHAVANI DAIRY-D,P856,Sundry Debtor,Assets,null,5 RAJ HANS APP MADHVANAND SOC,PRAMUKH MEDICAL NI GALI,NARAYAN NAGAR CHAR RASTA KATARGAM,Billwise,P856,HUL-10B234D-P42388,1
L,BHAVANI MEDICAL &amp; GEN STORES-D-D-D-D-D-D-D,P857,Sundry Debtor,Assets,null,SHOP NO.4-5 KAILASH RESIDENCY OPPRIVER DRIVER SC,ADAJAN L.P SAVANI ROAD,SURAT,Billwise,P857,HUL-133172D-P8682,UNREGISTER
L,Laysha Medical New-P-D-D-D-D-D-D,P858,Sundry Debtor,Assets,null,G 11Raj ArcadeB/H. TGB RESTAURANT PAL,ADAJAN,SURAT,Billwise,P858,HUL-133172D-P6422,-----------
L,Raghuvir Dairy-D,P859,Sundry Debtor,Assets,null,Motibazar,Bhim Pore,Near Shiv Sai Medical,Billwise,P859,HUL-10A176D-P66954,1
L,Khushi Bakery-D,P860,Sundry Debtor,Assets,null,Shop 1 Bapu Nagar 1,Opp Shiv Sai Medical,Magldala Surat,Billwise,P860,HUL-10A176D-P67381,1
L,Khodiyar Medical -D-D-D-D-D-D,P861,Sundry Debtor,Assets,null,Shop No17Santi Kunj .Shopping,Mini Jalaram Road .Jakat Naka,Surat,Billwise,P861,HUL-132638D-D1027,UNREGISTERED
L,THE NEW PRAKASH BAKERY (PALANPUR)-F-F-D-D-D-D,P862,Sundry Debtor,Assets,null,2MANGALDEEP APP. PALANPUR JAKAT NAKA,PALANPUR-2Nr. Gurukrupa Pro,SURAT,Billwise,P862,HUL-133172F-P3364,UNREGISTERD
L,AMAR MEDICAL&amp; GENRAL  STORE-D-D-P-D-D-D,P863,Sundry Debtor,Assets,null,Shop No -A-14Green Avenue,Appt. L.P. Savani RoadAdajan,SURAT,Billwise,P863,HUL-131916P235,24220200784
L,SHIV MEDICAL AND GEN STORE-D,P864,Sundry Debtor,Assets,null,Plot 6 Nr Hanuman Temple,Vesu Gaam,Vesu,Billwise,P864,HUL-10A176D-P68674,1
L,Bablu Pan &amp; Coldink-D,P865,Sundry Debtor,Assets,null,Plot N C13,Ranshod Nagar,Gaviyar Ner Port Rod,Billwise,P865,HUL-10A176D-P68830,1
L,GURUKRUPA MEDICAL-D-D-D-D-D-D,P866,Sundry Debtor,Assets,null,S.N.-157MAHER NAGAR,NR. PRAMUKH SWAMI HOSPITL,ADJAN CHAR RASTA,Billwise,P866,HUL-133172D-P3724,24220201363
L,Pooja Medical&amp; Genral Store-D,P867,Sundry Debtor,Assets,null,Soap No. G 1 Ankur Heights Gahagirpura Surat,B R Park Road,Br Road,Billwise,P867,HUL-10A225D-P62348,1
L,ASHOK MEDICAL &amp;GENERAL STORE,P868,Sundry Debtor,Assets,null,SOAP NO. 604 ICHHAPUR,KRISHNA NAGAR ICHHAPUR,KRISHNA NAGAR ICHHAPUR,Billwise,P868,HUL-10B234D-P26312,1
L,SHREE DEV NARAYAN FAINCY STOR-D,P869,Sundry Debtor,Assets,null,KRISHNA NAGAR ICHHAPUR,BUS STOP 3 ICHHAPUR  SURAT,OPP BALA JI TRADERS,Billwise,P869,HUL-10B234D-P26375,1
L,JAY BHART MEDICAL-D,P870,Sundry Debtor,Assets,chordhrayjitu@gmail.com,NER SHAK MARKET NEAR SHREENTHJI TRADERS. PALANPUR,Palnpur Jakatnaka,Palnpur,Billwise,P870,HUL-10A225D-P62487,1
L,PARMESHWAR MEDICAL-D,P871,Sundry Debtor,Assets,null,SHANDHYA DARSAN APP,OPP BHLUKA BHAVAN SCHOOL,ADAJAN,Billwise,P871,HUL-10B234D-P26425,1
L,Rajeshree Cutlery-D,P872,Sundry Debtor,Assets,null,B 81 Kuber Nagar 1,Shreeji Park,Katargam Darwaja,Billwise,P872,HUL-10B234D-P26435,1
L,Vishal Medical-D,P873,Sundry Debtor,Assets,null,G 6  Vip High Street,Opp. Roongta Shopping Center,Vip Road  Vesu,Billwise,P873,HUL-10B234D-P26455,1
L,SWAMI SAMARTH MEDICAL,P1146,Sundry Debtor,Assets,null,39 Trilok Nagar Ved Rd Anand Park Society Sing anp,Surat Gujarat 395004 India NEAR SR MEDICAL Surat G,,Billwise,P1146,HUL-10C120P23339,214968
L,Jay Malhar Novely&amp;Beauty Collection,P1147,Sundry Debtor,Assets,null,Opp. Althan Tenament U- 34 Sankalp Shopping Cent,Re Althan Road Bhatar Althan New City Light A,Lthan Surat Gujarat 395017 India,Billwise,P1147,HUL-10C120P23346,923286865733
L,Ashapura Medical And General Store,P1148,Sundry Debtor,Assets,null,Shop 05 Ground Floor Building  Suman Sadhna,Chhaprabhatha Road Variyav,,Billwise,P1148,HUL-10C120P23356,231941
L,Keshvi Medical,P1149,Sundry Debtor,Assets,null,Shop No.1 Ground Floor Plot,No. 39 Sant Tukaram Soc 2 Palnpur Jaktnaka,Surat 395009,Billwise,P1149,HUL-10C120P23386,1
L,Shreeji Medico Run By Swarajvi Enterprise,P1150,Sundry Debtor,Assets,null,Shop No.7 Supath Enclave,Hari Om Petrol Pump L P Savani Marg,Pal Adajan,Billwise,P1150,HUL-10C120P23395,1
L,JAY SHREE KRISHNA MEDICAL STORE,P1151,Sundry Debtor,Assets,jaydipdavda5053@gmail.com,Shop No-31 Rajmahal Complex Opp,Rathna Vilas Nr Hills School,Vesu Surat Surat GUJARAT,Billwise,P1151,HUL-10C120P23404,1
L,AAIJI MEDICAL&amp; GENERAL STORES,P1152,Sundry Debtor,Assets,null,NEAR BABA SITAM MENDIR,NEAR AMIDHARA MEDICAL,OPP SITRAM MEDICAL,Billwise,P1152,HUL-10C120P23406,1
L,Om Banna Medival,P1153,Sundry Debtor,Assets,null,Plot No.70 Shop No 3,Ramhalpati Niwas,Um Rod Althan Surat,Billwise,P1153,HUL-10C120P23414,1
L,SHIV MEDICAL STORE,P1154,Sundry Debtor,Assets,heenachaudhary281@gmail.com,Shop No 4 Ground Floor Plot No,62 Gayatri Nagar Society Opp Gayatri Mandir,Dabholi Road Katargam Surat Surat GUJARAT,Billwise,P1154,HUL-10C120P23417,1
L,Ramdev Medico,P1155,Sundry Debtor,Assets,null,Shop-1 Ground Floor Plot No.,42 Dindayal Co.Op Housing Society,Palanpur Patiya Surat Surat GUJARAT,Billwise,P1155,HUL-10C120P23418,1
L,Parfect Gallery Nd Gift,P1156,Sundry Debtor,Assets,null,8Pavellion Plazza Gaurvpath Road,Palanur Gam Adajan Surat,,Billwise,P1156,HUL-10C120P23421,1
L,GANESH PHARMACY,P1157,Sundry Debtor,Assets,null,Shop No 5 Mota,Vada Near Hare Krishna,Medical Surat GUJARAT,Billwise,P1157,HUL-10C120P23423,1
L,MAMTA MEDICAL AND GENERAL STORE,P1158,Sundry Debtor,Assets,null,8 Mahendra Park,Jhagirpura Afghan Surat,Gujrat Gujrat Surat,Billwise,P1158,HUL-10C120P23424,1
L,Hari Medical &amp; General Store,P1159,Sundry Debtor,Assets,null,Shop No. 1 Ground Floor,Akhand Anand Apartment,Palanpur Gam Road Surat,Billwise,P1159,HUL-10C120P23426,1
L,Metro Medical Store,P1160,Sundry Debtor,Assets,null,Shop No C 7 Ground Floor Krushnkunj Complex,Motavarchha,,Billwise,P1160,HUL-10C120P23429,1
L,D.M Medical Store,P1161,Sundry Debtor,Assets,null,11dhanwanti Complex -2,Sumul Dairy Rd,Surat Gujarat Surat,Billwise,P1161,HUL-10C120P23430,1
L,Darshan Medical And General Store,P1162,Sundry Debtor,Assets,null,Shopno6 Chaitaliappartment,Adajangam Surat,GUJARAT,Billwise,P1162,HUL-10C120P23432,1
L,RAMDEV CHEMIST,P1163,Sundry Debtor,Assets,null,Motu Faliyu AR J,House Bhatlai Chorasi Gam,Bhtalai Gam Surat GUJARAT,Billwise,P1163,HUL-10C120P23434,1
L,SIWAN MEDICAL,P1164,Sundry Debtor,Assets,null,Batlai Road Ma Kali Shopping Center,Near Hare Krishna Medical,Mora,Billwise,P1164,HUL-10C120P23440,1
L,Monarch Medical,P1165,Sundry Debtor,Assets,null,123 Sardar Nager Nr Raj Chemist,Kosad,Amroli,Billwise,P1165,HUL-10C120P23441,1
L,NEOMED PHARMACY,P1166,Sundry Debtor,Assets,null,SHOP NO 4 VIBRANT,MALL BELOW ALLEN CLASSES,ADAJAN GAM Surat GUJARAT,Billwise,P1166,HUL-10C120P23444,1
L,NAND MEDICAL STORE,P1167,Sundry Debtor,Assets,null,329 Ground Floor,Asram Faliyu Mors,Gam Surat GUJARAT,Billwise,P1167,HUL-10C120P23449,1
L,OM MEDICAL,P1168,Sundry Debtor,Assets,null,Shop 4 Sun Star,Building Sneha Sankool Anand,Mehal Road Surat GUJARAT,Billwise,P1168,HUL-10C120P23457,1
L,PRAMUKH MEDICAL,P1169,Sundry Debtor,Assets,null,SHOP NO 47  NEAR SATYAM MEDICAL,UDAY NAGAR -2,Katargaam,Billwise,P1169,HUL-10C120P23464,1
L,Laxmi Medical And General Store,P1170,Sundry Debtor,Assets,null,Shop No 3 Plotno,26 Ambanagar Near Sosto,Circle Surat GUJARAT,Billwise,P1170,HUL-10C120P23475,1
L,Bhawani Medical,P1171,Sundry Debtor,Assets,null,Shop No 8 Subham,Heights Behind D Mart,Dandi Road Surat GUJARAT,Billwise,P1171,HUL-10C120P23480,1
L,Jay Medical,P1172,Sundry Debtor,Assets,null,Shop L-12 Lower Great Flr,Building -A,F. Plot -51 Shrinivas School Sumul Dairy Rd,Billwise,P1172,HUL-10C120P23486,1
L,Durgaa St &amp; Novelty,P1173,Sundry Debtor,Assets,null,Shop No 37,Kubernagar 2 Katargam,Surat GUJARAT,Billwise,P1173,HUL-10C120P23487,1
L,Shivaay Medical,P1174,Sundry Debtor,Assets,null,Plot No 84 GROUND FL KANTESHVAR Soc-3 SINGAPORE,KATARGAM,,Billwise,P1174,HUL-10C120P23491,1
L,SHREE CHAMUNDA CHEMIST AND GEN,P1175,Sundry Debtor,Assets,null,NEAR JAGADAMBA MEDICAL,RAMAN PARK,SMC AAVAS,Billwise,P1175,HUL-10C120P23493,1
L,SAHIL MEDICAL STORE,P1176,Sundry Debtor,Assets,null,Shop No1 Plot 46 Ground Floor United Ind.Soc,DASTIPURA Fulwadi DASTIPURA SURAT GUJARAT Surat Gu,,Billwise,P1176,HUL-10C120P23497,234246
L,Radhe Medical,P1177,Sundry Debtor,Assets,null,Shop 2 Ambikanagr Soc,2 Katargam Surat GUJARAT,,Billwise,P1177,HUL-10A747P23185,1
L,Jay Medical And General Store,P1178,Sundry Debtor,Assets,null,Shop 12 Shakti Nagar Surat,Gujarat Shakti Complex Surat Gujarat,,Billwise,P1178,HUL-134083P52655038,20-229049 21-229050
L,Dhanday Medikal  Store,P1179,Sundry Debtor,Assets,null,Bhatar Shop No.7 Azad Nagar Rd Azad Nagar Slums Ma,Azad Nagar Althan Surat Gujara T 395017 India Sura,,Billwise,P1179,HUL-10C120P23505,GJ-SUR-229681
L,Vigneshwar Medical Store,P1180,Sundry Debtor,Assets,null,G20 Muktanagar Shopping,Gujratgas Circle,Adajan,Billwise,P1180,HUL-10C120P23508,1
L,PARITA MEDICAL AND GENERAL STORE,P1181,Sundry Debtor,Assets,null,A-20 Shop No-4 Sharunagar Society Sarunagar Pi,Plod Surat Gujarat 395007 India Surat Gujarat,,Billwise,P1181,HUL-10C120P23511,GJ-SUR-233809
L,STAR CHEMIST,P1182,Sundry Debtor,Assets,starchemistadajan@gmail.com,Shop No.8 Abhilasha Appartment Opp. Mithila Nagari,Gam Surat Gujarat 395009 India Surat Gujarat,,Billwise,P1182,HUL-10C120P23515,GJ-SUR-237494
L,BHARAT MEDICAL,P1183,Sundry Debtor,Assets,null,Shop No. 205 Turning Point App. Opp. LB,Fire Station Ghod Dod Road 395007 Surat Gujarat,,Billwise,P1183,HUL-10C120P23516,GJ-SUR-236751
L,BHAGWATI MEDICAL &amp; GENERAL STORE,P1184,Sundry Debtor,Assets,null,Shop No 78 Sant Darshan Flats Opposite Elephanta,Singanpur,,Billwise,P1184,HUL-10C120P23517,1
L,VASUDED MEDICAL,P1185,Sundry Debtor,Assets,null,Shop.No.7 Ground Floor Anmol,Hights Opp.Shangila Hight Utran,Surat Surat GUJARAT,Billwise,P1185,HUL-10C120P23518,1
L,Harekrishna Medical And General Store,P1186,Sundry Debtor,Assets,null,4 Gf Capital Point Near Madhuvan,Soc Chaprabhatha Raod Amroli Surat Gujarat,,Billwise,P1186,HUL-10C120P23519,236338
L,CITIZEN MEDICO,P1187,Sundry Debtor,Assets,null,Palanpur Jakatanaka Circle,Surat Gujarat,,Billwise,P1187,HUL-10C120P23520,GJ-SUR-236520
L,Pransa Health Care Llp,P1188,Sundry Debtor,Assets,null,5 6 Gf Navkar Darshan Com Opp Vasant Vihar 1,U M Road Althan Gujarat 395007 India Surat Gujarat,,Billwise,P1188,HUL-10C120P23527,238179
L,Satyam Fancy Store,P1189,Sundry Debtor,Assets,null,Rushikesh Residency Amroli Surat Gujarat,394107 India Surat Gujarat,,Billwise,P1189,HUL-10C120P23530,JRYPS0340K
L,Chunoba Chemist And General Store,P1190,Sundry Debtor,Assets,null,345 Raja Nagar Junction Hotel,Wali Gali Bhathena Surat Gujarat,,Billwise,P1190,HUL-10C120P23531,239146
L,Shree Kheteshwar Medical Store,P1191,Sundry Debtor,Assets,shreekheteshwarmedicalstore555@gmail.com,Madhav Park Row House 10 Chatrapati Shivaji Marg A,Adajan Surat Gujarat 395009 India Anand Mahal Road,,Billwise,P1191,HUL-10C120P23532,GJ-SUR-234532
L,SHREE CHAMUNDA MEDICAL &amp;GENERAL STORE,P1192,Sundry Debtor,Assets,null,24 Haridarshan Society Singanpor Surat Gujarat 395,India OPP BHAGATI MEDICAL Surat Gujarat,,Billwise,P1192,HUL-10C120P23535,240001
L,Patel Medical,P1193,Sundry Debtor,Assets,null,Shop No G-4 Raj Mandir,Corner Nr.Vastu Luxuria Opp. Patelbasket,New Magdalla Surat GUJARAT,Billwise,P1193,HUL-10C120P23536,1
L,BHAGYA LAXMI MEDICAL,P1194,Sundry Debtor,Assets,null,Plot No 373 G Floor Opp Matrukrupa Medical Rahmat,Pandol -1 Singanpor Surat Gujarat 395004 India Sur,,Billwise,P1194,HUL-10C120P23540,240564
L,DEVRAJ CHEMIST 2,P1195,Sundry Debtor,Assets,null,Plot .No 579 SHOP NO.4.5 GROUND FLOOR .MOJE,MORA 394510 India Mora Char Rasta Hazira Gujarat,,Billwise,P1195,HUL-10C120P23545,GJ-SUR-237492
L,Stockwell Medicals,P1196,Sundry Debtor,Assets,null,A Block 2 Honey Park Area L.P Savani,Circle Surat Gujarat 395009 India Surat Gujarat,,Billwise,P1196,HUL-10C120P23547,240429
L,Janta Chemist,P1197,Sundry Debtor,Assets,null,4P99+JMQ Dumas Surat Gujarat,394550 India Dumas Gujarat,,Billwise,P1197,HUL-10C120P23549,240555
L,Elite Medico,P1198,Sundry Debtor,Assets,null,1 Gandhi Nagar Soc B/H Dhanmora Complex Sugam Soci,Adajan Patiya Surat Gujarat 395009 Ind Ia Surat Gu,,Billwise,P1198,HUL-10C120P23551,240392
L,SHREEJI MEDICO &amp; SURGICALS,P1199,Sundry Debtor,Assets,null,Hardik Park B4 Honey Park Rd Honey Park Area,A Dajan Surat Gujarat 395009 India Surat Gujarat,,Billwise,P1199,HUL-10C120P23553,240611
L,CARE MEDICAL,P1200,Sundry Debtor,Assets,caremedical1234@gmail.com,Kunti Shopping Centre Deepa Complex 12 Hazira - Ad,Krishna Nagar Soci Ety Premjinagar Society-1 Gita,,Billwise,P1200,HUL-10C120P23555,GJ-SUR-241660
L,SHREE HARI CUTLERY AND STATIONARY,P1201,Sundry Debtor,Assets,null,447 Maa Krupa Krishna Nagar Society Ichchhapor,Surat Gujarat 394510 India Surat Gujarat,,Billwise,P1201,HUL-10C120P23556,268422130300
L,ASHAPURA MEDICAL STORE,P1202,Sundry Debtor,Assets,null,Maruti Complexe Clg Road Nr Mahadev Mobile Amroli,Surat Gujarat 394107 India SURAT Surat Gujarat,,Billwise,P1202,HUL-10C120P23557,726703749557
L,KRISHNA PHARMACY,P1203,Sundry Debtor,Assets,null,Gate-3 A/12 Parsottam Nagar Althan Surat,Guja Rat 395007 India Surat Gujarat,,Billwise,P1203,HUL-10C120P23725,243913
L,SHREE HARI MEDICAL STORE,P1204,Sundry Debtor,Assets,null,Shop No. 12 Heny Arcade Dabholi Gam B.R.T.S. Stan,D Dabholi Gam Dabholi Village Surat Gujarat 39,NEAR GOPINATH MEDICAL,Billwise,P1204,HUL-10C120P23726,243972
L,HEALTHCARE CHEMIST,P1205,Sundry Debtor,Assets,null,Shop No. 2 Ground Floor Supath Enclave L. P.,Savani Road Near Nirmal Hospital Adajan Surat Sura,,Billwise,P1205,HUL-10C120P23730,GJ-SUR-242908
L,Pradhan Mantri Bhartiya Janaushadhi Kendra,P1206,Sundry Debtor,Assets,null,27 5 Square,Point Near Mv,Circle Jahangirpura Surat,Billwise,P1206,HUL-10C120P23731,1
L,WELLNESS PHARMACY BEAUTY POINT,P1207,Sundry Debtor,Assets,null,Gf01 Ground Floor Canon Street Opp.Aagam Arcade,Vesu Surat Vesu Surat Gujrat Surat Gujarat,,Billwise,P1207,HUL-10C120P23732,242300 242301
L,Dhanlaxmi Novely &amp; Gift Centre,P1208,Sundry Debtor,Assets,sharwankumarkhandap5678@gmail.com,Shantinath Complex Bhulka Bhavan Adajan Rd Adaj An,Adajan Surat Gujarat 395009 India India Surat Guja,,Billwise,P1208,HUL-10C120P23738,4242 5965 0553
L,Ramdev Camist,P1209,Sundry Debtor,Assets,rakeshkumar78782@gmail.com,19 Shop No 3 Near Madhuvan,International School Koshad Surat Gujarat,,Billwise,P1209,HUL-10C120P23740,385974777909
L,Lucky Medical And General Store,P1210,Sundry Debtor,Assets,null,Shop No 2 Ground Floor Dipmala,Society Bh Ramnagar Palanpur Surat Gujarat,,Billwise,P1210,HUL-10C120P23741,243407
L,Swarajya Pharma,P1211,Sundry Debtor,Assets,null,Shop No.18 Serenity Homes Bharimata CozwaySurat,Gujarat 395004 India Surat Gujarat,,Billwise,P1211,HUL-10C120P23742,GJ-SUR-243431
L,Maa Shacciya Novelty,P1212,Sundry Debtor,Assets,null,742 Rander Rd Ramnagar Sima Nagar Surat,Gujar At 395005 India Surat Gujarat,,Billwise,P1212,HUL-10C120P23743,DWHPP2912J
L,Umiya Dairy And General Store,P1213,Sundry Debtor,Assets,null,Krishn Nagar,Ganeshpura Amroli,Surat GUJARAT,Billwise,P1213,HUL-10C120P23745,1
L,NEW CITY MEDICALS,P1214,Sundry Debtor,Assets,null,SHOP NO. B2 GROUND FLOOR SWAYANSSIDHHI APARTMENT M,MANGALAM STORE NI BAJU MA UMRA SURAT GUJARAT,,Billwise,P1214,HUL-10C120P23748,182251
L,CURE PHARMACY,P1215,Sundry Debtor,Assets,null,UGAT ROAD NER,NAMAN MEDICAL STOR,NAHER ROAD Surat,Billwise,P1215,HUL-10C120P23752,1
L,Dev Narayan MEDICAL AND GENERAL STORE.,P1216,Sundry Debtor,Assets,null,Gr Floor Plot No 1 Vedant Ind.Park Opp Eva Embro,Kosad Gam Surat,,Billwise,P1216,HUL-10C120P23754,GJ-SUR-188670
L,Vijay Medicos,P1217,Sundry Debtor,Assets,null,16 Gf Sai Luxuria Near Shreekarvidhya Scl,Amroli Sayan Road,,Billwise,P1217,HUL-10C120P23770,GJ-SUR-241515
L,Jay Bhavani Cosmetics,P1218,Sundry Debtor,Assets,null,G31 Excelues Bussiness Space Someshwar Complex,Althan Bhimrad Road Surat Surat Gujarat,,Billwise,P1218,HUL-10C120P23776,FPZPS6572A
L,Radhe Medical Store,P1219,Sundry Debtor,Assets,null,6 Maruti Flats Near,Mahavir Nagar Society Gajera,Circle Katargam Surat Surat,Billwise,P1219,HUL-10C120P23781,1
L,Alif Bakery &amp; GENERAL STORE,P1220,Sundry Debtor,Assets,null,2 Bear Fulwari Bhari Mata Rd Fatakdawadi Indus tri,Area Singanpor Surat Gujarat 395004 Indi a Surat G,,Billwise,P1220,HUL-10C120P23787,AMWWPJ6644D
L,KRIAM PHARMACY,P1221,Sundry Debtor,Assets,null,SHOP NO. 2 GROUND FLOOR SOLARIS ATHENA Beside,DHIRAJ SONS MEGA STORE ATHWALINES SURAT. Surat Guj,,Billwise,P1221,HUL-10C120P23798,GJ-SUR-244503
L,HEALTH CARE MEDICO,P1222,Sundry Debtor,Assets,null,Shop No.G 1 Tha CENTRUM Near Croma Near,Arbuda Medi Jahangirabad Gujarat 395005 India Sura,,Billwise,P1222,HUL-10C120P23801,GJ-SUR-244926
L,Jay Medical And General Store,P1223,Sundry Debtor,Assets,null,88 Ayodhya Row House,Dabholi Road,Opposite To Shree Ram Park Katargam,Billwise,P1223,HUL-10C120P23804,1
L,ASHOKA MEDICOSE,P1224,Sundry Debtor,Assets,null,SHIP NO G7 OLIVA PRIDE OPP. ISHWAR SUPER,STORE ALTHAN BHIMRAD SURAT GUJARAT 395007 Surat Gu,,Billwise,P1224,HUL-10C120P23816,239949
L,MARIYAM MEDICAL AND GENERAL STORE,P1225,Sundry Debtor,Assets,null,Rasula Bad 255 Azad Nagar Slums Bhatar,Althan Surat Gujarat 395017 India Surat Gujarat,,Billwise,P1225,HUL-10C120P23826,GJ-SUR-236124
L,Shivam Medico,P1226,Sundry Debtor,Assets,null,Singapore Shop No 1 Dabholi Rd Nr By Om Kar Soc Ie,Society Riddhi Siddhi Society Singan Por Surat Guj,,Billwise,P1226,HUL-10C120P23831,AMHPD9031D
L,GANESH MEDICAL &amp; GEN STORE,P1227,Sundry Debtor,Assets,null,D28 Nakshatra View Canal Road Palanpur Surat,Gujarat 395009 India Surat Surat Gujarat,,Billwise,P1227,HUL-10C120P23832,167777
L,Lucky Medical And General Store,P1228,Sundry Debtor,Assets,null,13 Palanpur Rd Behind Ramnagar Deepmala Society Am,Sima Nagar Surat G Ujarat 395005 India Surat Gujar,,Billwise,P1228,HUL-10C120P23837,FCRPR6093E
L,Vijay Medicos,P1229,Sundry Debtor,Assets,null,06 Orange Residency Op Hilton,Chaprabhatha Vaiyav Surat Gujarat,,Billwise,P1229,HUL-10C120P23839,245206
L,JAY SHREE NOVELTY,P1230,Sundry Debtor,Assets,null,Shop No 20 Bhaychand,Nagar Near Chamunda Imitation,Katargam Surat GUJARAT,Billwise,P1230,HUL-10C120P23841,1
L,MANIYA NOVELTY,P1231,Sundry Debtor,Assets,null,G4 White Pearl,Pal Surat Gujarat,,Billwise,P1231,HUL-10C120P23848,KMBPK2237N
L,Krishna Collection,P1232,Sundry Debtor,Assets,null,21 Palanpur Rd Shanti Kunj Society Sima,Nagar Surat Gujarat 395005 India Surat Gujarat,,Billwise,P1232,HUL-10C120P23859,8849203322_QR_CODE
L,Krishna Collection,P1233,Sundry Debtor,Assets,null,93 Sandhyavandan Society Adajan Surat,Gujarat 395009 India Surat Gujarat,,Billwise,P1233,HUL-10C120P23860,8758025609_QR_CODE
L,J P COSMETIC &amp; NOVELTY,P1234,Sundry Debtor,Assets,null,123 Near Kuber Nagar-1 Kubernagar Katargam Sur,At Gujarat 395004 India Surat Gujarat,,Billwise,P1234,HUL-10C120P23862,ANNPN5958L
L,PATEL MEDICAL STORE,P1235,Sundry Debtor,Assets,null,Shop No.21 Sai Vila Jalaramnagar Jahangir Pura Dah,Nagar Surat Gujarat 395005 India Surat Gujarat,,Billwise,P1235,HUL-10C120P23864,175460
L,Swarg Pharmacy,P1236,Sundry Debtor,Assets,null,3 Dwarkesh Dr.House Singanpur Char Rasta Ved Rd.,Er Singanpor Surat Gujarat 395004 India Surat Guja,,Billwise,P1236,HUL-10C120P23885,245549
L,Mahadevi Medical&amp; Genral Store,P1237,Sundry Debtor,Assets,null,66/B Jahangir Pura Dahin Nagar Vanakala Surat,Gujarat 395005 India,,Billwise,P1237,HUL-10C120P23894,91808
L,Jay ShrEE Krishna Medical Store,P1238,Sundry Debtor,Assets,null,Shop No. 1 R.S No.78 85 1000 Near Lakeview Garde N,Main Road Opp. Radhakrishna Mandir Himgiri Society,,Billwise,P1238,HUL-10C120P23897,GJ-SUR-222962
L,Balaji BANGLES,P1239,Sundry Debtor,Assets,null,UG 14-15 Corner Point City Light Rd City Light,T Own Athwa Surat Gujarat 395007 India Surat Gujar,,Billwise,P1239,HUL-10C120P23905,DEFPP4325R
L,MAHADEV MEDICAL,P1240,Sundry Debtor,Assets,null,5PJ6+2P9 Kavas Limla Hazira Gujarat 394510 In,Shop No  63  Main Bazar Kawas,,Billwise,P1240,HUL-10C120P23907,8200315690_QR_CODE
L,ABHAY PHARMACY,P1241,Sundry Debtor,Assets,null,02 Road Mora Tekra GSEG Colony Mora Surat,Gujarat 394510 India Sreeram Shopping Central Sura,,Billwise,P1241,HUL-10C120P23908,9737341934_QR_CODE
L,BHAVIKA MEDICAL STORE,P1242,Sundry Debtor,Assets,null,290 Krushna Nagar  Gujarat Housing Board Amroli,394107 India,Amroli Surat,Billwise,P1242,HUL-10C120P23910,GJ-SUR-237111
L,KAMLESH DEWASI,P1243,Sundry Debtor,Assets,null,Ganesh Kripa 86 Ugat Canal Rd Sant Crystal Aven,Ue Palanpur Surat Gujarat 395009 India,NER HARE KRISHNA SUPER STORE,Billwise,P1243,HUL-10C120P23914,7862014968_QR_CODE
L,Ambaji Medical,P1244,Sundry Debtor,Assets,null,B63 Dandi Rd Jahangir Pura Dahin Nagar Surat,Gujarat 395005 India,,Billwise,P1244,HUL-10C120P23931,246119
L,M.D.S. Pharmacy,P1245,Sundry Debtor,Assets,null,A-12 Shree Chandrashekhar Azad Brg Gayatri Socie,Ty Adajan Patiya Surat Gujarat 395009 India,,Billwise,P1245,HUL-10C120P23943,GJ-SUR-229056
L,MAHALAXMY NOVELTY STORE,P1246,Sundry Debtor,Assets,null,Shop No 10 Maldeep Apartment,Dairy Faliyu,Katargam,Billwise,P1246,HUL-10C120P23944,1
L,Shree Mahakali House,P1247,Sundry Debtor,Assets,null,B83 Palanpur Rd Block B Dindayal Society Sima,Nagar Surat Gujarat 395005 India,,Billwise,P1247,HUL-10C120P23948,AEQPL1411G
L,Vaibhav Chemest,P1248,Sundry Debtor,Assets,null,Shop No: 10-11 Garden View Complex Opp. Patel Prag,Rasta Honey Park Rd Adajan Gam Adajan Surat Gujara,,Billwise,P1248,HUL-10C120P23952,SS/1307
L,KRISHNA NOVELTY &amp; IMETESION,P1249,Sundry Debtor,Assets,null,8 Kartik Nagar Shopping Center Chaprabhata Kar tik,Nagar Amroli Surat Gujarat 394107 India Surat Guja,,Billwise,P1249,HUL-10C120P23959,9909329016_QR_CODE
L,ANSH DIGIPHARMA PRIVATE LIMITED,P1250,Sundry Debtor,Assets,null,SHOP NO. 63 SOHAM ARCADE Beside STAR WORLD,GREEN CITY ROAD PAL SURAT Surat Gujarat,,Billwise,P1250,HUL-10C120P23960,245393
L,Vasudev Medical,P1251,Sundry Debtor,Assets,null,Shop No. 7,Anmol Heights Amroli,Kosad Road Surat,Billwise,P1251,HUL-10C120P23962,1
L,SHREE RAM MEDICAL AND GENERAL STORE,P1252,Sundry Debtor,Assets,null,5MF5+9CR Kuwo Dariyo Jatra Rd Mora Tekra Hazira Gu,394510 India Ner ARADHYA SUUPRA STORES Hazira MORA,,Billwise,P1252,HUL-10C120P23963,243781
L,NIRAMAY MEDICAL,P1253,Sundry Debtor,Assets,pravinborse502@gmail.com,25/26 Nandanvan Society Singanpor Surat Gujara,t 395004 India Surat Gujarat,,Billwise,P1253,HUL-10C120P23964,9574095936_QR_CODE
L,Dhanlaxmi Novelti,P1254,Sundry Debtor,Assets,null,Raj Corner Shopping Centre M-14 Pal Rd,Adajan Shop No G40 Surat Gujarat,,Billwise,P1254,HUL-10C120P23965,DDKPC2783N
L,Umang Medical,P1255,Sundry Debtor,Assets,null,C9 Haridarshan No Khado Suryam Residency Opp Te Ha,Laxminarayan Society-1 D Dabholi Surat Gujarat 395,,Billwise,P1255,HUL-10C120P23966,240306
L,Pramukh Medical,P1256,Sundry Debtor,Assets,null,Gf Shop No 4 5,Near Ayodhya Nagari Honey Park,Road Dayalji Park Building Surat,Billwise,P1256,HUL-10C120P23967,1
L,Prince Novelty &amp; Stationery,P1257,Sundry Debtor,Assets,null,11 Prasiddhi Apartment Rd Maheshwari Society Sa Ra,Society Piplod Surat Gujarat 39500 7 India Surat G,,Billwise,P1257,HUL-10C120P23971,260623134842
L,Shiv Shakti Medical And General Store,P1258,Sundry Debtor,Assets,kumar769531@gmail.com,Plot No 41 Shop No 03 Ground,Floor Devam Ambro Park Kosad Surat Gujarat,,Billwise,P1258,HUL-10C120P23979,248978
L,KAVITA MEDICAL AND GENERAL STORE,P1259,Sundry Debtor,Assets,null,2 Sant Crystal Avenue Prashant Nagar Sant Tukar Am,Part 2 Palanpur Surat Gujarat 395009 India Surat G,,Billwise,P1259,HUL-10C120P23982,246939
L,Mehul Medical &amp; Provision Store,P1260,Sundry Debtor,Assets,null,1 Opp. Dhanmora Road Magan Nagar Magar Nagar,K Atargam Surat Gujarat 395004 India Surat Gujara,,Billwise,P1260,HUL-10C120P23984,SS/436
L,ADAJAN CHEMIST,P1261,Sundry Debtor,Assets,null,T P NO 31 Shop No 2 V.N HOUSE,Adajan Gam Adajan Surat Gujarat 395009 India Surat,,Billwise,P1261,HUL-10C120P23988,NA
L,Radhe Medical,P1262,Sundry Debtor,Assets,null,429 Bhatpore Surat Gujarat,394510 India Surat Gujarat,,Billwise,P1262,HUL-10C120P23990,250558
L,Apple Chemist,P1263,Sundry Debtor,Assets,null,Oppo Tekravala School Patiya Upa Society Adajan Su,Gujarat 395009 India Oppo Tekravala School Surat G,,Billwise,P1263,HUL-10C120P23993,249318
L,BHARAT MEDICAL STORE,P1264,Sundry Debtor,Assets,null,Shop _2 Ground,Floor Jayraj Soc,Icchapore Surat GUJARAT,Billwise,P1264,HUL-10C120P23994,1
L,Welcome Medical,P1265,Sundry Debtor,Assets,null,Shoap 12 Shivkrupa Society .Opp.CR Patil Office,AMBANAGAR,Sosyo Circle Surat,Billwise,P1265,HUL-10C120P23995,1
L,VISHAL MEDICAL,P1266,Sundry Debtor,Assets,null,G10 Ground Floor Green Palledia Opp Raj,Word Palanpur Canal Road Surat Gujarat,,Billwise,P1266,HUL-10C120P23997,169638
L,Akshar Medical And General Stores,P1267,Sundry Debtor,Assets,null,Nr Dabholi Fire Station Dabholi T,Gujarat 395004 India Surat Gujarat,,Billwise,P1267,HUL-10C120P23998,251414
L,Maruti Medical,P1268,Sundry Debtor,Assets,null,Nr Patidar Samaj Ni Vadi Surat Gujarat,395004 India Ambatalavdi Katargam Surat Gujarat,,Billwise,P1268,HUL-10C120P23999,250484
L,Patidar Medical,P1269,Sundry Debtor,Assets,null,29 Adajan Rd Near BAPS Pramukh Swami Hospital A Ah,Society Adajan Gam Adajan Surat Gu Jarat 395009 In,,Billwise,P1269,HUL-10C120P24000,251041
L,OM MEDICAL AND GENERAL STORE,P1270,Sundry Debtor,Assets,null,419 Jalaram Nagar GHB Amroli Surat Suman School,Chapra Btha Road Surat Amroli Surat Gujarat,,Billwise,P1270,HUL-10C120P24001,252087
L,Rusheel Enterprises,P1271,Sundry Debtor,Assets,null,Fantom Photography F 60-61 B-Wing 3rd Floor S Hree,Gujarat G As Cir Opp. Mahan Terrace Adajan Gam Ada,,Billwise,P1271,HUL-10C120P24003,BHGPB0288P
L,SHREE MEDICO,P1272,Sundry Debtor,Assets,null,Plot No C13 Ranchod Ratna Nagar Magdalla Port,Gaviyar Surat Gujarat 395007 India Surat Gujarat,,Billwise,P1272,HUL-10C120P24004,2030/02/11
L,SHREE BRAHMANI MEDICAL,P1273,Sundry Debtor,Assets,null,SHOP NO 8 G.FLOOR PARTH COMPLEX,NR.VALINATH CHOWK SINGANPORE KATARGAM Surat Gujara,,Billwise,P1273,HUL-10C120P24005,239900
L,LAXMI MEDICO AND GENERAL STORE,P1274,Sundry Debtor,Assets,null,Shop No 3 Shiv Tawship Bhathena Aman Society,Bh Atena Surat Gujarat 395002 India Surat Gujarat,,Billwise,P1274,HUL-10C120P24010,GJ-SUR-252331
L,RAGHAV MEDI STORE,P1275,Sundry Debtor,Assets,null,TP 10 SHOP NO G7 SHIV DIGJA,BUILDING GAURAV PATH PAL SURAT Surat Gujarat,,Billwise,P1275,HUL-10C120P24015,247413
L,J D Chamist,P1276,Sundry Debtor,Assets,bhatidilip028@gmail.com,5QXM+HCP Subhash Chandra Bose Marg TGB Adajan G,Am Adajan Surat Gujarat 395009 India Surat Gujarat,,Billwise,P1276,HUL-10C120P24016,OHJPK7393Q
L,Evergreen Medical,P1277,Sundry Debtor,Assets,null,G-12 Omkar Heights,Opp. Anand Villa,Jahangirabad Surat GUJARAT,Billwise,P1277,HUL-10C120P24018,1
L,BHAIRAV MEDICAL AND GENERAL STORES,P1278,Sundry Debtor,Assets,null,SILVER PARK SOCIETY PALANPUR JAKATNAKA NAVDIP,MEDI Cal Same Surat Surat Gujarat,,Billwise,P1278,HUL-10C120P24019,253237
L,Harekrishna Healthcare,P1279,Sundry Debtor,Assets,null,B-2 Patel Nagar Katargam Surat,Gujarat 395004 India Surat Gujarat,,Billwise,P1279,HUL-10C120P24020,222041
L,Medizone Pharma,P1280,Sundry Debtor,Assets,null,6R8P+948 Vasta Devdi Rd Tunki Katargam,Surat Gujarat 395008 India Surat Gujarat,,Billwise,P1280,HUL-10C120P24021,237108
L,Kunthunath Medical Agency,P1281,Sundry Debtor,Assets,null,Sagar Estate A_52 Vasta Devdi Rd Near Kiran Hos Pi,Tunki Katargam Surat Gujarat 395004 Ind Ia Surat G,,Billwise,P1281,HUL-10C120P24022,164258
L,N H Pharma,P1282,Sundry Debtor,Assets,null,0433/1 PLOT NO -3 GROUND FLOOR SURAT MEDICINE POIN,WADI Vasta Devdi Rd Tunki Kat Argam Surat Gujarat,,Billwise,P1282,HUL-10C120P24023,158147
L,Akshar Medicare,P1283,Sundry Debtor,Assets,null,27 1st Floor Sagar Compound Vasta Devdi Rd,Tunki Katargam Surat Gujarat 395004 India Surat Gu,,Billwise,P1283,HUL-10C120P24024,246718
L,POOJA CHEMIST,P1284,Sundry Debtor,Assets,null,408-A Opp. Raj World Shopping Adajan Palanpur,Surat Gujarat 395009 India Surat Gujarat,,Billwise,P1284,HUL-10C120P24029,JSWPK6335K
L,Mahadev Medical,P1285,Sundry Debtor,Assets,null,Vaishnodevi Rd,Jahangirpura Near,Samarpan Surat,Billwise,P1285,HUL-10C120P24033,1
L,MEDICINE WORLD PHARMACY,P1286,Sundry Debtor,Assets,null,712 Near G.D Goenka Public School Vesu Surat G Uja,G 22 Ground FLoor Shop Eco Commerz Building Opp Ra,,Billwise,P1286,HUL-10C120P24034,253807
L,PR Medical,P1287,Sundry Debtor,Assets,null,8 Green Palms Adajan Pal,Gam Surat Opp.TJC Surat Gujarat,,Billwise,P1287,HUL-10C120P24036,GJ-SUR-254812
L,CHAMUNDA MEDICAL GENERAL STORE,P1288,Sundry Debtor,Assets,prajapatikuldeep1209@gmail.com,1-6 Laxmikant Ashram Rd Aamba Talavadi Chitraku T,Surat Gujarat 395004 India Near By BAPS TEMPLE Sur,,Billwise,P1288,HUL-10C120P24038,254124
L,Nilkanth Medical Store,P1289,Sundry Debtor,Assets,null,1 Honey Park Rd Chatrapati Shivaji Nagar Shiva,Park Adajan Surat Gujarat 395009 India,,Billwise,P1289,HUL-10C120P24039,GJ-SUR-254172
L,Shree Radhe Medical Store,P1290,Sundry Debtor,Assets,null,Shop No. 7 Sai Techno,Park Near Nayara Petroleu Kosad,Road Amroli. Surat GUJARAT,Billwise,P1290,HUL-10C120P24041,1
L,Sahakar Super Store,P1291,Sundry Debtor,Assets,null,6QPR+F2J Jahangir Pura Rander Surat Gujarat,39 5009 India Jahngipura Surat Gujarat,,Billwise,P1291,HUL-10C120P24042,7181_PATEL__1996
L,BHARTI MEDICAL STORE,P1292,Sundry Debtor,Assets,manishjingar198@gmail.com,9 Shagun Height Causeway Near Bharimata Road,Surat Surat Gujarat 395004 India Surat Gujarat,,Billwise,P1292,HUL-10C120P24043,251257
L,MOTHER MEDICAL &amp; GENERAL STORE,P1293,Sundry Debtor,Assets,null,123 Prashant Nagar Prasad Nagar Sima Nagar Sur,At Gujarat 395005 India GENESH MEDICAL Surat Gujar,,Billwise,P1293,HUL-10C120P24046,255360
L,SHIV MEDICAL,P1294,Sundry Debtor,Assets,null,Shop No 6 Ground Floor,Unity Corner Lp Savani Road,Gaurav Path Pal Surat Surat,Billwise,P1294,HUL-10C120P24047,1
L,JAY GOGA NOVELTI,P1295,Sundry Debtor,Assets,null,Shree G Complex Katargam Rd Bhaichand Nagar Kub,ernagar Katargam Surat Gujarat 395004 India Surat,,Billwise,P1295,HUL-10C120P24048,FLZPR6820Q
L,Vinayak Medical &amp; General Store,P1296,Sundry Debtor,Assets,null,6RC8+RMJ Trilok Society Ved Rd Anand Park Societ,Y Katargam Surat Gujarat 395004 India,,Billwise,P1296,HUL-10C120P24049,254612
L,Radhe Medical &amp; General Stores,P1297,Sundry Debtor,Assets,bharatmali5786@gmail.com,6RMH+78X Aamba Talavadi Rd Aamba Talavadi Panch,Dev Society Vishal Nagar Surat Gujarat 395004,India,Billwise,P1297,HUL-10C120P24050,254832
L,BHAVANI MEDICAL AND GENERAL STORE,P1298,Sundry Debtor,Assets,null,Shop.No.G 8 Shivalic Candie,Near S.M.C Party Plot BHIMRAD,Bhimrad Surat.,Billwise,P1298,HUL-10C120P24051,BF 782125
L,Mahadev Medical &amp; General Store,P1299,Sundry Debtor,Assets,null,Nandanvan Row House C56 Jahangir Pura Surat Gu,jarat 395005 India,,Billwise,P1299,HUL-10C120P24054,GJ-SUR-252264
L,HEALTH PLUS MEDICAL AND GENERAL STORE,P1300,Sundry Debtor,Assets,null,Shop No-8 BELLISSIMO HUB Tp -10 Gaurav Path Road,Pal Gam Surat Gujarat 394510 India,,Billwise,P1300,HUL-10C120P24055,GJ-SUR-250491
L,SHREE SHIVAM MEDICAL &amp;GENRAL,P1301,Sundry Debtor,Assets,null,Ishwarkrupa Cement Depot Building 136-137 Palanp,Ur Rd Opposite Palanpur Jakatnaka Thakor Dwar So,NEAR METRO MEDICAL,Billwise,P1301,HUL-10C120P24056,243228
L,Flora Chemist,P1302,Sundry Debtor,Assets,florachemist5@gmail.com,Shop No3 Magnnum Shopping Mall,Althan Surat,Bhimrad Vesu,Billwise,P1302,HUL-10C120P24057,255732 255732
L,New  Apple Chemist And Lifestyle Store,P1303,Sundry Debtor,Assets,null,Shop No. 6 Raj Sagar Complex Behind Ram Nagar J,Ahangirabad Sima Nagar Surat Gujarat 395005 In Dia,,Billwise,P1303,HUL-10C120P24058,CCWPT7443N
L,Dhvani Disposable Sabu Cantar,P1304,Sundry Debtor,Assets,null,Gujarat Housing Board Gujarat Housing Board Dind A,Sima Nagar Surat Gujarat 395005 I Ndia Surat Gujar,,Billwise,P1304,HUL-10C120P24064,AKXPM7913R
L,SHREE BALAJI BAKERY &amp; SUPER STORE,P1305,Sundry Debtor,Assets,null,34/HARIOM NAGAR SOC NEAR NEW KOSAD ROAD Amroli -,Kosad Rd Hari Om Nagar-1 Amroli Surat Gujarat,394107 India,Billwise,P1305,HUL-10C120P24070,FWHPK8334M
L,MADHAV SUPAR STOR,P1306,Sundry Debtor,Assets,null,7R4R+38H Vrat Residency Mathura Nagari 203A Aso,Dariya Chirag Society Amroli Surat Gujarat 3941,07 India,Billwise,P1306,HUL-10C120P24071,NA
L,GLOBAL MEDICO,P1307,Sundry Debtor,Assets,null,45 Swami Vivekanand Marg Jivkor Nagar Jeevkar N Ag,Surat Gujarat 395001 India OPPOSITE SANJEEVANI MED,,Billwise,P1307,HUL-10C120P24078,251855
L,OMKAR PHARMACY COSMETIC BEAUTY HUB,P1308,Sundry Debtor,Assets,null,Anand Villa Residency Palanpur Surat Gujarat,39 5005 India Surat Gujarat,,Billwise,P1308,HUL-10C120P24081,255857
L,MAHALAXMI MEDICAL AND GENERAL STORE,P1309,Sundry Debtor,Assets,null,House No.243 Gitanjali Street Abhva Gam,Surat Gujarat 395007 India Surat Gujarat,,Billwise,P1309,HUL-10C120P24087,GJ-SUR-206237
L,BHAGYA LAXMI MEDICAL AND GENERAL STORE,P1310,Sundry Debtor,Assets,null,32 Dhruvtarak Shopping Ved Rd opp. Hari Om Mill Av,Nagar Dhruvtarak society Katargam Surat Gujarat 39,,Billwise,P1310,HUL-10C120P24088,245800
L,Bhavika Medical And General Store,P1311,Sundry Debtor,Assets,sgeloht@gmail.com,4P44+5WQ Dumas Surat Gujarat,394550 India Dumas Gujarat,,Billwise,P1311,HUL-10C120P24089,GJ-SUR-250425
L,Shreeji Medical Store,P1312,Sundry Debtor,Assets,null,House Shreeji Raw 23 Amroli Rd Amroli,Surat Gujarat 394107 India Surat Gujarat,,Billwise,P1312,HUL-10C120P24093,157262
L,AMBIKA CHEMIST,P1313,Sundry Debtor,Assets,null,Classic Point 10 Anand Mahal Rd Chatrapati Shiv Aj,Gam Adajan Surat Gujarat 3950 OPP PATEL DAIRY Sura,,Billwise,P1313,HUL-10C120P24094,234531
L,BHAVANI MEDICAL AND GENERAL STORE,P1314,Sundry Debtor,Assets,null,Darbar Nagar Prabhunagar Katargam Surat Gujara,T 395004 India Surat Gujarat,,Billwise,P1314,HUL-10C120P24095,240354
L,VAIKUNTH Medical,P1315,Sundry Debtor,Assets,null,16/2 Bhimpore Surat Gujarat 394550 India Opp. Shre,Radhe Krishna Temple Bhimpore Surat Surat Gujarat,,Billwise,P1315,HUL-10C120P24096,GJ-SUR-253818
L,Ashok Medical And General Store,P1316,Sundry Debtor,Assets,null,604 Krishna Nagar Society Ichhapore-3 Surat,Gu Jarat 394510 India Surat Gujarat,,Billwise,P1316,HUL-10C120P24099,509126
L,KIRAN WATCH &amp; CUTLARY,P1317,Sundry Debtor,Assets,null,5PH6+PGV Kavas Limla Hazira Gujarat 394510 In,Dia,,Billwise,P1317,HUL-10C120P24101,CRJPN4484R
L,Vikash Kirana Store,P1318,Sundry Debtor,Assets,null,sr engineering 1 Mora Tekra Mora Hazira Gujar,at 394517 India,,Billwise,P1318,HUL-10C120P24104,DUOPG7337D
L,Shree Balaji Medical And Genral Store,P1319,Sundry Debtor,Assets,null,5MG4+VC7 Suvali Rd Mora Tekra Hazira Rajgari,Gujarat 394517 India,,Billwise,P1319,HUL-10C120P24112,EJFPR9952G
L,SAI RUDRA MEDICAL,P1320,Sundry Debtor,Assets,null,Shop No 1 Aagam Archid Ground Floor Opp,Shiv Kartik Complex Nandani 1 Vesu Surat Gujarat,,Billwise,P1320,HUL-10C120P24113,GJ-SUR-213357
L,MAHADEV MEDICAL,P1321,Sundry Debtor,Assets,null,401/402 Laxmi Enclave 2 Opp. Gajera School Rajan A,Nagar Society Katargam Surat G Ujarat 395004 India,,Billwise,P1321,HUL-10C120P24120,256333
L,MAA MEDICAL STORE,P1322,Sundry Debtor,Assets,null,Puspak Apartment Kubernagar Near Soham,Medical Katargam Surat Gujarat,,Billwise,P1322,HUL-10C120P24121,242990
L,NAVYUG MEDICAL,P1323,Sundry Debtor,Assets,null,9 L G PRAMUKH CHAMBER ASHADEEP HOSPITAL,TADWADI RANDER ROAD SURAT Surat Gujarat,,Billwise,P1323,HUL-10C120P24122,GJ-SUR-221674
L,NEW  PRAGATI  MEDICAL,P1324,Sundry Debtor,Assets,null,G - 15 16 Coral Heights Opp. Sai,Milan Residency Palanpur Canal Rd Pal Surat Gujara,,Billwise,P1324,HUL-10C120P24123,252696
L,MAA MEDICAL,P1325,Sundry Debtor,Assets,null,53/3 Bhatena Rd New Ramdev Nagar Aanjada Nagar,Bhatena Surat Gujarat 394210 India Surat Gujarat,,Billwise,P1325,HUL-10C120P24125,251435
L,SHREEJI MEDICO &amp; SURGICALS,P1326,Sundry Debtor,Assets,null,Shop No. 2 VIMAL HEXAGONE SAI LEELA,ROAD Nr Parsuram Garden Adjan Surat Gujarat,,Billwise,P1326,HUL-10C120P24126,GJ-SUR-240612
L,MANKESHVAR MEDICAL AND GENERAL STORE,P1327,Sundry Debtor,Assets,null,13/30 Behind Croma Center Saint Park Society Ad Aj,Adajan Surat Gujarat 395009 India NEAR KODALKURPA,,Billwise,P1327,HUL-10C120P24127,255311
L,Baba Pan Colddrink And Provison,P1328,Sundry Debtor,Assets,null,Arfees residency near BAPS hospital Aahura Nagar,Society Adajan Gam Adajan Surat Gujarat 39500,9 India,Billwise,P1328,HUL-10C120P24130,FYOPK1553D
L,GAUTAM MEDICAL STORE,P1329,Sundry Debtor,Assets,null,Amar Park Ghod Dod Rd Adarsh Society Athwa,Sur at Gujarat 395001 India Surat Gujarat,,Billwise,P1329,HUL-10C120P24133,GJ-SUR-253251
L,Goldy Ice Cream,P1330,Sundry Debtor,Assets,null,Shope 11 Vaishnovdevi Residency Rajwadi Party Plot,Swastik Complex Amroli Surat Gujarat 394107,India,Billwise,P1330,HUL-10C120P24136,ANSPC9533D
L,ROOPSHRINGAR COLLECTION,P1331,Sundry Debtor,Assets,null,11G 2 Suda Aawas,Opp.Aastha Apartment Vesu.,Near Nilkanth Medical,Billwise,P1331,HUL-10C120P24139,AKOPB5458M
L,MEDICO HUB,P1332,Sundry Debtor,Assets,null,SMC Party Plot Pal Adajan Gam Surat Gujarat 394,510 India,BALAJI KIRANA,Billwise,P1332,HUL-10C120P24142,253461
L,Khodiyar Mahaseal,P1333,Sundry Debtor,Assets,null,Rushikesh Residency Amroli Surat Gujarat 394107,India,,Billwise,P1333,HUL-10C120P24146,BKVPC2259M
L,EVERYDAY MART,P1334,Sundry Debtor,Assets,null,6RVW+256 Syam Sundar Park Chhaprabhatha Rd Amrol,i Surat Gujarat 394107 India,,Billwise,P1334,HUL-10C120P24147,AELPI0322L
L,Shree Pharmacy,P1335,Sundry Debtor,Assets,null,Aagam Krupa Shopping Complex Udhna Magddala Rd V,Esu Surat Gujarat 395007 India,,Billwise,P1335,HUL-10C120P24149,DVZPM7408B
L,SHREE PRANNATH MEDICAL AND PROVISION STORE,P1336,Sundry Debtor,Assets,null,Hasmukh Chambers Makanji Park Road Paras Society,Katargam Surat Gujarat 395004 India,,Billwise,P1336,HUL-10C120P24155,241430
L,Al Noor Kirana Stor,P1337,Sundry Debtor,Assets,null,A84-85 Industrial Society 1 Sabri Nagar Industr,ial Area Katargam Surat Gujarat 395004 India,04 India,Billwise,P1337,HUL-10C120P24159,NA
L,Ghanshayam General Stors,P1338,Sundry Debtor,Assets,null,S-8 ROYAL PARK RAGHUVEER CHAR RASTA Vijay Nagar,Mahavir Nagar Amroli Surat Gujarat 394107 Indi,a,Billwise,P1338,HUL-10C120P24160,CIZPP6849K
L,JB Treders,P1339,Sundry Debtor,Assets,null,126 Ram Nagar Rd Ramnagar Sima Nagar Surat Gu,Jarat 395005 India,,Billwise,P1339,HUL-10C120P24170,GAPPP6536R
L,Shree Ganesh Superstore,P1340,Sundry Debtor,Assets,null,Parkview Apartment 4 Hidayatnagar Rd Dindayal S,ociety Sima Nagar Surat Gujarat 395005 India,05 India,Billwise,P1340,HUL-10C120P24172,FKZPP6614R
L,Shiv Shakti Provision Store,P1341,Sundry Debtor,Assets,null,Opp Bhatlai Panchyat Near Mahadev Genral Store,Bhtlai,Mora Tekra,Billwise,P1341,HUL-10C120P24173,9033957120_QR_CODE
L,Ganesh Dairy And Kirana,P1342,Sundry Debtor,Assets,null,3 Abhishek Twp Amroli Surat Gujarat,394107 In dia Surat Gujarat,,Billwise,P1342,HUL-10C120P24174,BRVPD0324H
L,Sumul Dairy N Ice Cream Parlour,P1343,Sundry Debtor,Assets,null,New Rander Rd Ayodhyanagri Rd Swastik Park 6Q5Q+,3QX Opposite Bhumi Complex Kedar Darshan Society,Adajan Surat Gujarat 395009 India,Billwise,P1343,HUL-10C120P24175,GNJPP6197R
L,Mahadev Medical,P1344,Sundry Debtor,Assets,null,Shop  No 10 Ground Floor Siddhkshetra Residency J.,K Motors  Green City Road Pal Surat,,Billwise,P1344,HUL-10C120P24178,DXNPP9881D
L,Shree Matangi Pan And Ice Cream,P1345,Sundry Debtor,Assets,null,B-15 Basment Fazal Shopping Center Near Dhanmor,a Complex Adajan Patiya Rander Road Adajan S,urat Gujarat 395009 India,Billwise,P1345,HUL-10C120P24187,AJIPM6065C
L,Parshwa Namkeen,P1346,Sundry Debtor,Assets,null,Dayalji Park A-302 Vir Bhagat Singh Marg Beside,Bharat Petroleum Petrol Pump -Anavil Petroleum,Honey Park Area Adajan Surat Gujarat 395009 In,Billwise,P1346,HUL-10C120P24198,ADGPV8123L
L,Aaiji Medical,P1347,Sundry Debtor,Assets,null,56 Ugat Rd Ganga Nagar Society Jahangirabad Si,ma Nagar Surat Gujarat 395005 India,,Billwise,P1347,HUL-10C120P24199,LCDPK4438E
L,Radhe Ice Cream Parlor,P1348,Sundry Debtor,Assets,null,6QCF+469 Bhesan Rd Palanpur Surat Gujarat 3950,05 India,,Billwise,P1348,HUL-10C120P24200,AWYPT7423L
L,Hanumant Super Store,P1349,Sundry Debtor,Assets,null,34 Magan Nagar Rd Magan Nagar Panchvati Society,Subhash Nagar Society Vishal Nagar Surat Guja,rat 395004 India,Billwise,P1349,HUL-10C120P24201,BFBPT0906D
L,Sita Ram Sweets Farshan,P1350,Sundry Debtor,Assets,null,Vadla Circle To Hathi Mandir Rd Aamba Talavadi,Vaikunthdham Society Katargam Surat Gujarat 39,5004 India,Billwise,P1350,HUL-10C120P24210,ATEPK7208D
L,Krishna Store,P1351,Sundry Debtor,Assets,null,Capital Complex 9 Adajan Rd Near Pratik Row Hou,Se Opp.Pratik Row House Near Patel Samaj Wadi H,Oney Park Area Adajan Surat Gujarat 395009 Ind,Billwise,P1351,HUL-10C120P24214,AGEPG6330M
L,MANGAL MEDICAL,P1352,Sundry Debtor,Assets,null,Shivalay Apartment Radhey Shyam Twp Adajan Sura,T Gujarat 394510 India,L P Savani Road,Billwise,P1352,HUL-10C120P24216,760467
L,Ambika Supar Store,P1353,Sundry Debtor,Assets,null,6Q4J+5X4 Honey Park Area Pankaj Nagar Surat Gu,Jarat 394510 India,,Billwise,P1353,HUL-10C120P24218,BNDPR3735G
L,LAHER CHEMIST,P1354,Sundry Debtor,Assets,null,6RCR+88H Shraddha Society Katargam Surat Gujar,at 395008 India Surat Gujarat,,Billwise,P1354,HUL-10C120P24221,149001
L,Amliya Nath Chai And Kirana Store,P1355,Sundry Debtor,Assets,null,5MG4+VC7 Suvali Rd Mora Tekra Hazira Rajgari,Gujarat 394517 India,,Billwise,P1355,HUL-10C120P24222,BVQPV2847C
L,Devikrupa Medical,P1356,Sundry Debtor,Assets,null,Ishwarkrupa Cement Depot Building Palanpur Rd Vi v,Palanpur Jakatnaka Surat Gujarat 3 95005 India Sur,,Billwise,P1356,HUL-10C120P24225,255530
L,Aradhana Cosmetic,P1357,Sundry Debtor,Assets,null,Krishna Nagar Kailash Janral Ni Bajuma Ichapor,Gujarat 394510 India,,Billwise,P1357,HUL-10C120P24228,KASPM7586M
L,JAY HANUMAN PROVISION STORE,P1358,Sundry Debtor,Assets,null,Kuwo Dariyo Jatra Rd Mora Tekra Hazira,Gujarat 394517 India,NEER NAGESHWAR MAHADEV MANDIR,Billwise,P1358,HUL-10C120P24230,KRQPS6389D
L,SURAJ MEDICAL&amp; GEN STORE,P1359,Sundry Debtor,Assets,null,6QHQ+C7G Doctor Park Rd Shree Shradha Society M O,395005 India Shop No 8 Sanskruti Complex Jahangir,,Billwise,P1359,HUL-10C120P24234,241191
L,ILAJ MEDICAL,P1360,Sundry Debtor,Assets,null,Shop No -2/3 Sahyogchowk No.17 Sahyogpark -2 Ved,Sahyog Society Katargam Sur At Gujarat 395004 Ind,,Billwise,P1360,HUL-10C120P24237,GJ-SUR-256328
L,Bhavani Supar Store,P1361,Sundry Debtor,Assets,null,430 Near 3Seventy Kitchen Adajan Gam Pal Gam S,Urat Gujarat 394510 India,,Billwise,P1361,HUL-10C120P24241,NUUPK2503R
L,SIDDHI VINAYAK MED AND GEN STORE,P1362,Sundry Debtor,Assets,null,178 Prashant Nagar Prasad Nagar Sima Nagar Sur,Surat Gujarat 395005 India,Goga Chowk,Billwise,P1362,HUL-10C120P24243,BIQPM3094K
L,MAHADEV NOVELTI,P1363,Sundry Debtor,Assets,null,Shree G Complex Katargam Rd Bhaichand Nagar Kub,Ernagar Katargam Surat Gujarat 395004 India,,Billwise,P1363,HUL-10C120P24246,CSMPP7299A
L,EKDANT MEDICAL STORES,P1364,Sundry Debtor,Assets,null,G 10 Unity Corner Beside HP Petrol Pump,NR V4U Circle LP Savani To Gaurav Path RoadSurat,Near Shiv Medical,Billwise,P1364,HUL-10C120P24247,20 255113 21 255114
L,SAHYOG MEDICAL STORE,P1365,Sundry Debtor,Assets,null,6R68+WXR Sahayog Industrial Estate 297 River Vie w,Industrial Area Katargam Surat Gujarat 395004 Indi,,Billwise,P1365,HUL-10C120P24249,257158
L,Momai Medical,P1366,Sundry Debtor,Assets,null,4PMV+J8W Surat Gujarat 395007,India Surat Gujarat,,Billwise,P1366,HUL-10C120P24250,239247
L,Momai Medical And General Store,P1367,Sundry Debtor,Assets,null,4PMV+J8W Surat Gujarat 395007,India Surat Gujarat,,Billwise,P1367,HUL-10C120P24251,239246
L,SHREE MAHAVIR MEDICAL &amp; GENERAL STORE,P1368,Sundry Debtor,Assets,null,Madhav Complex Chhaprabhatha Rd Chhaprabhatha Amro,Gujarat 394107 Indi A Surat Gujarat,,Billwise,P1368,HUL-10C120P24253,226040
L,MAHADEV Super Store,P1369,Sundry Debtor,Assets,null,Shubham Heights 3 Ugat Canal Rd Behind D Mart,Prabhudarshan Society Jahangirabad Dahin Nagar,Surat Gujarat 395005 India,Billwise,P1369,HUL-10C120P24259,CETPM4048B
L,SANTOSH MEDICAL,P1370,Sundry Debtor,Assets,null,Satya Nagar Society 17 Industrial Area Singanpo,r Surat Gujarat 395004 India Surat Gujarat,,Billwise,P1370,HUL-10C120P24260,257701
L,JAY JALARAM CUTLARY STORE,P1371,Sundry Debtor,Assets,null,5PH6+PGV Kavas Limla Hazira Gujarat 394510 In,Dia,,Billwise,P1371,HUL-10C120P24263,IBXPP4987H
L,Shree Medical Store,P1372,Sundry Debtor,Assets,null,5QWV+F8H Vir Arjun Marg Chatrapati Shivaji Nagar,Adajan Gam Adajan Surat Gujarat 395009 India,,Billwise,P1372,HUL-10C120P24271,140937
L,New Laxmi Dairy,P1373,Sundry Debtor,Assets,null,Shop No.2 Bhoomi Complex Vir Bhagat Singh Marg,Kedarnath Society Mahadev Nagar Adajan Surat G,Ujarat 395009 India,Billwise,P1373,HUL-10C120P24274,AFJPC9262J
L,PRAMUKH MEDICAL,P1374,Sundry Debtor,Assets,null,Gajera Circle School Circle Shop No. 506 Amroli,Rd Sarita Darshan Society New GIDC Old GIDC P,Atel Nagar Surat Gujarat 395008 India,Billwise,P1374,HUL-10C120P24275,FZNPR6754K
L,MAGIC BEUTY,P1375,Sundry Debtor,Assets,null,6Q3V+6FX Honey Park Rd Shantinagar Society Naro,Tam Nagar Surat Gujarat 395009 India,PRIME ARCADE AANAD MAHAR ROAD SHOP NO LG 149,Billwise,P1375,HUL-10C120P24277,APYPV8201R
L,J D Pharmacy,P1376,Sundry Debtor,Assets,null,Plot No. 2-3 Behind Khushi Farm Opp. BRTS Bus St A,Panaas Athwa Surat Gujarat 395007 India 07 India S,,Billwise,P1376,HUL-10C120P24279,258242
L,THE BEAUTY WORLD,P1377,Sundry Debtor,Assets,null,Prime Arcade M- 441 Anand Mahal Rd Adajan Gam,Adajan Surat Gujarat 395009 India,,Billwise,P1377,HUL-10C120P24282,NA
L,KALASH,P1378,Sundry Debtor,Assets,null,Prime Arcade M- 441 Anand Mahal Rd Adajan Gam,Adajan Surat Gujarat 395009 India,NEAR PRIME ARCDE,Billwise,P1378,HUL-10C120P24283,NA
L,Sagar Dari,P1379,Sundry Debtor,Assets,null,opposite Gora Gariba Kabrestan Near Bombay Mart R,ehamt Nagar Rander Surat Gujarat 395005 India,,Billwise,P1379,HUL-10C120P24287,NA
L,Ashok Medical &amp; Gen,P1380,Sundry Debtor,Assets,null,Opp Samarpan Heights Vaishnodevi Rd Dahin Nagar,Surat Gujarat 395005 India,,Billwise,P1380,HUL-10C120P24290,NA
L,RK Super Store,P1381,Sundry Debtor,Assets,null,6RHG+8XP Parvati Nagar Panchvati Society Subhas,h Nagar Society Katargam Surat Gujarat 395004,India,Billwise,P1381,HUL-10C120P24293,NA
L,Vivek Stasnery,P1382,Sundry Debtor,Assets,null,D8 Prannath Society Tunki Katargam Surat Guja,rat 395004 India,,Billwise,P1382,HUL-10C120P24294,NA
L,Sonal  Masala,P1383,Sundry Debtor,Assets,null,5MH6+FXC Mora Tekra GSEG Colony Hazira Gujarat,394517 India,,Billwise,P1383,HUL-10C120P24316,NA
L,Maruti Medicos,P1384,Sundry Debtor,Assets,null,Shop No 2 Supath,Enclave Nearby Nirmal Hospital,Adajan Surat Surat GUJARAT,Billwise,P1384,HUL-10C120P24320,1
L,BHARAT MEDICAL,P1385,Sundry Debtor,Assets,null,Shop No.1 Hari Om Soca Ravi Nagar Althan Surat,Gujarat 395007 India,,Billwise,P1385,HUL-10C120P24321,GJ-SUR-236752
L,GOPINATH MEDICAL STORES,P1386,Sundry Debtor,Assets,null,Shop 22 Loyadham homes Shrusti Row House B/D Ro,ad opp. Vadhi Raj Neel Kanth Apartment Kosad S,urat Gujarat 394107 India,Billwise,P1386,HUL-10C120P24322,GJ-SUR-254191
L,SOMNATH MEDICAL,P1387,Sundry Debtor,Assets,null,SHOP NO 2 LIMBOZ COMPLEXKatargam Surat,Gujarat 395004 India Surat Gujarat,,Billwise,P1387,HUL-10C120P24323,258019
L,Fenil Pharmacy,P1388,Sundry Debtor,Assets,null,60 Azad Nagar Rd Azad Nagar Slums Azad Nagar,B hatar Surat Gujarat 395017 India Surat Gujarat,,Billwise,P1388,HUL-10C120P24324,257378
L,SHREE MEDICAL,P1389,Sundry Debtor,Assets,null,R S No 128 Ground Floor KiSMAT COLONI Nr,Swamina Singanpor Surat Gujarat 395004 Indi a Sura,,Billwise,P1389,HUL-10C120P24326,GJ- SUR-258108
L,Sree Balaji Cutlery,P1390,Sundry Debtor,Assets,null,6QRM+GRX Doctor Park Rd Jahangir Pura Surat Gu,Jarat 395005 India,Op .Sainath Aalupuri,Billwise,P1390,HUL-10C120P24330,CRCPR7958F
L,SIDDHI VINAYAK CHEMIST &amp; GENERAL STORE,P1391,Sundry Debtor,Assets,null,432 Dr Hedgewar Nagar Opp.Vesu Health Center,Near Mahadev Medical Vesu Surat. Surat Gujarat,,Billwise,P1391,HUL-10C120P24331,248747
L,ASHAPURA MEDICAL,P1392,Sundry Debtor,Assets,null,G-23 Offira Business Hub Opp. Bhagwan Mahaveer C,Ollege Vesu Surat Gujarat 395007 India Surat Gujar,,Billwise,P1392,HUL-10C120P24332,258935
L,Pradhanmantri Bharatiya Jan Aushdhi,P1393,Sundry Debtor,Assets,null,SHOP NO 20 Shiv Campus LP Savani Cir Opp. Heta Com,Honey Park Area Adajan Surat Gujarat 3 95009 India,,Billwise,P1393,HUL-10C120P24333,165704
L,Shree Hari Medical &amp; General Store,P1394,Sundry Debtor,Assets,null,7 Arpan App Near Jain Derasar,Amroli Surat Gujarat 394107 India,,Billwise,P1394,HUL-10C120P24337,GJ SUR 258466
L,SWAVISTHA CARE,P1395,Sundry Debtor,Assets,null,Shyam Enclave D 503 Vaishnodevi Rd Near Vaishno De,Dahin Nagar Surat Vanakala Gujar At 395005 India S,,Billwise,P1395,HUL-10C120P24338,GJ-SUR-220617
L,DAYARAM MEDICAL STORES,P1396,Sundry Debtor,Assets,null,SHOP NO 4 SHREE LAXMINARAYAN SHOOPING Kubernagar,1 Kubernagar Katargam Surat Gujarat 395004 I,Ndia,Billwise,P1396,HUL-10C120P24342,71256
L,Monarch Medico,P1397,Sundry Debtor,Assets,null,19 Goved Recidency Amroli Behind Radhika Point,Chapprabhatta Variav Surat Gujarat 394520 Ind,Ia,Billwise,P1397,HUL-10C120P24343,GJ-SUR-219569
L,ATUL SWEET &amp; NAMKEEN,P1398,Sundry Debtor,Assets,null,5RX4+72H Krishna Nagar Society Choksi Wadi Naro,tam Nagar Surat Gujarat 395009 India,,Billwise,P1398,HUL-10C120P24344,20725031005351
L,MAHADEV GENERAL STORE,P1399,Sundry Debtor,Assets,null,21 Jay Ambe Rd Jai Ambe Society Adajan Patiya,Surat Gujarat 395009 India,,Billwise,P1399,HUL-10C120P24345,AMFPP8179E
L,GANESH MEDICAL AND GENERAL STORE,P1400,Sundry Debtor,Assets,null,Plot.No.86  Sant Tukaram Society,Behind  Samarat Sagar Apartments,Palnpur Jakatnaka Surat,Billwise,P1400,HUL-10C120P24346,GJ SUR 189216
L,Medicina Pharmaceutical,P1401,Sundry Debtor,Assets,null,35 Dindayal Upadhay Marg Rang Avdhut Society Ra,Nder Surat Gujarat 395005 India Surat Gujarat,,Billwise,P1401,HUL-10C120P24350,256448
L,Krishna Medical General Store,P1402,Sundry Debtor,Assets,null,Shop 349 Gruham Club Life Olpad Jafrabad Gujar,At 394540 India,,Billwise,P1402,HUL-10C120P24353,233738
L,PRISHA Medical,P1403,Sundry Debtor,Assets,null,Ashish Row House 95 Jahangir Pura Surat,Gujara T 395005 India Surat Gujarat,,Billwise,P1403,HUL-10C120P24355,247756
L,RAJ CHEMIST,P1404,Sundry Debtor,Assets,null,International Finance Centre 212 VIP Rd Vesu S,Urat Gujarat 395007 India,,Billwise,P1404,HUL-10C120P24357,239965
L,PARTHSUPERSTORE(CHANDRAPRO.)(SMART)-D-D-D-D-D-D-D,P1685,Sundry Debtor,Assets,null,5GREENAVANEWS,NEARMADHURAMSTORE,ADAJANCIRCALE,Billwise,P1685,HUL-132638D-P1255,***********
L,SHREE UMIYA SUPER STORE-D,P1686,Sundry Debtor,Assets,null,SHOP NO 12 VRAJ RESIDENCY,CHAPRA BHATA,AMROLI,Billwise,P1686,HUL-134996D-P22525,*********
L,AMBIKA PRO. STORE(SMART)-D-D-D-D-D-D,P1687,Sundry Debtor,Assets,null,U-1 NR.SURYAM GROCER,CITYLIGHT,NA,Billwise,P1687,HUL-132638D-D0073,***********
L,BALAJI SALES COR-D,P1688,Sundry Debtor,Assets,null,1-NARAYAN PARK OPP LORD KRISHANA SCHOOL,PALANPUR J.N RD,PALANPUR PATIYA,Billwise,P1688,HUL-134996D-P23606,------
L,RAJESHWAR KIRANA STORES-D,P1689,Sundry Debtor,Assets,null,1-BLUE TIRPS OPP GREEN CITY,PAL BHATHA RD,PAL,Billwise,P1689,HUL-134996D-P23681,----
L,SHREE BHERUNATH SUPER STORE-D,P1690,Sundry Debtor,Assets,null,17KIRTI NAGAR SOC,BAPASITARAM TEMPLE GALI,UTRAN,Billwise,P1690,HUL-134996D-P24403,--
L,NEW SILVER KIRANA-D,P1691,Sundry Debtor,Assets,null,SMC -4SAI SARKAR,PAL,ADAJAN,Billwise,P1691,HUL-134996D-P24778,---
L,Mahadev Kriyana Store  T-D-D-D-D-D-D,P1692,Sundry Debtor,Assets,null,449 Krishana Nagar Sociaty,Icchapur-3,Surat,Billwise,P1692,HUL-133172D-P7073,ENREGISTER
L,SHREE SINGWAY GENERAL STORE-D-D-D-D,P1693,Sundry Debtor,Assets,null,SHOP NO-52SWEET HOME,NRRAJWADI PARTY PLOT,NEW KOSAD ROAD,Billwise,P1693,HUL-134508D-P9475,---
L,KUNAL STORE-D-D-D-D,P1694,Sundry Debtor,Assets,null,SHOP NO-1 SITARAM PALACE,B/HBHAGYALAXMI MEDICAL,AMROLI,Billwise,P1694,HUL-134508D-P9607,---
L,JAY UMIYA DAIRY AND STORE-D,P1695,Sundry Debtor,Assets,null,SHOP NO 3 HARI OM SOCIETY,AMARDEEP MOLL BEHIND,Surat,Billwise,P1695,HUL-10B234D-P41681,1
L,VARDHMAN GENERAL-D-D-D-D-D-D,P1696,Sundry Debtor,Assets,null,NR-KRISHNA TALKIS,MORA TEKRA,NA,Billwise,P1696,HUL-132638P9216,UNREGISTERED
L,JAY MATAJI KIRANA STORES-D-D-D-D,P1697,Sundry Debtor,Assets,null,NR TAPOVAN SCHOOL,MORA TEKRA,MORA,Billwise,P1697,HUL-132638D-P1205,***********
L,BRAMANI PROVISION STOR-D-D-D,P1698,Sundry Debtor,Assets,null,24SARDAR NAGAR SOC,SAYAN ROAD,KOSAD,Billwise,P1698,HUL-134508D-P9727,---
L,CHAMUNDA TRADERS-D-D,P1699,Sundry Debtor,Assets,null,WELCOME CHEMIST NA PACHAD,L.P SAVANI RD,SURAT,Billwise,P1699,HUL-134996D-P13499,***
L,UMIYA TRADERSD-P-D-D-D,P1700,Sundry Debtor,Assets,null,L-18 SHREEJI ARCADE,NR SHAK MARKET NI GALI,ANAND MAHAL ROAD SURAT,Billwise,P1700,HUL-132638D-P2032,APPLIEDFOR
L,SHREE AMBICA SUPER STORE-D,P1701,Sundry Debtor,Assets,null,SHOP NO 16 SHRUSTI RESIDENCY,OPP SAI ASTHA,AMROLI SAYAN ROAD,Billwise,P1701,HUL-134996D-P21139,*********
L,Ramdev Mithaivala-D,P1702,Sundry Debtor,Assets,null,Near Janvi Chemistry Ni Bajuma,Singanpor,Surat,Billwise,P1702,HUL-10B234D-P41723,1
L,Shubhlaxmi Kirana-D,P1703,Sundry Debtor,Assets,null,8 Jalaram Nagar,Gujarat Housings Board,Amroli,Billwise,P1703,HUL-10B234D-P18301,1
L,Kanha Super Store-D,P1704,Sundry Debtor,Assets,null,A 6 Anmol Height,Madhav Bakery Ni Bajuma,Amroli,Billwise,P1704,HUL-10B234D-P18306,1
L,AMAR TRADERS-D-U2NC,P1705,Sundry Debtor,Assets,null,11Swstik Shoping Centre,Rupali Cinema Near,Render Road,Billwise,P1705,HUL-10B234D-P18349,1
L,Shiv Shakti Super Store-D,P1706,Sundry Debtor,Assets,null,Shop 4 Thakordvar,Chhaprabhatha Main Road,Amroli,Billwise,P1706,HUL-10B234D-P18376,1
L,Laxmi Super Store And Dairy-D,P1707,Sundry Debtor,Assets,null,Manisha Soc,Sattadhar Chokdi Pase,Amroli,Billwise,P1707,HUL-10B234D-P18463,1
L,Shree Ram Provision Store-D,P1708,Sundry Debtor,Assets,nileshvangoswami84@gmail.com,7 Yogidarsham Apartment,Manisha Soc,Old Kosad Road,Billwise,P1708,HUL-10B234D-P18468,1
L,ANIL KARIYANA STOR-D,P1709,Sundry Debtor,Assets,null,15 548 SMC TENAMET,GOTALAVADI,PATEL FARIA  KATARAGAM,Billwise,P1709,HUL-10B234D-P18473,1
L,SHRI MAD DAIRY AND PROVISION STORE-D,P1710,Sundry Debtor,Assets,null,EDEN ENCLAVE,SHOP NO 8,PALANPUR GAM,Billwise,P1710,HUL-134996D-P24668,**************
L,NAVNAAT PROV.STORE-D,P1711,Sundry Debtor,Assets,null,TRIVENI SOC.NILKANTH RECIDENCY,SHOP NO.1,PLOT NO.101102,Billwise,P1711,HUL-10B234D-P18632,1
L,Punam Kirana-D,P1712,Sundry Debtor,Assets,null,Shop 1 2 Krishna Nagar Soc,Near Ganesh Pura Sarkari School,Amroli,Billwise,P1712,HUL-10B234D-P18700,1
L,Jay Ambe-D,P1713,Sundry Debtor,Assets,null,Shop Non 7,Real Yoga,Maharaj Chai Vele K Bajume,Billwise,P1713,HUL-10B234D-P41800,1
L,SHREE BABA RAMDEV KIRANA STOR-D,P1714,Sundry Debtor,Assets,null,SOAP NO.536 KRISHNA NAGAR  ICHHAPUR,NR.NEW SUN FLOWER SCHOOL,Nr. Shree Sai Vaisnvi Staitoneri,Billwise,P1714,HUL-10B234D-P18723,1
L,DHANLAXMI PROVISION-D,P1715,Sundry Debtor,Assets,null,DOCTOR PARK ROAD,JAHGIR PURA SMC COUTERS,SAI VILLA APT,Billwise,P1715,HUL-10B234D-P18733,1
L,Mahavir General Store-D,P1716,Sundry Debtor,Assets,null,154 Shivam Flates,Krushnakunj Society,Near Yogeshwar General Store,Billwise,P1716,HUL-10B234D-P18747,1
L,Mahalaxmi General Store-D,P1717,Sundry Debtor,Assets,null,A5 Nakshatra Soliter,Canel Road,Patalpur Jakat Naka,Billwise,P1717,HUL-10B234D-P18759,1
L,S K Kirana-D,P1718,Sundry Debtor,Assets,null,Bharimata Main Road,Madina Masjid,Surat,Billwise,P1718,HUL-10B234D-P18764,1
L,Bhavani Super Store-D,P1719,Sundry Debtor,Assets,null,Render Road Morabhagl Charrasta,Morabhagl Char Rasta,Morabhagl Polistation,Billwise,P1719,HUL-10B234D-P18772,1
L,KHUSHBU KIRANA STORE-D,P1720,Sundry Debtor,Assets,null,B.1.JAYARAJ SOC.,ICHHAPORE 3,SURAT,Billwise,P1720,HUL-10A225D-P62902,1
L,Shiv Super Mart-D,P1721,Sundry Debtor,Assets,null,1 2 Casa King,Opp Stuti Icon Palanpur Gam,Gauravpath Road,Billwise,P1721,HUL-10B234D-P18782,1
L,Shree Sai Provision Store-D,P1722,Sundry Debtor,Assets,null,Shop 4 Sargam Palace,Near Alpesh Nagar Pal Road,Surat,Billwise,P1722,HUL-10B234D-P18831,1
L,B N General Store-D,P1723,Sundry Debtor,Assets,null,Shop 11 Shantosh Height,Manisha Garnala K Pas,Amroli,Billwise,P1723,HUL-10B234D-P18859,1
L,Jal Super Store-D,P1724,Sundry Debtor,Assets,null,108 Krishna Park Soc,Silver Palace Ni Bajuma,Utran,Billwise,P1724,HUL-10B234D-P18864,1
L,Shree Ram Kirana-D,P1725,Sundry Debtor,Assets,null,C2 Dhanmora ComKatargam,Katargam,Singapore Road,Billwise,P1725,HUL-10B234D-P41821,1
L,Radhika Provejan Store-D,P1726,Sundry Debtor,Assets,null,Santinagar Vad Rode,Dhaboli Carrasta,Tajani Hospital Ni Sama,Billwise,P1726,HUL-10B234D-P18894,1
L,Gaytri Kirana Store-D,P1727,Sundry Debtor,Assets,null,Dhaboli Carrasta,Smc Zonofis Ni Saba,Santivan Gadan,Billwise,P1727,HUL-10B234D-P18899,1
L,Ambika Super Store-D,P1728,Sundry Debtor,Assets,null,Mahta Nagar,Omkar Rasidansi,Kusum Park Ka Samna,Billwise,P1728,HUL-10B234D-P18904,1
L,HARE KRISHNA SUPER STORE-D,P1729,Sundry Debtor,Assets,null,G3 RAJHANS PLATINUM,PLAZA PALANPUR,NEAR NEW L.P SAVANI SURAT,Billwise,P1729,HUL-10B234D-P18918,1
L,Shreeji Store-D,P1730,Sundry Debtor,Assets,null,Shop No. 28 Sarojini Naidu Saak Market Ni Gali Ma,Palanpur Jakatnaka,Surat,Billwise,P1730,HUL-10B234D-P18948,1
L,Om Provision-D,P1731,Sundry Debtor,Assets,null,Shop No 5,Bharimata Road Suryadarshan Resy,Convey Road,Billwise,P1731,HUL-10B234D-P41835,1
L,Jay Ambe General Store-D,P1732,Sundry Debtor,Assets,null,Shop. 286 Trilok Nagar,Ved Road,Sardar Hospital Ni Agal,Billwise,P1732,HUL-10B234D-P19043,1
L,Krishna Super Store-D,P1733,Sundry Debtor,Assets,null,Mahaveer Nagar,87 Gjera Circle Ni Pachad,Katargaam Surat,Billwise,P1733,HUL-10B234D-P19109,1
L,Radhe Krishna Kariyana Store-D,P1734,Sundry Debtor,Assets,null,84 No Mhaveer Nagar,Gajera Circle Ni Pachad,Karargaam,Billwise,P1734,HUL-10B234D-P19114,1
L,Shree Parmeswar Stor-D,P1735,Sundry Debtor,Assets,null,Shop No 9 Danev Ashis  Aeparment,Mandu Doshi Ni Vadi,Neyar Maa Medical,Billwise,P1735,HUL-10B234D-P19144,1
L,SANJAY JANRAL STORE-D,P1736,Sundry Debtor,Assets,null,Shri Stark Ask Market,KATRGAM,SURAT,Billwise,P1736,HUL-10B234D-P19169,1
L,SHAMYA AGENCY-D,P1737,Sundry Debtor,Assets,null,Pramukh Darshan App Behind Mahalaxmi Tempale,Gangeshwar Mahadev Tempale Road Adajan Surat,Pramuk Darsan App Behind Mahalaxmi Tempale,Billwise,P1737,HUL-10B234D-P19189,1
L,SHREE SACCHIYAY TRADERS-D,P1738,Sundry Debtor,Assets,dlalwani1969@gmail.com,Shop.8.Rutuvan Complex Opp Axis Bank Gangeshwar,Mandir RoadAdajan Surat,ANAND MAJAL GANGESHWAR MANDIR ROAD,Billwise,P1738,HUL-10B234D-P19199,1
L,HAREKRISHNA SUPER STORE-D,P1739,Sundry Debtor,Assets,null,AB 1RADHIKA RESIDENCY,CHAPRABHATA ROAD VARIYAV,AMROLI SURAT,Billwise,P1739,HUL-10B234D-P19249,1
L,Shree Maa Ambe Kirana-D,P1740,Sundry Debtor,Assets,null,Shop 6 Sai Villa,Near Gayatri Medical,Jahangirpura,Billwise,P1740,HUL-10B234D-P19254,1
L,Shree Ambika Prashadhi-D,P1741,Sundry Debtor,Assets,null,Shop 10 Ankur Highest,Near Pooja Medical,Jahagirpura,Billwise,P1741,HUL-10B234D-P19259,1
L,BABY KRISHNA SUPER MART-D,P1742,Sundry Debtor,Assets,null,MAHALAXMI ARCED,OPP MAHALAXMI TEMPLE,ADAJAN,Billwise,P1742,HUL-10B234D-P19349,1
L,RADHE STORE-D,P1743,Sundry Debtor,Assets,null,G11 ORCHID VECHY,NEW LP LP SAVANI,KENAL ROAD,Billwise,P1743,HUL-10B234D-P19374,1
L,Shree Krishna General &amp; Provision Store-D,P1744,Sundry Debtor,Assets,null,Shop.157 Sharkar Nagar,Shiv Residence Ni Same,Palanpur Patiya,Billwise,P1744,HUL-10B234D-P19394,1
L,Shreeji Kariyana Store-D,P1745,Sundry Debtor,Assets,null,Shop.4 Meghna Complex,C.K Patel School Ni Baju Ma,Bhumi Complex Road,Billwise,P1745,HUL-10B234D-P19399,1
L,KHUSHI GEN STORES-D-D-D-D-D,P1746,Sundry Debtor,Assets,null,16-MORA TEKRA,OPP BHAGAYA LAXMI,MORA,Billwise,P1746,HUL-134493D-P5607,0000
L,Shree Khodal Kariyana Store-D,P1747,Sundry Debtor,Assets,null,G17 Pnm Opp Radhika,Optima Chaprabhatha To Variyav Road,Amroli,Billwise,P1747,HUL-10B234D-P19429,1
L,Bherunath Kirana-D,P1748,Sundry Debtor,Assets,null,Vijay Nagar 2,Katargam Near Prabhu Kirana,Aashapuri Appartment,Billwise,P1748,HUL-10B234D-P19449,1
L,MANAV GENRAL STORES RAJUBHAI-D,P1749,Sundry Debtor,Assets,null,SHOP NO 4 GOVINDJI PARK,,N.A.,Billwise,P1749,HUL-10B234D-P26939,1
L,Jay Mataji Kirana-D,P1750,Sundry Debtor,Assets,null,Vijay Nagar 2,Plot No 114 G1,Near Prabhu Kirana,Billwise,P1750,HUL-10B234D-P19459,1
L,BHAGVATI KIRANA STORES-D-D-D-D-D,P1751,Sundry Debtor,Assets,null,NR BHAVANA PRO,MORA TEKRA,HAJIRA,Billwise,P1751,HUL-134493D-P5647,0000
L,Mahalaxmi Super-D,P1752,Sundry Debtor,Assets,null,Vadinath Chowk,Vedroad,Katargam,Billwise,P1752,HUL-10B234D-P19474,1
L,Gopal Provijan Stor-D,P1753,Sundry Debtor,Assets,null,Harhar Sosayti 2,Anath Aasram Ni Pachad,Katargam,Billwise,P1753,HUL-10B234D-P41870,1
L,Ramdev Provision Store-D,P1754,Sundry Debtor,Assets,null,A11 SMC Tenement,Opp Lalji Nagar Near,Shardar Brij Gujarat Gas Circle Surat,Billwise,P1754,HUL-10B234D-P19499,1
L,Chetan Kirna-D,P1755,Sundry Debtor,Assets,null,Smc No 15 Corma Behind,Adajan  Gam,Surat,Billwise,P1755,HUL-10B234D-P19514,1
L,JAY BABARAMDEV KIRANA-D,P1756,Sundry Debtor,Assets,null,J 2 Jayraj Society,Nr Riya Gen Ichhapor,Ichhapor,Billwise,P1756,HUL-10B234D-P19524,1
L,Ansu Pro.Store-D,P1757,Sundry Debtor,Assets,null,Santi Park Society,Mora Tekra Suvali Road,HaziraSurat,Billwise,P1757,HUL-10B234D-P19539,1
L,Shree Rajeshwer Super Store-D,P1758,Sundry Debtor,Assets,null,Shop No 8 Sangam Socity Amba  Talavdi  Katargam,Same,Same,Billwise,P1758,HUL-10B234D-P19554,1
L,Super Genral Store-D,P1759,Sundry Debtor,Assets,null,Sunchity App Shop No 11,Beside Tayyabh Kariyana,Opppo Bhanki Stadium,Billwise,P1759,HUL-10B234D-P41877,1
L,Shree Hari Store-D,P1760,Sundry Debtor,Assets,null,Kumbhar Mohholo,Ichhapur 2,Ichhapur,Billwise,P1760,HUL-10B234D-P19599,1
L,Kanaiya Store-D,P1761,Sundry Debtor,Assets,null,Uday Nager 1,Nr Shakti Kirana.Oppmadhavanand Ashram,Kayargam,Billwise,P1761,HUL-10B234D-P19634,1
L,Krishna Store-D,P1762,Sundry Debtor,Assets,null,Uday Nager 1,Nr.Kanaiya Store.,Katargam,Billwise,P1762,HUL-10B234D-P19639,1
L,Ram Bhai Kirana Store-D,P1763,Sundry Debtor,Assets,null,Shop No.2 Rahamat Nager,Opp.Devnatayan Super,Ved Road .Pandol,Billwise,P1763,HUL-10B234D-P19649,1
L,New Bhavani Provision Store-D,P1764,Sundry Debtor,Assets,null,Shop No .2 Meet Darasan Com.,Nr.Bayosha Medical,Shiganpor Road,Billwise,P1764,HUL-10B234D-P19664,1
L,Gurukrupa Genral-D,P1765,Sundry Debtor,Assets,null,Opp Valsalya Vill,Vraj Recidency,Aawas Road,Billwise,P1765,HUL-10B234D-P19694,1
L,Babp Sitaram Dari-D,P1766,Sundry Debtor,Assets,null,Gajanad Park Sosayti,Madhav Palas Apatmant,Bharimata Rod Siganpur,Billwise,P1766,HUL-10B234D-P19709,1
L,Jamal Kirana-D,P1767,Sundry Debtor,Assets,null,Riwarviw Sosayti,Bharimata Rod,Fulwadi,Billwise,P1767,HUL-10B234D-P19714,1
L,Taz Kirana Store-D,P1768,Sundry Debtor,Assets,null,Revwrvyi Sosayto,Bhari Mata Rod,Fulvadi,Billwise,P1768,HUL-10B234D-P19719,1
L,VUNDAWAN Kirana-D,P1769,Sundry Debtor,Assets,null,PARAS BAZAR,ABmbiKA ROAD,SURAT,Billwise,P1769,HUL-10B234D-P19744,1
L,Dhanlaxmi Store-D,P1770,Sundry Debtor,Assets,tilokramram9913@gmail.com,Green Avenue Part1,Opp Tgb  Hotel,Adajan Surat,Billwise,P1770,HUL-10B234D-P19759,1
L,Charbhuja Traders-D,P1771,Sundry Debtor,Assets,null,Sarthak Residency,Opp Ramehwar Residency,Adajan,Billwise,P1771,HUL-10B234D-P19764,1
L,TULSI PROVISION STORE*MORA*-D,P1772,Sundry Debtor,Assets,null,OPP STATE BANK,MAIN BAZAR,MORA TEKRA,Billwise,P1772,GJ39500561893,APPLIED FOR
L,MADHURAM PRO. STORE-D-D-D-D-D-D,P1773,Sundry Debtor,Assets,null,SHOP-2 PRATISHTHA APP.SARELA WADI,NR.SHREE MALLINATHGHOD DOD ROAD,SURAT,Billwise,P1773,HUL-132638D-D0237,UNREGISTERED
L,Shiv Shakti Kirna-D,P1774,Sundry Debtor,Assets,null,Nandudosa Niwadi,Katargam,Surat,Billwise,P1774,HUL-10A225D-P62847,1
L,Jay Mahadev Kirana-D,P1775,Sundry Debtor,Assets,null,G1 Shreeji Complex,Shreeji Nagri Society,Near Bherunath Kirana,Billwise,P1775,HUL-10B234D-P19844,1
L,SHREE BAHUCHAR KRUPA PROVISION-D,P1776,Sundry Debtor,Assets,null,G 6 EDEN ENCLAVE,OPP STUTI ARISTA,PALANPUR GAM ADAJAN,Billwise,P1776,HUL-10B234D-P19879,1
L,AARNA HARI STORE-D,P1777,Sundry Debtor,Assets,null,D 14 ANJANI PRESIDENCY,OPP ISCON TEMPLE,JAHANGIRPURA,Billwise,P1777,HUL-10B234D-P19884,1
L,GAJANAND KARIYANA-D,P1778,Sundry Debtor,Assets,null,KATARAGAM,SINGHAN POR GAM,NEAR MUKESH MEDICAL,Billwise,P1778,HUL-10B234D-P19904,1
L,KRISHNA KARYANA &amp; PROVISION-D-D-D-D-D-D,P1779,Sundry Debtor,Assets,null,S.NO.5-60NAVKAR DARSHAN APPT.,VASANT VIHAR SOC.UDHNA MAGDALLA ROAD,NA,Billwise,P1779,HUL-132638D-0322,***********
L,Atish Genaral Store-D,P1780,Sundry Debtor,Assets,null,Shop No 29.Maruti Nandan Complex,Near Sharma Medical,Ichhapore 3,Billwise,P1780,HUL-10B234D-P19959,1
L,Shree Ganesh Eterize-D,P1781,Sundry Debtor,Assets,null,Ved Road Raman Nagar,Katargam,Back To Akahanand School,Billwise,P1781,HUL-10B234D-P19984,1
L,Nurev Kathor-D,P1782,Sundry Debtor,Assets,null,A 26 Shiv Chaya,Back To Akhanand School,Katargam,Billwise,P1782,HUL-10B234D-P19989,1
L,Bhagvati Kirana-D,P1783,Sundry Debtor,Assets,null,Vedroad.,Near Akahnand Collage,Near Nandni Super Store,Billwise,P1783,HUL-10B234D-P19999,1
L,PAVAN PRO STORES-D-D-D,P1784,Sundry Debtor,Assets,null,4-SAI DARSHAN APP.,OPP.RAJ HOME,PALANPUR GAM,Billwise,P1784,HUL-133539D-P8409,APPLIYED FOR
L,BHAVANI GEN. STORE-D-D-D-D-D-D-D,P1785,Sundry Debtor,Assets,null,4MAHADEV JOYT APP.,HUNNY PARK ROAD,NR.WATER TANK,Billwise,P1785,HUL-132638D-D0770,24220201478
L,Mahadev Enterprise-D,P1786,Sundry Debtor,Assets,null,Shop N.20 Bhumi Coplesh,Hani Park,Adajan,Billwise,P1786,HUL-10B234D-P20119,1
L,Lucky Genral Store-D,P1787,Sundry Debtor,Assets,null,Shop No.3 River Point App,Opp.Amin Majid,Gorat Road RanderSurat,Billwise,P1787,HUL-10B234D-P20144,1
L,Pakiza Pro Store-D,P1788,Sundry Debtor,Assets,null,Shop No.10 Amrin Park Complex,Near Pipardiwala School,RanderSurat,Billwise,P1788,HUL-10B234D-P20149,1
L,TAPOVAN GENERAL-MORA-D-D-D-D-D-D,P1789,Sundry Debtor,Assets,null,MORA HAJIRA ROAD MORA BAS STOP,NA,NA,Billwise,P1789,HUL-132638P9226,NA
L,Sagar Super Store-D,P1790,Sundry Debtor,Assets,null,Shop No 123 Daanev Aashis So.Bhavani Complex Katar,Same,Same,Billwise,P1790,HUL-10B234D-P20164,1
L,Hunuman Kirana-D,P1791,Sundry Debtor,Assets,null,Nandanvan Socity Bapa Sitaram Chaok Surat,Same,Same,Billwise,P1791,HUL-10B234D-P20174,1
L,Aaradhana Kirana-D,P1792,Sundry Debtor,Assets,null,Near Shree Ji Medical Sabhs  Nagar Katargam,Same,Same,Billwise,P1792,HUL-10B234D-P20179,1
L,M D Kirana-D,P1793,Sundry Debtor,Assets,null,Shop No 262 Junsa Suda,Opp Suman Shell,Vip Road Vesu Surat,Billwise,P1793,HUL-10B234D-P41926,1
L,Chamunda Deri And Pro-D,P1794,Sundry Debtor,Assets,null,Shop No 10 Polt No 23a,Eswarmti So Pandol,Polis Choki Ke Bajune,Billwise,P1794,HUL-10B234D-P20214,1
L,Bherunath Kirana  Store-D,P1795,Sundry Debtor,Assets,null,Shop No.5 Ramanpark,Opp.Nr.Life Medical,Ved Road,Billwise,P1795,HUL-10B234D-P20234,1
L,Vraj Super-D,P1796,Sundry Debtor,Assets,null,Global City,Nr Gopinath Reci,Sayan Road,Billwise,P1796,HUL-10B234D-P20239,1
L,BHAGYALAXMI PROVISION-D-D-D-D-D-D,P1797,Sundry Debtor,Assets,null,Shop-33 Main Bazar Mora,Surat,NA,Billwise,P1797,HUL-132638P9219,UNREGISTERED
L,Nilkant Store-D,P1798,Sundry Debtor,Assets,null,Shop No B 14 Anjali Residency,Opp.Iskon Temple,JagirpuraSurat,Billwise,P1798,HUL-10B234D-P20299,1
L,SREE R K SUUPR STORES-D,P1799,Sundry Debtor,Assets,null,GOPINATH SOCIETY,PARVATI NAGAR NI SAME,KATARGAM MAGANNAGAR,Billwise,P1799,HUL-10B234D-P20319,1
L,A One Provisions-D,P1800,Sundry Debtor,Assets,null,Raamnagar Life Line Hospital,Ni Bajuu Ma,Raamnagar,Billwise,P1800,HUL-10B234D-P20344,1
L,IG Super Store-D,P1801,Sundry Debtor,Assets,null,Shop 3,Evergreen Apartment,Opp. Dipanjali Complex,Billwise,P1801,HUL-10B234D-P41940,1
L,RADHE SUPER STORE-D,P1802,Sundry Debtor,Assets,null,G3 VIBRANT MALL,NR MADHUVAN CIRCLE,ADAJAN,Billwise,P1802,HUL-10B234D-P20369,1
L,CENTRAL DAIRY PROVISION STORE-D,P1803,Sundry Debtor,Assets,null,GYMKHANA ROAD,NR RANDER POLICE CHOWKI,RANDER,Billwise,P1803,HUL-10B234D-P20374,1
L,ISHVAR KRUPA KARIYANA AND DAIRY-D,P1804,Sundry Debtor,Assets,null,SHOP 22 NILKANTH  RASIDENCY,OPP SANIDEV TEMPLE,PALANPUR JAKATNAKA,Billwise,P1804,HUL-10B234D-P20409,1
L,VARDHMANAGENCIES-D-D-D-D-D-D,P1805,Sundry Debtor,Assets,null,SHOPNO-14ADITYNAGAR,HAZIAMAINROADHAZIRA,SURAT,Billwise,P1805,HUL-132638P8939,UNREGISTERED
L,JAY AMBE GENERAL-D,P1806,Sundry Debtor,Assets,null,14 PARSHMANI APP,OPP.LEELA VIHAR SOC,TARWADI RANDER ROAD,Billwise,P1806,HUL-10A225D-P62942,1
L,HITESH KARIYANA-D,P1807,Sundry Debtor,Assets,null,GHANSHYAM PRAK1,SUVALI ROAD,MORA,Billwise,P1807,HUL-10B234D-P20414,1
L,Jay Mata Ji kirana store,P1808,Sundry Debtor,Assets,null,Fulbai Mata Mandir,Kosas Gam,Fulbaimata Mandir Ni Bajuma,Billwise,P1808,HUL-10B234D-P20499,1
L,SWEETY GENERAL-D-D-D-D-D-D,P1809,Sundry Debtor,Assets,null,PAYALSINEMA,MORAHAJIRAROAD,NA,Billwise,P1809,HUL-132638P9224,UNREGISTERED
L,Shree Bhairav Store-D,P1810,Sundry Debtor,Assets,null,Shop.No 17,Vardhman Plaza,Amroli,Billwise,P1810,HUL-10B234D-P20594,1
L,MAHESHWARI AGENCY WS-D,P1811,Sundry Debtor,Assets,null,Citylight,,N.A.,Billwise,P1811,HUL-10B234D-P26944,1
L,Jalaram Kirana-D,P1812,Sundry Debtor,Assets,null,Shop.No 231.,Nr.Jay Ambe Medical,Amroli,Billwise,P1812,HUL-10B234D-P20599,1
L,Sainath Janral Stor-D,P1813,Sundry Debtor,Assets,null,Nityanand Society Makan No.10,Bharatnath Mahadev Mandir Same,Deri Faliyu Katargam,Billwise,P1813,HUL-10B234D-P20624,1
L,Shree Aai Mata Bakery And Provision Store-D,P1814,Sundry Debtor,Assets,null,36 Bhagvan Nagar Soc,Ugat Bhesan Road,Surat,Billwise,P1814,HUL-10B234D-P41961,1
L,GAUTAM GNARLA STORE-D,P1815,Sundry Debtor,Assets,null,SREHI NAGER,Babholi Char Rsta,Near Shiwammedical,Billwise,P1815,HUL-10B234D-P20634,1
L,AMBIKA KIRANA-D,P1816,Sundry Debtor,Assets,null,BAPA SITRAM CHOK,Katrgam,Surat,Billwise,P1816,HUL-10B234D-P20639,1
L,Anika Kirana  Stores-D,P1817,Sundry Debtor,Assets,null,Shiv Shati AppOpp,Shriji Driay,Adajan,Billwise,P1817,HUL-10B234D-P20684,1
L,D.K.ENTERPRISE-D-D-D-D-D-D-D,P1818,Sundry Debtor,Assets,null,1NANA BAZAR,SHAK MARKET,SURAT,Billwise,P1818,HUL-132638D-D0647,***********
L,DEV Bherav Kirana Store-D,P1819,Sundry Debtor,Assets,null,Shop No.470 Santukaram Vibhag 6,Palanpur Jakatnaka,Surat,Billwise,P1819,HUL-10B234D-P20719,1
L,Disant Provisions-D,P1820,Sundry Debtor,Assets,null,Shreenat Chock,Adajan Gaam Chetatali,Chetali Apartment,Billwise,P1820,HUL-10B234D-P20724,1
L,Shree Shiddi Vinayak-D,P1821,Sundry Debtor,Assets,null,Gail Tawar Ni Same Ni Gali,Kredarkrupa Society,Jay Maa Bhavani Ni Raju Ma,Billwise,P1821,HUL-10B234D-P20739,1
L,RAINBOW PROVISION-D,P1822,Sundry Debtor,Assets,null,OPP ASRAFIYA MADRESH,BALAPIR ROAD,RANDER,Billwise,P1822,HUL-10B234D-P20749,1
L,Shri Ambika Provision &amp; Super Store-D,P1823,Sundry Debtor,Assets,null,Shop No 7 Ravji Nager Socity,Bhesan Road,Near Votanicakl Gardan,Billwise,P1823,HUL-10B234D-P41968,1
L,LUCKY  MASALA HOUSE-D-D-D-D-D-D-D,P1824,Sundry Debtor,Assets,null,L-4SHREEDHAR COM. NEAR NEW GOOD LUCK,ANAND MAHAL ROAD,NA,Billwise,P1824,HUL-132638D-P9459,UNREGISTERED
L,DIVYA SABU-D,P1825,Sundry Debtor,Assets,null,SHOP NO1RADHIKA POINT,CHAPRABHATA ROA,AMROLI,Billwise,P1825,HUL-10B234D-P20814,1
L,ARIHANT PROVISION-D-D-D-D-D-D,P1826,Sundry Debtor,Assets,null,MOTATEKRABUSSTOPSURAT,NA,NA,Billwise,P1826,HUL-132638P9231,UNREGISTERED
L,Rameshwar Super Store-D,P1827,Sundry Debtor,Assets,null,Aadarsh Society Navo Mahollo Hari Darshan Khado,Same,Same,Billwise,P1827,HUL-10B234D-P20844,1
L,Umiya Swit  Dari-D,P1828,Sundry Debtor,Assets,null,Kubar Bharat,Hari Om Ni Sama,Bharat Bakri Ni Sama,Billwise,P1828,HUL-10B234D-P20854,1
L,SHREE BHARAV KARYINA STORE-D-D-D-D,P1829,Sundry Debtor,Assets,null,ICHAPUR GATE NO-2,HAZIRA ROAD SURAT,SURAT,Billwise,P1829,HUL-134493D-P5739,APPLY FOR
L,SAMERA STORE-D,P1830,Sundry Debtor,Assets,null,Sultinya Gymkhana,Opp Gulzaar Avenue,New Rander Road,Billwise,P1830,HUL-10B234D-P41982,1
L,Vrndavan Dari-D,P1831,Sundry Debtor,Assets,null,Kubar Park Haridasahn Apartmant,Rilayans Ni Sama Galima,Katargam,Billwise,P1831,HUL-10B234D-P20869,1
L,Mahavir Kirana Store-D,P1832,Sundry Debtor,Assets,null,Siddhnath Society,Tarwadi Rander Road,Opp.Survi MedicalSurat,Billwise,P1832,HUL-10B234D-P20889,1
L,MAASARASWATI-D,P1833,Sundry Debtor,Assets,null,KIRANASTORE,14 AAGAM SHOP,VESU,Billwise,P1833,HUL-10A176D-P61496,1
L,SHREE MILAN TRADING-D-D-D-D,P1834,Sundry Debtor,Assets,null,ICHAPUR BUS STOP,GATE NO-3,HAZIRA ROAD,Billwise,P1834,HUL-134493D-P5744,APPLY FOR
L,Siri  Hari Super Stor-D,P1835,Sundry Debtor,Assets,null,B .5 Sivan Avannyu,Sukun Skay Ni Bajuma,Dhaboli Siganpur Like Rod,Billwise,P1835,HUL-10B234D-P20949,1
L,Sahjanand Kariana Store-D,P1836,Sundry Debtor,Assets,null,Nandanvan Soc. Causway Rd.,Same,Same,Billwise,P1836,HUL-10B234D-P21044,1
L,Mahadev Kirana Store-D,P1837,Sundry Debtor,Assets,null,Plot No 97 Kirti Nagar,Near Bherunath Kariyana,Utran Surat,Billwise,P1837,HUL-10B234D-P21049,1
L,SHREE MAHALAXMI KARIYANA&amp;PRO-D-D-D-D-D-D,P1838,Sundry Debtor,Assets,null,Sak Bhaji Market,Nr Puja Sabu Palanpur JakatNaka Road,Surat,Billwise,P1838,HUL-133172D-P4036,UNREGISTERD
L,MATESHWARI DAIRY&amp; GENERAL-D,P1839,Sundry Debtor,Assets,null,OPP-ESHITA PARK,ADAJAN,SURAT,Billwise,P1839,HUL-134996D-P24733,---
L,Davsupar  Kariyana-D,P1840,Sundry Debtor,Assets,null,Sarda School Ni Bajuma,Kozva Rod,Katargam,Billwise,P1840,HUL-10B234D-P41989,1
L,BARMANY KAIRANA-D,P1841,Sundry Debtor,Assets,null,Hariom.Socirty,Katrgam,Katrgam,Billwise,P1841,HUL-10B234D-P21149,1
L,Shree Ganesh Provision-D,P1842,Sundry Debtor,Assets,null,Pani Ni Taki,Ganga Nagar V2,Shree Ji Nagri Road,Billwise,P1842,HUL-10B234D-P21221,1
L,NEW MAYUR GENERAL-D-D-D-D-D-D,P1843,Sundry Debtor,Assets,null,SHOP NO-13ICCHAPOR 3,OPP-ADARSH HOSPITALHAZIRA MAIN ROAD,SURAT,Billwise,P1843,HUL-132638P8934,UNREGISTERED
L,Khushit Sabu-D,P1844,Sundry Debtor,Assets,null,Singapore Shak Market,Vedrod,Dabhholi,Billwise,P1844,HUL-10B234D-P21276,1
L,Ambica Super Store-D,P1845,Sundry Debtor,Assets,null,Shop 11 Iswar Nagar,Singanpor Char Rasta,Vedroad,Billwise,P1845,HUL-10B234D-P21281,1
L,DASMESH SUPER MART-D,P1846,Sundry Debtor,Assets,null,Shop No-3 C-1 Panchvati Row House,Opp. Rajhans Apple Flats,Palanpore Gam,Billwise,P1846,HUL-10B234D-P41996,NA
L,Devnarayan Dairy And Provision Store-D,P1847,Sundry Debtor,Assets,null,Shop 1 Om Villa Apartment,Shree Nath Chowk,Adajan Gam,Billwise,P1847,HUL-10B234D-P21301,1
L,Gurukrupa Kirana-D,P1848,Sundry Debtor,Assets,null,Pani Ni Tanki,Jupad Pati Sheri No.4,Angan Vadi Same,Billwise,P1848,HUL-10B234D-P21321,1
L,Chamunda Karyan Store-D,P1849,Sundry Debtor,Assets,null,3 Sury Darsn App,Near Sareta Sagar  Ne Same,Swame Narayan Mander  Addjan,Billwise,P1849,HUL-10B234D-P21361,1
L,Maa Krupa Pro Store-D,P1850,Sundry Debtor,Assets,null,Shop No.4 Vrundavan Society,Gate No.3,Palanpur Jakatnaka Surat,Billwise,P1850,HUL-10B234D-P21376,1
L,Dhanlaxmi Kirana Store-D,P1851,Sundry Debtor,Assets,null,Shop No.8 Raj Laxmi Complex,Rander Tarwadi,Surat,Billwise,P1851,HUL-10B234D-P21386,1
L,Mahavirstores-D,P1852,Sundry Debtor,Assets,null,G10,Meghdhanysappt,Nearramshatoweradajanpatiya,Billwise,P1852,HUL-10B234D-P21401,1
L,Dilkhush Kirana-D,P1853,Sundry Debtor,Assets,null,Foolwadi,Bharimata Road,Katargam Near Saheb Medical,Billwise,P1853,HUL-10B234D-P21451,1
L,AMAR KIRANA-D,P1854,Sundry Debtor,Assets,null,Shop 2 near jain tempal,near pragati dairy,amroli,Billwise,P1854,HUL-10B234D-P42003,1
L,Nasir Kirana Store-D,P1855,Sundry Debtor,Assets,null,Foolwadi,Near Saheb Medical,Katargam,Billwise,P1855,HUL-10B234D-P21456,1
L,Rubi Kirana-D,P1856,Sundry Debtor,Assets,null,Foolwadi,Bhari Mata Road,Katargam Near Saheb Medical,Billwise,P1856,HUL-10B234D-P21461,1
L,Shivam Kirana &amp; Provision-D,P1857,Sundry Debtor,Assets,harishsodha15488@gmail.com,G18 Agam Arcade Vesu,G 18 Agam Arcade Vesu,G 18 Agam Arcade Vesu,Billwise,P1857,HUL-10A176D-P62868,1
L,Silver Kirana Store-D,P1858,Sundry Debtor,Assets,null,Foolwadi Bhari Mata Road,Near Saheb Medical Ni Gali,Katargam,Billwise,P1858,HUL-10B234D-P21471,1
L,DEVNARAYAN KIRANA-D,P1859,Sundry Debtor,Assets,null,SHOP NO 3WEAL Park RJD NEAR,ASHAPURA KIRANA ICHHAPORE,SURAT,Billwise,P1859,HUL-10B234D-P21576,1
L,Renuka Karyana-D,P1860,Sundry Debtor,Assets,null,H4 289 Avas Kosad,Kosad,Amroli,Billwise,P1860,HUL-10B234D-P21616,1
L,Shree Avaraji Kariyan Store-D,P1861,Sundry Debtor,Assets,null,172.Anandpark Socity Nr.Keval Krupa MedicalVed,172.Anandpark Socity Nr.Keval Krupa MedicalVed,172.Anandpark Socity Nr.Keval Krupa MedicalVed,Billwise,P1861,HUL-10B234D-P42066,1
L,Dilip Kirana-D,P1862,Sundry Debtor,Assets,null,H4 281 Avas Kosad,Kosad,Amroli,Billwise,P1862,HUL-10B234D-P21626,1
L,Jagannath Kirana-D,P1863,Sundry Debtor,Assets,null,H4 267 B Avas Kosaf,Kosad,Amroli,Billwise,P1863,HUL-10B234D-P21631,1
L,Shivam Genral Store-D,P1864,Sundry Debtor,Assets,null,Shop No.1 Ghanshyam Nagar Society,Palanpur Jakatnaka,Surat,Billwise,P1864,HUL-10B234D-P21686,1
L,New Aashapura Provision Store-D,P1865,Sundry Debtor,Assets,null,Krishna Nagar Society,Main Bhaji Market,Ichapore,Billwise,P1865,HUL-10B234D-P42073,NA
L,SARSWATI PRO .-D-D-D-D-D-D-D,P1866,Sundry Debtor,Assets,null,B/4JIGAR PELACENEW  GUJRAT GAS COMP RD,BEMANIRATNA,NA,Billwise,P1866,HUL-132638D-P1257,UNREGISTERED
L,HIGH SERVICE CENTRE-D,P1867,Sundry Debtor,Assets,null,Kawas Gam,BAPASAI SITARAM SOC,Kawas,Billwise,P1867,HUL-10B234D-P21724,1
L,BALAJI PROVISION STORE-D,P1868,Sundry Debtor,Assets,null,5 DEEP ENCLAVE,AGMAN RESIDENCY,ICHHAPORE,Billwise,P1868,HUL-10B234D-P21754,1
L,Diamond Tredars-D,P1869,Sundry Debtor,Assets,null,Shop No AB 14,Katargam,Darwaja,Billwise,P1869,HUL-10B234D-P21809,1
L,V S GENERAL STORE-D,P1870,Sundry Debtor,Assets,null,2 3 BANSHIDHAR RESI,DARBAR NAGAR,PRANNATH HOSPITAL NI GALI MA VEDROAD KATARGAM,Billwise,P1870,HUL-10B234D-P42080,1
L,BAPA SITARAM-D,P1871,Sundry Debtor,Assets,null,Shop 10 Shanti Kunj Soc,Chhaprabhata Road,Kosad,Billwise,P1871,HUL-10B234D-P21974,1
L,SHAHCHAMPAKRAJPUKRAJ-D-D-D-D-D-D,P1872,Sundry Debtor,Assets,null,AFWAGAM,DUMAS,NA,Billwise,P1872,HUL-132638D-D1119,24221900008
L,HANS KIRANA STORES-D-D-D-D,P1873,Sundry Debtor,Assets,null,NR HARI OM KIRANA ST,SANSAD BHUMI RD,UMRAGAM,Billwise,P1873,HUL-134107D-P12576,NA
L,Vinayka Super Store-D,P1874,Sundry Debtor,Assets,null,A19 Jayraj Soc,Iccharpor,Surat,Billwise,P1874,HUL-10B234D-P42087,1
L,ISHWAR TRADERS  T-D-D-D,P1875,Sundry Debtor,Assets,null,4ASHOK VATIKA ROW HOUSE,NEAR RAJHANS ORAngeNEW LP SAVANI,SCHOOL ROAD,Billwise,P1875,HUL-132638P8916,UNREGISTERED
L,JAY MATAJI SUPER STORE-D-D-D-D,P1876,Sundry Debtor,Assets,null,PARTH COMPLEX,NR VIRATRA BAKERY,CITY LIGHT,Billwise,P1876,HUL-133172D-P19169,NA
L,MODI KIRANA STORES(SMART)-D-D-D-D-D-D,P1877,Sundry Debtor,Assets,null,SHOP-7/8 PRAKASH SOC.,NRATHWA ZONE,ATHWALINS,Billwise,P1877,HUL-132638D-P1131,24220300152
L,ABHISHEK GENERAL( Ashish)-D-D-D-D-D,P1878,Sundry Debtor,Assets,null,MAHESHWARI SOCITY,NRPIPLOD JAKATNALKA,SURAT,Billwise,P1878,HUL-133172D-P3397,UNREGISTERED
L,KANTITHAKORDASMODI-D-D-D-D-D-D,P1879,Sundry Debtor,Assets,null,SULTANABAD,S.N-61/81MOTIBAJARDUMAS,NA,Billwise,P1879,GJ39500761098,24222302746
L,Jay Goga Dariy Kariyana And Provission-D,P1880,Sundry Debtor,Assets,null,B.55 Shop 2. Krushna Kunj Society,BSNL Office Nr Palanpur Patiya Jakatnaka,Surat,Billwise,P1880,HUL-10B234D-P42094,NA
L,JAYRAGHUVIRKIRANA(SWASTIKGENSTORE)-D-D-D-D-D-D,P1881,Sundry Debtor,Assets,null,1-2-3SURYAAPP.NRBHUCHERKIRANA,GOKULROWHOUSEATHWALIENCE,SURAT,Billwise,P1881,HUL-132638D-D0071,***********
L,ANAND SUPER STORE(SMART)-D-D-D-D-D-D,P1882,Sundry Debtor,Assets,null,L-19 SAJNI APP. OPP. SURYA COM. NR.MEDI PINT,CITYLIGHT,SURAT,Billwise,P1882,HUL-132638D-D0076,***********
L,HARIOM DAIRY &amp; PRO.(SMART)-D-D-D-D-D-D,P1883,Sundry Debtor,Assets,null,2-3 ASHIRWAD COM. NR.GAUTEM KIRANA,CITYLIGHT,NA,Billwise,P1883,HUL-132638D-D0084,***********
L,SHIV SHAKTI PRO. &amp; GEN. STORE-D-D-D-D-D-D,P1884,Sundry Debtor,Assets,null,L-4SAJNI COMPLEX,NR.MEDI POINT,CITYLIGHT,Billwise,P1884,HUL-132638D-D0098,UNREGISTERED
L,MANGALAMSTORES(JAYBHARATGENREL)-D-D-D-D-D-D,P1885,Sundry Debtor,Assets,null,SHOPNO2SWAYAMSIDHIAPP,OPP.SARGAMSHOPICHHANATHRD,SURAT,Billwise,P1885,HUL-132638D-D0051,*********************
L,N.R.KARIYANA (SMART)-D-D-D-D-D-D,P1886,Sundry Debtor,Assets,null,SHOP NO 4GOBIND PARK,UMRA GAM,SURAT,Billwise,P1886,HUL-132638D-D0059,***********
L,SHREE SAI RAJ GEN.-D-D-D-D-D-D,P1887,Sundry Debtor,Assets,null,L-22GOVINDJI PARK,NRMOTHER MEDICALUMRA GAM,SURAT,Billwise,P1887,HUL-132638D-D0068,***********
L,VIJAY LAKSHMI TRADERS-D,P1888,Sundry Debtor,Assets,null,5 6 TAPI IND AKHAND AANAND NI SAME,MINA NAGAR NI SAME,KATARGAM,Billwise,P1888,HUL-10B234D-P42101,1
L,JAYJALARAMKARYANA-D-D-D-D-D,P1889,Sundry Debtor,Assets,null,GAVIERGAM,DUMAS,NA,Billwise,P1889,HUL-132638D-D1105,***********
L,CHAGANLALNAGINDASGANDHITRADERSD-D-D-D-D-D-D,P1890,Sundry Debtor,Assets,null,7ANNAPURNASOC.,NRC.N.GANDHI,ADAJANPATIA,Billwise,P1890,HUL-132638D-D0330,***********
L,SANJAY STORE-D-D-D-D-D,P1891,Sundry Debtor,Assets,null,VESU GAM,MAIN ROAD,VESU GAM DUMAS,Billwise,P1891,HUL-133172D-P8451,UNREGISTER
L,M.H.PATEL-D-D-D-D,P1892,Sundry Debtor,Assets,null,NANI BAZAR BHIMPOR GAM,NR BHIMPOR,BHIMPOR,Billwise,P1892,HUL-134107D-P11421,NA
L,JAY JALARAM DAIRY &amp; GEN STORE-D-D,P1893,Sundry Debtor,Assets,null,SHOP NO 12 PARTH COMP,NEAR JAY AMBE SUPER,NEW CITY LIGHT,Billwise,P1893,HUL-134107D-P11721,NA
L,GURUKRUPA GENERAL-D-D-D-D-D-D,P1894,Sundry Debtor,Assets,null,SHOP NO. 102GANDHI CHOK,ICHHAPOR-2,NA,Billwise,P1894,HUL-132638P8923,UNREGISTERED
L,SHREE MARUTIKRUPA KIRANA STORE-D,P1895,Sundry Debtor,Assets,bchauhan1667@gmail.com,70 RANGLAXMI SOC,NEAR MANSAROVAR CIRCUL,AMROLI,Billwise,P1895,HUL-10B234D-P42122,1
L,JAY PRO. STORE)PIPLOD(-D-D-D-D-D-D,P1896,Sundry Debtor,Assets,null,OPP.ANJANA TRADERS,PIPLOD,NA,Billwise,P1896,HUL-132638D-D0295,***********
L,MAA SAKAMBARI FAMILY SHOAP-D-D-D-D-D-D,P1897,Sundry Debtor,Assets,null,G-19SHIV KARTIK INCLAVE,OPP NANDINI -2,VESU,Billwise,P1897,HUL-132638D-D1104,UNREGISTERD
L,AAGAM SUPER STORE-D-D-D-D-D-D,P1898,Sundry Debtor,Assets,null,SHOP NO LG-3,AGGAMKRUPA APP.,OPP RAJSIDHI APPT,Billwise,P1898,HUL-133172D-P8519,UNREGISTER
L,SONU DAIRY AND PROVISION STORE-D,P1899,Sundry Debtor,Assets,null,G-5 AGAM CROSS ROAD,NEAR SAROJ SUPER,VESU,Billwise,P1899,HUL-134996D-P21794,********
L,SAGAR SUPER STORE -D-D-D-D-D-D,P1900,Sundry Debtor,Assets,null,G-12 AGAM KRUPA COM,RAJ SIDDHI APP,NEAR SOMESHWAR ANCLEV,Billwise,P1900,HUL-133172D-P7070,UNREGISTER
L,Simndhr Super Store-D,P1901,Sundry Debtor,Assets,null,shiv lok Soscity,katargam,Singapore road,Billwise,P1901,HUL-10B234D-P42150,1
L,NEW BHAGVATI STORE-D-D-D-D-D-D,P1902,Sundry Debtor,Assets,null,A /404 G-H-B- RUNDHA,NR VELENTINE CINEMA,VESU,Billwise,P1902,HUL-133172D-P7456,---------
L,OM KARIYANA-D-D,P1903,Sundry Debtor,Assets,patelronik18@gmail.com,HOUSE NO-72,KOLA STREET ROAD,NRBADIYA DEV TEMPLE,Billwise,P1903,HUL-134996D-P14760,-----
L,HARI OM GENERAL STORE-D-D,P1904,Sundry Debtor,Assets,null,SHOP NO-2ONGC COLONY,ONGC NAGAR,DUMAS ROAD,Billwise,P1904,HUL-134996D-P15335,----
L,SAVARIYA SUPER STORES-D-D-D-D-D,P1905,Sundry Debtor,Assets,null,13 BHAVI DARSHAN SANCUL,MAGDALLA BUS STOP,DUMAS,Billwise,P1905,HUL-132967P1350,0
L,AMI ZARA TRADESRS-D-D-D,P1906,Sundry Debtor,Assets,null,L-3 SANGEET SARITA,NR RICH BAKERY,RANDER ROAD,Billwise,P1906,HUL-132638D-D0733,***********
L,Shree Hari Kariyana-D,P1907,Sundry Debtor,Assets,null,Bhagu Nagar,Singapore Road,Bank Off Baroda,Billwise,P1907,HUL-10B234D-P42157,1
L,PATEL KARIYANA &amp; BACKRY-D-D,P1908,Sundry Debtor,Assets,null,G-1SILVER POINT,SHRUNGAR BANGLO,ALTHAN,Billwise,P1908,HUL-134996D-P15977,---
L,RADHE SHYAM STORE -D-D-D-D-D-D,P1909,Sundry Debtor,Assets,null,SHULTANA BAD GAM,DUMAS ROAD,DUMAS,Billwise,P1909,HUL-132967P0606,0
L,JANAK PROVISION STORES-D-D-D-D-D-D,P1910,Sundry Debtor,Assets,null,14 15  JIVIBA SHOPING CEN,NEAR CHINAGATE 1,UDHANA MAIN ROAD,Billwise,P1910,HUL-133172D-P14704,UNREGISTER
L,HARI OM PROVISION STORE-D-D-D-D,P1911,Sundry Debtor,Assets,null,SHRAMJIVI SOC,NR HANS KIRANA ST,UMRA GAM,Billwise,P1911,HUL-134107D-P12886,NA
L,GAYATRI DARSHAN BACKRY &amp; GENERAL STORE-D-D,P1912,Sundry Debtor,Assets,null,B-13AAGAM SHOPING WORLD,NRAGRWAL SCHOOL,ABHAVA ROAD,Billwise,P1912,HUL-134996D-P17426,----
L,PRAVIN PROVISION-D,P1913,Sundry Debtor,Assets,null,BAPU NAGAR,MAGDALLA MAIN ROAD,SURAT,Billwise,P1913,HUL-134996D-P24473,---
L,VARDHMAN PROVISION STORE-D-D-D-D,P1914,Sundry Debtor,Assets,null,G-4 GUJARAT HOUSING BOARD,NR/VALENTINE CINEMA,SURAT,Billwise,P1914,HUL-134107D-P27025,********
L,SHREE SURYA PRO.STORES-D-D-D,P1915,Sundry Debtor,Assets,null,9-VRUNADAVAN SOC.,OPP.NAKSHATRA PALTINUM,PALANPUR GAM,Billwise,P1915,HUL-132967P3714,0000
L,KRISHNA GENERAL STORE-D,P1916,Sundry Debtor,Assets,null,SHOP NO 1 SHIVAJI PARK,SOCIETY,NEAR TAPI DARSHAN,Billwise,P1916,HUL-10B234D-P42171,1
L,SHREE SAI KRUPA PROVISION-D-D-D-D,P1917,Sundry Debtor,Assets,null,NANI BAJAR,DUMAS,OP/BHARAT BEKRY,Billwise,P1917,HUL-134107D-P27272,**********
L,CITYLIGHT KIRANA STORE-D-D-D,P1918,Sundry Debtor,Assets,null,OPP.PRATHAM APP.,B/H ADITY APP.,CITY LIGHT,Billwise,P1918,HUL-134107D-P11996,NA
L,ROBIN H.BHAGAT-D-D-D-D,P1919,Sundry Debtor,Assets,null,NANI BAJAR,NR/BUS STAND,DUMAS,Billwise,P1919,HUL-134107D-P27282,******
L,LAXMI DAIRY AND KARIYANA STORE T-P-D-D-D,P1920,Sundry Debtor,Assets,null,SHOP-11GREEN VALLY RESS.,GANGESWAR MAHADEV ROAD,ADAJAN,Billwise,P1920,HUL-133172D-P20880,NA
L,JIGAR PROVISION STORES-D-D-D-D,P1921,Sundry Debtor,Assets,null,OP/POST OFFICE,SUTANABAD,DUMAS,Billwise,P1921,HUL-134107D-P27302,********
L,SHIVANGI STORES-D-D-D-D,P1922,Sundry Debtor,Assets,null,NR/BOB BANK,BHIMPORE,SURAT,Billwise,P1922,HUL-134107D-P27307,**********
L,MANSI PROVISION STORES-D-D-D-D,P1923,Sundry Debtor,Assets,null,OP/POST OFFICE,SULTANABAD,DUMAS,Billwise,P1923,HUL-134107D-P27317,********
L,LATIF PROVISION STORES-D-D-D-D,P1924,Sundry Debtor,Assets,null,OP/POST OFFICE,SULTANABAD,DUMAS,Billwise,P1924,HUL-134107D-P27322,*******
L,BHAVANI KARIYANA STORES,P1925,Sundry Debtor,Assets,null,10 11 BHUVNESHWARI IND SOC,NEAR NEW GIDC SAGAR MEDICAL NI BAJU MA,KATARGAM,Billwise,P1925,HUL-10B234D-P42178,1
L,VINUBHAI DAYALBHAI PATEL-D-D-D,P1926,Sundry Debtor,Assets,null,GARAS FADIU,NR BHARAT BEKARY,DUMAS,Billwise,P1926,HUL-134107D-P27357,0
L,NILKANTH GENERAL STORES-D-D-D-D,P1927,Sundry Debtor,Assets,null,441GORBA STREET,OP/PANI NI TANKI,MAGDALLA,Billwise,P1927,HUL-134107D-P27437,*************
L,GRAVITY MEGA MARKET-D,P1928,Sundry Debtor,Assets,null,1st Floor Essen House,Opp Regent Arcade Ghod Dod Road,Surat,Billwise,P1928,HUL-10B234D-P27708,1
L,HARDIK BAKERS D-P-T-D-D,P1929,Sundry Debtor,Assets,null,13/A NOVA APEX,SNEH SANKUL GALI,ANAND MAHAL ROAD,Billwise,P1929,HUL-134083D-P11193,NA
L,BALAJI TRADERS T-P-D-D-D,P1930,Sundry Debtor,Assets,null,12-RADHE SHYAM COMPLEX,OPP WESTERN CITY,OPP SHANKAR BEKARY,Billwise,P1930,HUL-132638D-P1194,APPLIED FOR
L,Shankheshwar Super Store-D,P1931,Sundry Debtor,Assets,vidhifashion3105@gmail.com,G35 Time Square,Near Capital Green Appt,Canal Road Vesu,Billwise,P1931,HUL-10B234D-P42185,1
L,R . SONC -D-D-D-D-D,P1932,Sundry Debtor,Assets,null,GAVIYAR GAM  NATALI  STRIT,MAGDLLA DUMAS,DUMAS ROAD,Billwise,P1932,HUL-133548D-P14693,NA
L,SAVARIYA GENERAL STORE-D-D-D-D,P1933,Sundry Debtor,Assets,null,HADPATIVASHNR BHERUNATH KIRANA,LAKVEW GARDEN,PIPLOD,Billwise,P1933,HUL-132967P1793,NA
L,BANESHWARI GENRAL STORES-D-D-D-D-D-D-D,P1934,Sundry Debtor,Assets,null,OPP. LEKVIEW GARDEN,CITYLIGHT RD,SURAT,Billwise,P1934,HUL-132967P3963,NA
L,I.K.PATEL-D-D-D-D,P1935,Sundry Debtor,Assets,null,JUNA HANUMAN TEMPLE,BHIMPOR GAM,BHIMPOR,Billwise,P1935,HUL-134107D-P12531,NA
L,DEV NARAYAN KIRANA STORE -D-D-D-D-D,P1936,Sundry Debtor,Assets,null,DARJI MOHALLA MAGDLLA GAM,MAGDLLA DUMAS,ROAD,Billwise,P1936,HUL-132967P0631,0
L,VIMAL STORE-D-D-D,P1937,Sundry Debtor,Assets,null,BHIMPUR GAM,BHIMPUR GAM,BHIMPUR GAM,Billwise,P1937,HUL-134107D-P12641,NA
L,RAMESWAR SUPER STORES-D,P1938,Sundry Debtor,Assets,null,45 SIVE NAGER,AAMBATALWADI,KSTARGAM,Billwise,P1938,HUL-10A225D-P62962,1
L,RAJ STORES-D-D-D-D,P1939,Sundry Debtor,Assets,null,4-VAIDIKA APPT BH SARGAM SHOPING CENTRE,SOMNATH MAHADEV RD,PIPLOD,Billwise,P1939,HUL-134107D-P13016,NA
L,HARI OM ANAJWALA-D-D-D-D-D-D,P1940,Sundry Debtor,Assets,null,Srt,ICCHANATH ROAD,SURAT,Billwise,P1940,HUL-132638D-D0004,24220300312
L,SHIV SHAKTI SUPER MARKET-D-D-D-D-D,P1941,Sundry Debtor,Assets,null,SHOP NO 7 RUDRAM ENCLAVE,NEAR L.P.SAVANI ACD,VESU,Billwise,P1941,HUL-133172D-P14749,UNREGISTER
L,BAGHRECHA SUPER(SMART)-D-D-D-D-D-D,P1942,Sundry Debtor,Assets,null,L-48SARGAM SHOP. CENTRE,BELOW RAJKIRAN BHANDAR,SURAT,Billwise,P1942,HUL-132638D-D0045,***********
L,BAHUCHER KIRANA PRO&amp;DAIRY-D-D-D-D-D,P1943,Sundry Debtor,Assets,null,2-3B/H SARGAM SHOPPING CENTER,GOKUL ROW HOUSE,SRT,Billwise,P1943,HUL-132638D-D0046,UNREGISTERED
L,DEVKRUPA KIRANA STORE-D-D-D-D,P1944,Sundry Debtor,Assets,null,SMC QUARTER PIPLOD,NR OM SAI KIRANA ST,PIPLOD,Billwise,P1944,HUL-134107D-P10631,NA
L,BALAJI SUPER STORE-D-D-D-D,P1945,Sundry Debtor,Assets,null,SHOP NO-37,SHIV KARTIK ANCLAVE,VESU,Billwise,P1945,HUL-133172D-P17729,NA
L,Shree Umiya Genral Store T-D-P-D-D,P1946,Sundry Debtor,Assets,null,Shop -7 /B Sundram Complex,Near Nutn Row House Pal Gam Road,Surat,Billwise,P1946,HUL-133539D-P8465,0
L,SHYAM SUPER STORES(SMART)-D-D-D-D-D-D,P1947,Sundry Debtor,Assets,null,L-1 GOLDEN EVEON APPART.,NEAR CITILIGHT KARAYANA,CITYLIGHT,Billwise,P1947,HUL-132638D-P1134,UNREGISTERED
L,CHIRAG KARYANA STORE-D-D-D-D-D-D,P1948,Sundry Debtor,Assets,null,DEVASHISH APPT,OPP-SVR COLLEGE,NR-ICCHANATH MEDICAL,Billwise,P1948,HUL-132638D-P11510,***********
L,SANA PRO STORES-D-D-D-D-D-D-D,P1949,Sundry Debtor,Assets,null,SHOP NO.8 RIVER POINT,NEAR RANDER ROAD,RANDER ROADSURAT,Billwise,P1949,HUL-133539D-P8673,0
L,Daimond Kariyana Store-D,P1950,Sundry Debtor,Assets,null,Ved Road,Singapore Road,Katargam,Billwise,P1950,HUL-10B234D-P42269,1
L,JAY AMBE SUPER STORE -P-D-D-D-D-D,P1951,Sundry Debtor,Assets,null,SHOP NO -14 PARTH SHOPING CENTER,ASHRWAD RSI DENSI,NEW CITILIGHT,Billwise,P1951,HUL-133172D-P7064,UNREGISTER
L,Bhramani Treders-D,P1952,Sundry Debtor,Assets,maheshgolakiya9923@gmail.com,25 Nava Farya Corner,Singanpore,Causway Road,Billwise,P1952,HUL-10B234D-P26530,1
L,SAIDEV SUPER STORES-D-D-D-D-D,P1953,Sundry Debtor,Assets,null,PL NO-108ADARSH SOC,NR GOKULAM DAIRY,ATHAVALINE,Billwise,P1953,HUL-133172D-P7161,UNREGISTER
L,ISVARBHAI MOHANBHAI-D-D-D-D-D-D,P1954,Sundry Debtor,Assets,null,P.N.B-64ADRSH SOC. PACHATWARG,NR.SURBHI KARYANAADARSH SOC.,GHOD DOD ROAD,Billwise,P1954,HUL-132638D-D0260,***********
L,JEMINI TRADERS-D-D-D-D-D-D,P1955,Sundry Debtor,Assets,null,OPP.GEB STATION,UMARA GAM,SURAT,Billwise,P1955,HUL-133172D-P7440,---------
L,JAYJALARAMGENSTORES)BHARATBHAI(-D-D-D-D-D-D,P1956,Sundry Debtor,Assets,null,B-111ADARSHSOC.PACHATWARG,NR.RAJESHSTORE,GHODDODROAD,Billwise,P1956,HUL-132638D-D0265,UNREGISTERED
L,Parivar Kirana Stores-D,P1957,Sundry Debtor,Assets,null,SHOP NO 12 HANUMAN MANDIR KATARGAM SURAT,Katargam Bus Stand,Katargam,Billwise,P1957,HUL-10B234D-P42283,1
L,GAYATRI KARYANA  &amp;  PRO. STORES-D-D-D-D-D-D,P1958,Sundry Debtor,Assets,null,5 BEHAIND AXIS BANK NR.MANILAL STORES,GHOD DOD ROAD,SURAT,Billwise,P1958,HUL-132638D-D0232,24220300525
L,ARIHANT KARIYANA STORE-D-D,P1959,Sundry Debtor,Assets,null,SHOP NO-125,VAISHALI SHOPING CENTRE,PANAS GAMCITILIGHT ROAD,Billwise,P1959,HUL-134996D-P15634,----
L,Chamunda Super Store-D,P1960,Sundry Debtor,Assets,null,1Prizm Shopping Center,NEAR PETROL POP,AmroliSurat,Billwise,P1960,HUL-10A225D-P62686,1
L,NEW ANJANA TRADERS )PIPLOD JAKAT NAKA(-D-D-D-D-D-D,P1961,Sundry Debtor,Assets,null,20SARSWATI JAKATNAKA,OPP.HAREB PRO.PIPLOD,NA,Billwise,P1961,HUL-132638D-D0286,UNREGISTERED
L,MA LAXMI KIRANA STORE-D-D-D-D-D-D,P1962,Sundry Debtor,Assets,null,NEAR R.SONS,GAVYAGAM,NA,Billwise,P1962,HUL-132638D-P1267,***********
L,SHREE SAGAR SUPER-D-D-D-D-D-D,P1963,Sundry Debtor,Assets,null,G-7 AGAM ENCLAVE,OP/SOMESHWAR GATE,VESU,Billwise,P1963,HUL-133172D-P8455,UNREGISTER
L,UMIYA TRADERS-D-D-D-D-D-D,P1964,Sundry Debtor,Assets,null,RIDHI APT,NEAR JALARAM MANDIR,L.P. SAVANI ROAD,Billwise,P1964,HUL-133172D-P8643,UNREGISTER
L,POOJA KARIYANA-D-D,P1965,Sundry Debtor,Assets,null,PLOT NO-80,U.P NAGAR,CITILIGHT ROAD,Billwise,P1965,HUL-134996D-P15739,---
L,BHOLENATH KIRANA STORES-D-D-D,P1966,Sundry Debtor,Assets,null,28-SAI MILAN RESIDANCY,PALANPUR GAM,SURAT,Billwise,P1966,HUL-133539D-P8361,0
L,JAY AMBE MISHRA KIRANA ST-D-D-D-D,P1967,Sundry Debtor,Assets,null,UP NAGAR NR HANUMAN TEMPLE,NR JAY AMBE KIRANA ST,CITY LIGHT,Billwise,P1967,HUL-134107D-P10981,NA
L,KAVITA STORES-D-D-D-D,P1968,Sundry Debtor,Assets,null,G-H-B B/H VARDHMAN PRO,NR VELENTINE CINEMA,VESU,Billwise,P1968,HUL-133172D-P7544,***************
L,SHREE BHARMANI DAIRY &amp; PRO STORES-D-D-D,P1969,Sundry Debtor,Assets,null,64-RAJ WORLD,OPP.NILKANTH RESIDANCY,PALANPUR GAM,Billwise,P1969,HUL-133539D-P8469,0
L,MILAN KIRANA STORE-D-D-D-D-D-D,P1970,Sundry Debtor,Assets,null,PANAS GAAM,NR. NAHAR,PANAS GAM,Billwise,P1970,HUL-133343D-P13603,APPLIED FOR
L,SHAGUN SUPER STORE-D-D-U2NC,P1971,Sundry Debtor,Assets,null,3 BLUTRIYO GREEN CITY,SAMNE PAL BHATA RD,ADAJAN SURAT,Billwise,P1971,HUL-134733D-P6900,APPLIED
L,The Adajan Vi.Vi.Karykari Sahkari Mandali-D,P1972,Sundry Debtor,Assets,null,L.N.B Daliya High School,Near Vijaya Laxmi Hights,Adajan Gam,Billwise,P1972,HUL-10B234D-P42311,1
L,APEXA-D,P1973,Sundry Debtor,Assets,null,Shop No 5,Pal Shopping Centre,ALTHAN BHOMRAD CANAL RORD,Billwise,P1973,HUL-10A176D-P59521,1
L,TAPI PROVISION STORE-D,P1974,Sundry Debtor,Assets,null,Govindgi Parkh,UMRAGAM,SHOP.NO L23,Billwise,P1974,HUL-10A176D-P59594,1
L,Nansi Store-D,P1975,Sundry Debtor,Assets,null,P No 464,Juna Street,Bhimpor Surat,Billwise,P1975,HUL-10A176D-P59619,1
L,VIMAL PRO. STORE-D-D-D-D-D-D,P1976,Sundry Debtor,Assets,null,10SANIDHA FLATS,BEHIND GANGESHWAR MAHADEV,CLASSIC POINT,Billwise,P1976,HUL-132638D-D1042,***********
L,Shree Ganesh Trders-D,P1977,Sundry Debtor,Assets,null,Govindji Parkh,Umraa Gam,Shop.No.1,Billwise,P1977,HUL-10A176D-P60355,1
L,Keval Store-D,P1978,Sundry Debtor,Assets,null,Shivani Samne App,Umragam,Shivani Plats Samne,Billwise,P1978,HUL-10A176D-P60360,1
L,BHAVNA PROVISION STORES-D-D-D-D-D-D,P1979,Sundry Debtor,Assets,null,OPP-SANTOSHI MATA MANDIR,NA,NA,Billwise,P1979,HUL-132638P9218,UNREGISTERED
L,RAHMAT STORE-D,P1980,Sundry Debtor,Assets,rehmanansari8518@gmail.com,SHOP NO-1PANCHVATI SOC,OPP-PAKIIZA SOC,RANDER  TARWADI ROAD,Billwise,P1980,HUL-134996D-P25753,11
L,UMA DAIRY &amp; KIRANA STORES-D-D-D,P1981,Sundry Debtor,Assets,null,RAMKUTIR APP.,B/H GANEGESHWAR TEMPAL,HUNNY PARK RD,Billwise,P1981,HUL-133539D-P8753,APPLIYED FOR
L,Maa Krupa Genral Store-D,P1982,Sundry Debtor,Assets,null,Sumaa Dudh Dairy,New Sony Fadiya,Dumass,Billwise,P1982,HUL-10A176D-P61080,1
L,Shree Ranuja Kirana-D,P1983,Sundry Debtor,Assets,null,Shop No 1 Dumas Parsiwad,Near Dudh Dairy,Dumas Gam,Billwise,P1983,HUL-10A176D-P61081,1
L,Ashapura Supar Stor-D,P1984,Sundry Debtor,Assets,null,No1,L&amp;T Nagar,Magadll Gam,Billwise,P1984,HUL-10A176D-P61106,1
L,Tulsi Store-D,P1985,Sundry Debtor,Assets,null,Shop No 3 4 Raj Mandir Plaza,Near Surya Residency,Vesu,Billwise,P1985,HUL-10A176D-P61609,1
L,HARI OM JANRAL STORE-D,P2275,Sundry Debtor,Assets,null,SHOP.1.MAHAVIR COMPLEX NR RDDHI SHIDDHI KIRANA,SHOP 1.MAHAVIR COMPLEX NR RIDDHI SHIDHI KIRANA,SHOP 1.MAHAVIR COMPLEX NR RIDDHISHIDHI KIRANA.Ran,Billwise,P2275,HUL-10A225D-P67182,1
L,Vihang Provision And Genra Store-D,P2276,Sundry Debtor,Assets,null,Shope No 5 Navkaar Flate,Jalaraam Mandir Road,Adajan Surat,Billwise,P2276,HUL-10A225D-P67332,1
L,SUNCITY Kirana-D,P2277,Sundry Debtor,Assets,null,Shop No 1,SUNCITY Appartment,Near Bhanki Stadum,Billwise,P2277,HUL-10A225D-P67373,1
L,Kazi Store-D,P2278,Sundry Debtor,Assets,null,Anuragni Baju Ma,Shop.No.1,Royal Park,Billwise,P2278,HUL-10A225D-P67398,1
L,RAMESHWAR GEN.STORES-D-D-D-D-D-D-D,P2279,Sundry Debtor,Assets,null,A-2SHREEJI COMPLEX,BEHIND BUS STOPADAJAN GAM,ADAJAN CIRCLE,Billwise,P2279,HUL-132638D-D0998,***********
L,SHREE RISHABH KIRANA-D,P2280,Sundry Debtor,Assets,null,4 SAURABH FLATS,NR TGB HOTEL,PAL,Billwise,P2280,HUL-10A225D-P67644,1
L,BHAGY LAXMI PROVISION-D,P2281,Sundry Debtor,Assets,null,SWAMI NARAYAN APARTMENT,CANAL ROAD,ADAJAN,Billwise,P2281,HUL-10A225D-P68461,1
L,JAY JALARAM KIRANA STORE-D,P2282,Sundry Debtor,Assets,null,SWAMI NARAYAN APARTMENT,CANAL ROAD,ADAJAN,Billwise,P2282,HUL-10A225D-P68466,1
L,Sagar Kirana Store-D,P2283,Sundry Debtor,Assets,null,Ankur Shopping Senators.2 Palanpur Patiya Randher,Ankur Shopping Senators.2 Palanpur Patiya Randher,Ankur Shopping Senators.2 Palanpur Patiya Randher,Billwise,P2283,HUL-134996D-P13813,***
L,ATMIYA PROVISION STORE-D,P2284,Sundry Debtor,Assets,null,MINIVEERPUR,NR JALARAM MANDIR,CANAL ROAD,Billwise,P2284,HUL-10A225D-P68501,1
L,Saiyad Store-D,P2285,Sundry Debtor,Assets,null,2 Kasaiwad Near Mashjid,Rander Market,Surat,Billwise,P2285,HUL-10A225D-P68612,1
L,WELCOME PROVISION STORE-D,P2286,Sundry Debtor,Assets,null,SANGVI TOWER DARGA NI BAJU MA,LG20,GUJRAT GAS CRICLE,Billwise,P2286,HUL-10A225D-P68643,1
L,BALAJI TRADERS-D,P2287,Sundry Debtor,Assets,null,468 KRISHNA NAGAR SOCITY ICHHAPUR,GET NO. 3 ICHHAPUR SURAT,Opp. SHREE DEV NARAYAN SUPER STOR,Billwise,P2287,HUL-10A225D-P68649,1
L,CHARMIS GENERAL  STORES-F-D-D-D-D,P2288,Sundry Debtor,Assets,null,1920. NR.UTTAM MEDICAL,UMARA-CHANDANI CHOCK,NA,Billwise,P2288,HUL-133172D-P3377,UNREGISTERED
L,Om Pro. &amp;  Gen Stores-D-D,P2289,Sundry Debtor,Assets,null,Khidayat Nagar,Palanpur Rd,Opp Kamal Store,Billwise,P2289,HUL-134996D-P13436,************
L,BAPA SITARAM PROVISON STORE-D,P2290,Sundry Debtor,Assets,null,PATEL &amp; SUNOOP GAJERA ROAD,UMAA RESIDENTS,KATARGAM,Billwise,P2290,HUL-10A225D-P63564,1
L,SHRIJI DAIRY AND PROVISSION STORE T-P-D-D-D,P2291,Sundry Debtor,Assets,null,SHOP-1 SUKAN APP. OPP. SADAMAN ROW HOUSE,PARSORAM GARDEN ROAD,(GANGESWAR MAHADEV ROAD),Billwise,P2291,HUL-133172D-P18394,NA
L,I SHREE KHODAL KARYANA-D-D,P2292,Sundry Debtor,Assets,null,SHIV CHAYA APT,OPP SHYAM KARYANA,PALANPUR JAKATNAKA,Billwise,P2292,HUL-134996D-P13441,***
L,MAHADEV SUPER STORE-D-D,P2293,Sundry Debtor,Assets,null,SIDDHIVINAYAK APT,OPP AVKAR DAIRY,PALANPUR RD,Billwise,P2293,HUL-134996D-P13451,***
L,KALYAJI PROVISION STORE-D-D-D-D-D-D-D,P2294,Sundry Debtor,Assets,null,30RUCHI SHOP CENTER,OP/ICHHAPORE POLICE CHOWKI,KAWAS GAMHAZIRA ROAD,Billwise,P2294,HUL-133172D-P14646,******
L,JAY AMBE PROVISION STORE-D-D,P2295,Sundry Debtor,Assets,null,PALANPUR ROAD,NRAMDAVADI TAVA FRY,ADAJAN,Billwise,P2295,HUL-134996D-P16908,---
L,AMAR TRADERS*AMROLI*-D-D-D-D-D,P2296,Sundry Debtor,Assets,null,7VARDHMAN SOCAMROLI MAIN ROAD,OPP-JAIN DERASAR,NA,Billwise,P2296,HUL-101471D-MSA546,111111
L,PAVAN SUPER STORE*AMROLI*-D-D-D-D-D,P2297,Sundry Debtor,Assets,null,G-3/4SHANKESHWAR COMPLEXKOSAD ROAD,OPP-BANK OF BARODA,NA,Billwise,P2297,HUL-101471D-MSA1115,24722500489
L,VARDHAMAN GENRAL STORES-D-D-D-D,P2298,Sundry Debtor,Assets,null,19-20/SUNNY RESD.NR DEVNARAYAN SUPER STORES,OPP PARSHURAM GARDEN,ADAJAN,Billwise,P2298,HUL-132638D-D0591,***********
L,Uday Telecom-D-D,P2299,Sundry Debtor,Assets,null,Rishikesh Building,Madhuvan Society,S,Billwise,P2299,HUL-133172D-P18674,NA
L,BHERUJI KARIYANA  &amp; GEN STO*AMROLI*-D-D-D-D-D,P2300,Sundry Debtor,Assets,null,SHOP NO 1PALAK RESIDENCY,NEW CROSS  KOSAD ROAD,AMROLI,Billwise,P2300,HUL-101471D-P15855,NO
L,KHETLAJI KIRANA STORE-D-D-D-D-D-D,P2301,Sundry Debtor,Assets,null,SHOP NO.3  PRATHNA RESYDENCY,OPP.NILKANTH APPT.,AMROLI,Billwise,P2301,HUL-133343D-P17182,24222500167
L,Shyam Akshat Sapra -D-D-D-D-D,P2302,Sundry Debtor,Assets,null,Sweet Jogani Chambar,Mansarowar Sarcal,Op New Jalaram Party Plot,Billwise,P2302,HUL-101471D-MSA879,11111
L,SHREE VARODH GENERAL-D-D-D-D-D-D,P2303,Sundry Debtor,Assets,null,MORA TEKRANR-KRISHNA TALKIS,NA,NA,Billwise,P2303,HUL-132638P9225,UNREGISTERED
L,Pasavr Nath Kariyana-D,P2304,Sundry Debtor,Assets,null,Vodnanbar 19 E Shop .1,Aaditya Park Apatmant,Libachiya Fadiyou,Billwise,P2304,HUL-10B234D-P26647,1
L,JALA SAI GENRAL STORE T-P-D-D-D,P2305,Sundry Debtor,Assets,null,SUNLIGHT APP.SHOP-10,JHANGHIR PURA UGAT ROAD,,Billwise,P2305,HUL-133343D-P17839,APPLYED
L,NILKANTH STORES-D-D-D-D-D-D-D,P2306,Sundry Debtor,Assets,null,ANJALI RESIDENCY,OPP.ISCON MANDIR JAHAGIR PURA,JAHAGIRPURA,Billwise,P2306,HUL-133539D-P8481,0
L,MAMATA GEN*AMROLI****D*-D-D-D-D,P2307,Sundry Debtor,Assets,null,6NR JAI DARASAR COLLEGE ROAD,OPP PUL,NA,Billwise,P2307,HUL-101471D-MSA1093,24222500270
L,MILK GANGA STORE T-D-P-D-D,P2308,Sundry Debtor,Assets,null,6SARTHAK REES.,PAL GAV  ROAD ADAJAN SURAT,SURAT,Billwise,P2308,HUL-133343D-P17620,APPLYED
L,OM SAI SUPER-D-D,P2309,Sundry Debtor,Assets,null,COLLEGE ROAD,AMROLI GAM,SURAT,Billwise,P2309,HUL-101471D-MSA1995,1111
L,SHREE BHERUNATH PRO STORES-D-D-D,P2310,Sundry Debtor,Assets,null,11-SAGUN RESIDANCY,OPP AASHARM VARIYAV RD,JAHANGIRPURA MORA BHAGAL,Billwise,P2310,HUL-133343D-P17581,APPLYED
L,PARSURAM STORE-D-D,P2311,Sundry Debtor,Assets,null,214SHATIGAM COMPLEX,NRGUJRAT GAS CIRKAL,ADAJAN,Billwise,P2311,HUL-134996D-P14865,-----
L,JAY MAHAKALI SUPER STORES-D,P2312,Sundry Debtor,Assets,null,NEAR I C GANDHI HAI SHCOOL,SUMUL DARI ROAD,KATARGAM,Billwise,P2312,HUL-10A225D-P63609,1
L,SHREENATH PROVISSION STORE P-P-D-D,P2313,Sundry Debtor,Assets,null,SHOP-4 ASARAM COMPLEX  NEAR SMC QUATERS,NEAR SARITA DAIRY GALI,HONY PARK ROAD,Billwise,P2313,HUL-133548D-P17493,NA
L,ANKUR SUPER STORE-D,P2314,Sundry Debtor,Assets,null,SHOP NO 6 ANKUR HITES AMV PATEL CRICAL,NI NAGIK SHUBASH GARDAN,JAHNGIROURA,Billwise,P2314,HUL-134996D-P23466,***********
L,MUKESH KIRANA-D,P2315,Sundry Debtor,Assets,null,SHOP NO- 9 MINA NAGAR SOC,B/H AKHAND ANAD COLLEGE,N.A.,Billwise,P2315,HUL-134083D-P10840,NA
L,Narnarayan Janral-D,P2316,Sundry Debtor,Assets,null,Aadarsh Vila Residanshy,Chapra Bhatha Roaad,Aadarsh Nagar,Billwise,P2316,HUL-10A225D-P63642,1
L,YOGESH TRADERS-D-D-D-D,P2317,Sundry Debtor,Assets,null,NR NARANYAN NAGAR MARKET,OPP LAXMI NAGAR,KATARGAM SINGANPUR MAIN ROAD,Billwise,P2317,HUL-132967P2541,0
L,BHOLE GENERAL STORE-D-D-D-D,P2318,Sundry Debtor,Assets,null,SHOP NO-3VAIKANTHDHAM APP,BHAGU NAGAR -1,NR WATER TANK,Billwise,P2318,HUL-134508D-P10228,---
L,SITA RAM BACKARY &amp; GENRAL STORE -D-D,P2319,Sundry Debtor,Assets,null,SHOP NO 2 RAVI COMPLEX,MAHAVIR NAGAR SOCINR GAJEARA CIRCLE,KATARGAM  AMROLI RD SURAT,Billwise,P2319,HUL-134083D-P43355,NA
L,SHREE DHANLAXMI SUPER STORES-D-D-D-D,P2320,Sundry Debtor,Assets,null,1-ARHANT ARCAD,OPP SA RAM HEIGHT,PALANPUR GAM,Billwise,P2320,HUL-133343D-P11536,APPLIED FOR
L,GANESH GEN *VED ROAD*SMRAT*-D-D-D,P2321,Sundry Debtor,Assets,null,SHOP NO 33DHRUVTARAK SOCIETY,VED ROADKATARGAM,NA,Billwise,P2321,HUL-101471D-MSA2036,24222703422
L,SHREE BHOMIYAJI SUPER STORE-D-D-D-D,P2322,Sundry Debtor,Assets,null,SHOP NO-5 ASHIRWAD PALACE,NEW TREVENI SOC.,SINGANPOREOPP. TARAN,Billwise,P2322,HUL-134083D-P56336,NA
L,MAHALAXMI DAIRY &amp; PROVISION STORE-D-D-D-D,P2323,Sundry Debtor,Assets,null,DANAASHISH SOC.,CHIKUWADI RD,KATARGAM SURAT,Billwise,P2323,HUL-134083D-P56526,NA
L,Je Bherunath Janral-D,P2324,Sundry Debtor,Assets,null,Amroli Sayan Road,Srusti Ro House,Aastha Residancy,Billwise,P2324,HUL-10A225D-P63648,1
L,AMBIKA PROVISION-D,P2325,Sundry Debtor,Assets,null,MORA TEKRA Hakra ROAD SURAT Nr Khushi Janaral,Mora TEKRA Hajira Road Surat,Mora TEKRA Hajira Road Surat,Billwise,P2325,HUL-10B234D-P28042,1
L,MAHALAXMI GEN.*MAGAN NAGAR*-D-D-D,P2326,Sundry Debtor,Assets,null,SHYAM APT,78SHYAM APPRTMAGAN NAGAR-2,DHANMORA ROAD,Billwise,P2326,HUL-101471D-MSA1994,1111
L,MATAJI KARIYANA &amp; GENERAL STORE-D-D-D-D,P2327,Sundry Debtor,Assets,null,SHOP NO-13SAI PUJAN RESIDENSY,OPP-UTRAN REAILWAY STATION,AMROLI,Billwise,P2327,HUL-134508D-P10442,---
L,SHREE SATI SUPER MARKET- D-D-D-D,P2328,Sundry Debtor,Assets,null,SHOP NO-12,PLOT NO 4-5,DEVDEEP SOC VIBHAG -2,Billwise,P2328,HUL-134508D-P10633,---
L,JANTA PROVISN-D-D-D,P2329,Sundry Debtor,Assets,null,G/4 PRABHUDARSAN COMPLEX,AMROLI,AMROLI,Billwise,P2329,HUL-134083D-P12131,NA
L,GURUKRUPA KIR *AMROLI GHB*-D-D-D-D-D,P2330,Sundry Debtor,Assets,null,SHOP 964 PARTH SOCSAYAN ROAD,FIRE BRIGADE,NA,Billwise,P2330,HUL-101471D-MSA968,24222501696
L,GANDHI SUPER STORES-D-D,P2331,Sundry Debtor,Assets,null,MOTI FALIYA,KOSAD GAM,S,Billwise,P2331,HUL-134083D-P12221,NA
L,Mahaveer Kariyana -D,P2332,Sundry Debtor,Assets,null,135 JKP Nagar Dhanmora,Chok Road,Katargam,Billwise,P2332,HUL-134107D-P13291,NA
L,SHREE MAHALAXMI  KARYANA &amp; PRO.-D-D-D-D-D-D-D,P2333,Sundry Debtor,Assets,null,E-S1SWASTIK PARK,OPPDIVYANAND SCHOOLRANDER ROAD,SURAT,Billwise,P2333,HUL-132638D-D0615,***********
L,Shree Hanuman Super Store-D,P2334,Sundry Debtor,Assets,null,Bapa Seetaram,Chok Dabholi Road,SURAT,Billwise,P2334,HUL-132967P0516,0
L,SWAMI SHREEJI STORE-D,P2335,Sundry Debtor,Assets,null,5 SHIVANJALI HUB,MORABHAGAL,ADAJAN,Billwise,P2335,HUL-10B234D-P28059,1
L,VISHAL GENERAL-D-D,P2336,Sundry Debtor,Assets,null,AMROLI MAIN ROAD,AMROLI MAIN ROAD,S,Billwise,P2336,HUL-134083D-P11636,NA
L,Umiya Dairy &amp; Genral-D-D,P2337,Sundry Debtor,Assets,null,Plot No.3,Gayatri Nager Soc,Nr Prandnya School,Billwise,P2337,HUL-134083D-P53229,NA
L,LUCKY GENRAL-D-D-D-D-D-D-D,P2338,Sundry Debtor,Assets,null,SSHOP NO .,PALANPUR PATIYA,GANESH MANDIR,Billwise,P2338,HUL-132638D-D0903,***********
L,HARI HAR PATANJALI STORES-D-D-D-D,P2339,Sundry Debtor,Assets,null,KHODIYAR KRUPA APP.,MAGAN NAGAR-2 OPP.PAINTER,RANGDEEPGHANMORA,Billwise,P2339,HUL-134083D-P54843,NA
L,PURNIMA GENERAL STORE(MORABHAGAL)-D-D-D-D-D-D,P2340,Sundry Debtor,Assets,null,MORA BHAGAL,RNDER,SURAT-5,Billwise,P2340,HUL-133172D-P3997,24220101007
L,SHREEJI STORES-D-D-D,P2341,Sundry Debtor,Assets,null,SHOP NO. A/3,GAUTAM PARK APPT; GUJARAT HOUSING BOARD,SAYAN ROAD,Billwise,P2341,HUL-134083D-P12271,NA
L,SHIVKRUPA DAIRY &amp; PROVISION ST-D-D-D-D-D-D-D-D-D,P2342,Sundry Debtor,Assets,null,A-5 SHIV CHATRA REES.,NEAR DN SUPER,,Billwise,P2342,HUL-132967P1894,NA
L,SHREE HARI GENERAL STORES-D-D-D-D,P2343,Sundry Debtor,Assets,null,SHOP NO-1 APPLE AWANYU,HARI DARSHAN SOC.,KOZWAY RDSINGANPORE,Billwise,P2343,HUL-134083D-P56381,NA
L,SWAMINARAYAN SUPER STORE-D-D-D-D,P2344,Sundry Debtor,Assets,null,PL NO-83HAREKRISHNA SOC.,RAMAN NAGAR RD,SURAT.,Billwise,P2344,HUL-134083D-P56486,NA
L,MARUTI GENERAL STORE-D-D-D-D-D,P2345,Sundry Debtor,Assets,null,MILLENIUM PARK SAYAN ROAD,AMROLI,SURAT,Billwise,P2345,HUL-101471D-P16148,NO
L,NIPRA SUPERMARKET-D,P2346,Sundry Debtor,Assets,null,G  32 HAPPY HALLMARK SHOPPERS,NEAR CELEBRITY GREEN BLDG,ABHAVA RD VESU SURAT,Billwise,P2346,HUL-10B234D-P28066,1
L,BAYOSHA PROVISION STORE-D-D-D-D,P2347,Sundry Debtor,Assets,null,SHOP NO-2PL NO-13,LALITA PARK LALITA CHOUKADI,KATARGAM SURAT.,Billwise,P2347,HUL-134083D-P56556,NA
L,JANTA KARIYANA-D-D-D-D,P2348,Sundry Debtor,Assets,null,VARIYALI BZR,RUBY COMPLEX,SHOP NO-1,Billwise,P2348,HUL-134083D-P57992,NA
L,SAYYAID PRO.STORE-D(SAYYAIDBHAI)-D-D-D,P2349,Sundry Debtor,Assets,null,1/2,RANDERSHAKMARKET,SURAT,Billwise,P2349,HUL-132638D-D0657,***********
L,SURAJ SUPER STORES-D-D-D-D,P2350,Sundry Debtor,Assets,null,AAKASH RESIDENCY SHOP NO-1,SUMAN DARSHAN  KA PASS,SIGPUOR ROAD KATARGAM,Billwise,P2350,HUL-134083D-P58229,NO
L,MAYUR KIRANA STOER-D-D-D,P2351,Sundry Debtor,Assets,null,BALVANTA NAGAR,SIGANPUOR CHAR RASTA,VED ROAD SURAT,Billwise,P2351,HUL-134083D-P59836,NO
L,Balaji Super  STORE-D-D-D-D-D-D,P2352,Sundry Debtor,Assets,null,6  Veerbhadra Avenew,Green City  Pal,Surat.,Billwise,P2352,HUL-133172D-P3796,UNREGISTERD
L,PATAL GEN STORE-D-D-D,P2353,Sundry Debtor,Assets,null,MAGAN NAGAR -2NI BHAJU MA,KATRAGAM GOPINATH,KATRAGAM,Billwise,P2353,HUL-134083D-P59841,NO
L,Shree Hari Mart-D,P2354,Sundry Debtor,Assets,null,#%&amp;*()+.,Dabholi Gam,Same,Billwise,P2354,HUL-10B234D-P28103,1
L,HARIKRISHNA GEN STORE-D-D,P2355,Sundry Debtor,Assets,null,UDHAY NAGAR -2,GAYATRI SHCOOL KA,BHAJU MA KATARGAM,Billwise,P2355,HUL-134083D-P59881,NO
L,SHREEKHETESHWARGEN&amp;PRO.STORE-D-D-D-D-D-D-D,P2356,Sundry Debtor,Assets,null,4MOUNTAVENUE,PALROADNR.PALJAKATNAKA,NA,Billwise,P2356,HUL-132638D-D0827,***********
L,SHREE BRHMANI KRUPA BAKRRY-D,P2357,Sundry Debtor,Assets,null,17 Sahyog Park Sosicty 2 Aamba Talavdi Katargam Su,Same,Same,Billwise,P2357,HUL-10A225D-P63708,1
L,SHUBHAM KIRANA STORE-D,P2358,Sundry Debtor,Assets,null,VED ROAD MINANAGAR,SOC OPP NAVNIDHI MEDICAL,-,Billwise,P2358,HUL-101471D-P15940,NO
L,RAJ TOBACCO*VED TRILOK-D-D-D,P2359,Sundry Debtor,Assets,null,NO-39BPANDOL SHOPP CENTRE,NR-NANI BAHUCHARIJI MANDIRVED ROAD PANDOL,NA,Billwise,P2359,HUL-101471D-P13726,NO REG
L,Bapa Seetaram General  Store-D,P2360,Sundry Debtor,Assets,null,52-53 Shiv Nagar Soc.,Katargam Lalita Chokdi,SURAT,Billwise,P2360,HUL-133343D-P16069,APPLIED FOR
L,Arbuda Kirana Store-D,P2361,Sundry Debtor,Assets,null,2-G Keshv Kunj Appt.,Hanuman Faliya,Katargam Main Road,Billwise,P2361,HUL-133548D-P14968,NA
L,Khodal Sabu Bhandar &amp; Wasing Powder-D,P2362,Sundry Debtor,Assets,null,7 Santoshi Shopping Center,Lalita Chokdi Amba Talawadi Road,Katargam,Billwise,P2362,HUL-133548D-P15808,NA
L,Lal Krupa Bakery -D,P2363,Sundry Debtor,Assets,null,16 Radha Baugh Soc. Magan Nagar,Shak Market,Katargam,Billwise,P2363,HUL-133548D-P16288,NA
L,Umiya Palastik Sabu-D,P2364,Sundry Debtor,Assets,null,Balavant Nagar,Bhavani Namkin K Age,Ashok Nagar,Billwise,P2364,HUL-10A225D-P63727,1
L,GOPALSONS-D-D-D-D-D-D-D,P2365,Sundry Debtor,Assets,null,1/2CHIRAGAPP.NR.BANKOFINDIA,ADAJANGAM,SURAT,Billwise,P2365,HUL-132638D-0928,24220200103
L,GHANSHYAM PROVISION (PALANPUR)-D-D-D-D-D-D-D,P2366,Sundry Debtor,Assets,null,20ASANKALP COMPLEXSHIV CEMPAS,NR AMBIKA GEN STORE-L.P SAVANI ROAD,SURAT,Billwise,P2366,HUL-132638D-D1078,***********
L,Gautam Provision Store-D,P2367,Sundry Debtor,Assets,null,Nilkanth Soc. Amba Talavdi,Road Lalita Chodi,Katargam,Billwise,P2367,HUL-133548D-P5933,NA
L,SADGURU PROV &amp; DAIRY,P2368,Sundry Debtor,Assets,null,COLLEGE ROAD,AMROLIGAM,S,Billwise,P2368,HUL-133172D-P15709,NA
L,AMBIKA KIRANA-D-D-D,P2369,Sundry Debtor,Assets,null,DAIRY FALIU,KATARGAM,SURAT,Billwise,P2369,HUL-133548D-P6137,0
L,Umiya Dairy -D,P2370,Sundry Debtor,Assets,null,G-1 Magan Nagar,Katargam Road,Surat,Billwise,P2370,HUL-132967P3264,NA
L,Shree Durga Kariyana  -D-D-D-D-D-D-D,P2371,Sundry Debtor,Assets,null,Ugat Road,Nr.Duraga Marble,Mora Bhagal Road Surat,Billwise,P2371,HUL-132638D-P1291,***********
L,SITARAM PRO STORE-D,P2372,Sundry Debtor,Assets,null,G 2 RAMVADI ASHADEEP 4,NI SAME UTRAN,MOTA VARACHHA,Billwise,P2372,HUL-10B234D-P28134,1
L,NEW BHAVANI STORES-D-D,P2373,Sundry Debtor,Assets,null,11 SHIDDHIGIRI RES,NEAR VISHNUDEVI LIFE STYLE,PAL,Billwise,P2373,HUL-134996D-P16347,***************
L,Bherunath Kirana Stores-D-D,P2374,Sundry Debtor,Assets,null,Nr. Mahalaxmi Sales Agency,Laxmi Dairy Street,Opp. Akhandanand Collage Road,Billwise,P2374,HUL-134083D-P45384,NA
L,Agrawal Mobile &amp; Kirana-D-D,P2375,Sundry Debtor,Assets,null,Satyamnagar Society,Opp. Chandan Gas Godown,Nr. Hanumanji Mandir,Billwise,P2375,HUL-134083D-P45745,NA
L,AMBAJI GENERAL STORES-D-D,P2376,Sundry Debtor,Assets,null,3 RADHA KRISHNA SOC,OPP AKSHAR PARK,NR CHHAPRABHATHA ROAD,Billwise,P2376,HUL-133172D-P15749,NA
L,Balaji Super Market-D-D,P2377,Sundry Debtor,Assets,null,Nandanvan Society,Opp. Tapi Darsan Soc.,Right From Cause Way Circle,Billwise,P2377,HUL-134083D-P45770,NA
L,HARI OM KIRANA STORES-D-D,P2378,Sundry Debtor,Assets,null,MORA TEKRA POLICE CHOCKY,SIWALI ROAD NR PDIC,SURAT,Billwise,P2378,HUL-134996D-P16352,**************
L,NEW SHREEJI LIVE BAKERY-D,P2379,Sundry Debtor,Assets,null,SHOP.NO.3.SMIT PRESIDENT.,CROSS ROAD.BANCY HOSPITAL.,AMROLI.SURAT,Billwise,P2379,HUL-10A225D-P63761,1
L,Ganesh Kirana Store-D-D,P2380,Sundry Debtor,Assets,null,Krishna Tower,Nr. D-Mart,Nr. D-Mart,Billwise,P2380,HUL-134083D-P45835,NA
L,Laxmi Super Store-D-D,P2381,Sundry Debtor,Assets,null,Plot No.30 Madhavkunj Society,BRTS Bus Stop,Singanpur,Billwise,P2381,HUL-134083D-P45910,NA
L,Nutan Kirana Store-D-D,P2382,Sundry Debtor,Assets,null,5 Udaynagar-2,Nr. Udayeshvar Mahadev Mandir,Opp. Sun Bright School,Billwise,P2382,HUL-134083D-P45995,NA
L,Sai Krupa General Store-D-D,P2383,Sundry Debtor,Assets,null,Sarasvati Society,Opp. Sarda Vidya School,Opp. Sarda Vidya School,Billwise,P2383,HUL-134083D-P46025,NA
L,Shree Devnarayan Provision Store-D-D,P2384,Sundry Debtor,Assets,null,12 Viramnagar Society,Dabholi Gam Road,Dabholi Gam Road,Billwise,P2384,HUL-134083D-P46055,NA
L,SHREENATH TRADERS-D-D-D-D-D-D,P2385,Sundry Debtor,Assets,null,1MANGALDEEP APP.NR SHAK MKT,PALANPUR JAKAT NAKA,,Billwise,P2385,HUL-133172D-P3661,UNREGISTERD
L,PATEL GENERAL STORE(UTRAN)-D-D,P2386,Sundry Debtor,Assets,null,5-AATMIY PARK SHOPPING CENTER,UTAN RAILWAY ST.ROAD,S,Billwise,P2386,HUL-133172D-P17399,NA
L,Maa Laxmi  Bakery-D,P2387,Sundry Debtor,Assets,null,14 Santosh Shopping,Ambatavadi Road Katargam,Near Bhramanai Dairy,Billwise,P2387,HUL-134083D-P47275,NA
L,Shiv Karyana-D,P2388,Sundry Debtor,Assets,null,281 Krishna Nagar,Ganesh Pura,Sayan Road,Billwise,P2388,HUL-10B234D-P26662,1
L,SANGHVIPROVISION(ADAJAN)-D-D-D-D-D-D-D,P2389,Sundry Debtor,Assets,null,9DIPACOMPLEX,ADAJANPATIYAOPP.SANGHVITOWER,SURAT,Billwise,P2389,HUL-132638D-D0632,***********
L,Central Bakery-D,P2390,Sundry Debtor,Assets,null,Shop No. 8 Sarovbar View,Near SMC Garden,Dabholi,Billwise,P2390,HUL-134083D-P47534,NA
L,GURUKRUPA KIRANA STORES-D,P2391,Sundry Debtor,Assets,null,10 MEENU NAGAR SOCIETY,OPP. SUBHAM KIRANA SARASWATI APARTMENT,VED ROAD SURAT,Billwise,P2391,HUL-134083D-P48625,NA
L,JAY MAA SARDA KIRANA-D,P2392,Sundry Debtor,Assets,null,188 VISHARAM NAGAR SOCIETY,NR. SAI SADAN KIRANA,VED ROAD SURAT,Billwise,P2392,HUL-134083D-P48630,NA
L,GANESH BACKRY &amp; PROVISION STORE-D-D,P2393,Sundry Debtor,Assets,null,52TRIVENI SOC,OPP-CHAMUNDA KIRANA STORE,OPP-AKHAND COLLAGE ROAD,Billwise,P2393,HUL-134083D-P51271,--
L,MAHALAXMI DAIRY-D-D,P2394,Sundry Debtor,Assets,null,SHREENATH APPARTMENT,NEW KOSAD ROAD,S,Billwise,P2394,HUL-133172D-P18164,NA
L,VIPULTRADING-D-D-D-D-D-D-D,P2395,Sundry Debtor,Assets,null,2RATANAPP.(VISHALTRADINGCO.),RANDERROADADAJAPATIYA,SURAT,Billwise,P2395,HUL-132638D-D07650,UNREGISTERED
L,HIREN PROVISION STORE-D,P2396,Sundry Debtor,Assets,null,GHAJERA CIRCLE BRTS  YOGI MEDICAL NI SAME NI GALI,SMRUTI SOCIETY,KATARGAM GHAJERA CIRCLE,Billwise,P2396,HUL-10A225D-P63762,1
L,RADHE BAKERY,P2397,Sundry Debtor,Assets,null,LALITA CHOKDI,OPP GOVINDJI JWELLERS,SURAT,Billwise,P2397,HUL-134083D-P52337,NA
L,UTTAM PROVISION-D-D-D-D,P2398,Sundry Debtor,Assets,null,VORD NO-19/HPLOT NO-56,MINA NAGAR SOCIETYOPP,PRASHANT MEDICAL,Billwise,P2398,HUL-134083D-P52934,NA
L,Bhagwati Kariyana Store-D-D,P2399,Sundry Debtor,Assets,null,Shop No. 31,Plot No. 59,Gangotri Nagar,Billwise,P2399,HUL-134083D-P53139,NA
L,shree bankyarani super store-D,P2400,Sundry Debtor,Assets,null,ankur height doctor park,opp smc avas,jahangirpura surat,Billwise,P2400,HUL-10B234D-P28186,1
L,Kheteswar Kirana-D-D,P2401,Sundry Debtor,Assets,null,Plot No.3,Bajrang Nager,Nr. Pinki Gas,Billwise,P2401,HUL-134083D-P53319,NA
L,Shri Amar Khushboo Deep Saabu-D-D,P2402,Sundry Debtor,Assets,null,A-27,Bhoomi Darshan Society,Manish Nagar Market,Billwise,P2402,HUL-134083D-P53329,NA
L,Laadila Shri Ghanshyam-D-D,P2403,Sundry Debtor,Assets,null,House No. 16,Madhav Darshan Society,Opposite Swaminarayan Temple,Billwise,P2403,HUL-134083D-P53464,NA
L,Patel Kirana-D-D,P2404,Sundry Debtor,Assets,null,Plot No.3,Bajrang Nager,Nr. Pinki Gas,Billwise,P2404,HUL-134083D-P53489,NA
L,Krishna Bakery-D-D,P2405,Sundry Debtor,Assets,null,Gopal Dham Society,Behind Ankur School,Ambatlavadi Road,Billwise,P2405,HUL-134083D-P53509,NA
L,Avani Sabu-D-D,P2406,Sundry Debtor,Assets,null,Manish Nagar,Vegetables Market,Katargam,Billwise,P2406,HUL-134083D-P53996,NA
L,VIPULTREDARS-D-D-D-D-D-D-D,P2407,Sundry Debtor,Assets,null,ADAJANCIRCAL,NR.PRATHSUPERSTORES,NA,Billwise,P2407,HUL-132638D-P2318,******
L,Anjali Provision Store-D-D,P2408,Sundry Debtor,Assets,null,Plot No 14,Sardar Patel Society,Daboli Road Katargam,Billwise,P2408,HUL-134083D-P54466,NA
L,KHUSHBU DEEP SHABU-D-D-D-D,P2409,Sundry Debtor,Assets,null,SHOP NO-5PANCHVATI PALACE,KHODIYAR KRUPA SOCIETY,NEAR SHARDA SCHOOL,Billwise,P2409,HUL-134083D-P55421,NA
L,NEW HARI OM PROVISSION STORE T-P-D-D-D,P2410,Sundry Debtor,Assets,null,SHOP-2/3 KESV COMPLEX,GUJRAT GAS CIRCULE COMPANY K PAS,ADAJAN GAM SURAT,Billwise,P2410,HUL-133548D-P17458,NA
L,KRISHNA SUPER STORE-D-D-D-D,P2411,Sundry Debtor,Assets,null,10 RAJDEEP SHOPING CENTER,SINGANPORE CHAR RASTA,VED RD SURAT.,Billwise,P2411,HUL-134083D-P55991,NA
L,KRISHNA BAKERY &amp; SWEET-D-D-D-D,P2412,Sundry Debtor,Assets,null,2 HARSH COMP.,OPP. RAMJI MANDIR,KATARGAM SURAT.,Billwise,P2412,HUL-134083D-P56076,NA
L,MAHA KALI DAIRY &amp; PROVISION-D-D-D-D,P2413,Sundry Debtor,Assets,null,SHOP NO-50 HARI OM MILL,OPPGAYAKWADI,BAHUCHAR NAGAR,Billwise,P2413,HUL-134083D-P56136,NA
L,SHREE GHANSHYAM BISCUIT BAKERY &amp; DANACHANA-D-D-D-D,P2414,Sundry Debtor,Assets,devarsh.p278@gmail.com,SHOP NOSHOP NO-3,OM PARK SOC.,B/S D.D.RADADIYA SCHOOL,Billwise,P2414,HUL-134083D-P56211,NA
L,SHIVAM SHABU BHANDAR-D-D-D-D,P2415,Sundry Debtor,Assets,null,KRISHNA COMP. SHOP NO-3,VISHAL NAGAR HARIHARI RD,B/HAASHRAM KATARGAM,Billwise,P2415,HUL-134083D-P56446,NA
L,mahalaxmi sales-D,P2416,Sundry Debtor,Assets,null,visram nagar,ved road,plot 157,Billwise,P2416,HUL-134083D-P9048,NA
L,DEV NARAYAN STORE-D-D,P2417,Sundry Debtor,Assets,null,13-Ramnagar Soc,Nr/GUJARAT SCHOOL,S,Billwise,P2417,HUL-133172D-P18984,NA
L,SAVARIYA PROVISION-P-D-D-D-D-D-D,P2418,Sundry Debtor,Assets,null,B-81 HIDUDDT NAGAR OPP KAMAL PROVISION,PALANPUR ROAD,SURAT,Billwise,P2418,HUL-133172D-P6449,UNREGISTER
L,POOJA KIRANA-D,P2419,Sundry Debtor,Assets,null,SHOP NO 4 GARDEN VIEW APARTMENTS,N.A.,N.A.,Billwise,P2419,HUL-10B234D-P28214,1
L,SHYAM PROVISION STORE-D-D,P2420,Sundry Debtor,Assets,null,GOKUL PARK 2,UTRAN,S,Billwise,P2420,HUL-133172D-P19500,NA
L,SHREE KHODAL BEKRY &amp; GEN-D-D,P2421,Sundry Debtor,Assets,null,4-OM FLATS NR/PRAMUKH PARK SOC,CHAPRABHATHA,ROAD,Billwise,P2421,HUL-101471D-P15944,NO
L,ZAM ZAM PROVISION STORES-D-D,P2422,Sundry Debtor,Assets,null,RIVAER POINT,NEAR UL NOOR RES.(KOZAVE),ADAJAN PATIYA,Billwise,P2422,HUL-134996D-P16667,**********
L,HARI KRUSHNA BEKRY-D-D,P2423,Sundry Debtor,Assets,null,1-ABHILASHA HIGHTS,UTRAN S,SURAT,Billwise,P2423,HUL-133343D-P17212,APPLIED
L,SHREE GANESH GENRAL-D-D-D-D-D-D-D,P2424,Sundry Debtor,Assets,null,MOTA GAM,MORA TEKRA,SURAT,Billwise,P2424,HUL-133172D-P6452,UNREGISTER
L,SHREE GANESH KARYANA &amp; PRO. STORES-D-D-D-D-D-D-D,P2425,Sundry Debtor,Assets,null,B-2SHANKESHWAR COMPLEX,ADAJAN PATIYADIWALI BAUG,SURAT,Billwise,P2425,HUL-132638D-D0634,UNREGISTERED
L,SHIVAM BEKARY-D,P2426,Sundry Debtor,Assets,null,Near Century Medical Laldarwaja Surat,N.A.,N.A.,Billwise,P2426,HUL-10B234D-P28277,1
L,R.K SUPER-D,P2427,Sundry Debtor,Assets,null,SHOP NO.3,VINAYAK RESIDENCY,OPP.GAJARA SCHOOL,Billwise,P2427,HUL-134083D-P10875,NA
L,Jalaram Kir*KATARGAM*-D-D-D,P2428,Sundry Debtor,Assets,null,KUMBHAR FALIANEAR GOTALAWADI TAINAMENT,KATARGAMNEAR PEOPLES CHARRASTA,,Billwise,P2428,HUL-101471D-MSA469,111
L,UMESH PRO*SINGANPUR ROAD*-D-D-D,P2429,Sundry Debtor,Assets,null,A/39SNEHSAGAR SOC.,SINGANPUR ROAD,NA,Billwise,P2429,HUL-101471D-MSA1363,1111
L,DHAVAL SUPER STORE *KATARGAM*-D-D-D,P2430,Sundry Debtor,Assets,null,4SHREEJI APPT,OPPFIRE STATION KATARGAM,NA,Billwise,P2430,HUL-101471D-MSA1912,11
L,RAJESH KIRANA *KATARGAM*-D-D-D,P2431,Sundry Debtor,Assets,null,SHALIN APTNEAR PATEL &amp; CO,HARI VAGJI NI KHADKINEAR POOJA KIR,,Billwise,P2431,HUL-101471D-P11518,0
L,YA GARIB NAVAZ  KARIYANA -D-D-D-D-D,P2432,Sundry Debtor,Assets,null,Na,MAKKA PUR,BAPU NAGAR,Billwise,P2432,HUL-132638D-D0640,24220100277
L,BHERAV KIRANA-D,P2433,Sundry Debtor,Assets,null,KAWAS ROAS,KAWAS,HAZIRA,Billwise,P2433,HUL-10A225D-P63902,1
L,VORA KARIYANA*SINGANPUR*D*-D-D,P2434,Sundry Debtor,Assets,null,SINGANPUR MAIN ROAD NAGAR,ASHOK NAGAR,NA,Billwise,P2434,HUL-101471D-P2918,0
L,LAXMI KARIYANA &amp; PROVISION STORE-D-D,P2435,Sundry Debtor,Assets,null,OPP. TULASI NIVAS,ISHAWAR NAGAR GOTALAWADI,KATARGAM,Billwise,P2435,HUL-101471D-P15952,NO
L,SHREE DEVNARAYAN SUPER STORE-D,P2436,Sundry Debtor,Assets,null,3SHREE RAMKRUSHNA COMPXAMROL,N.A.,N.A.,Billwise,P2436,HUL-10B234D-P28284,1
L,ANURAGSTORES(RAMNAGAR)-D-D-D-D-D-D-D,P2437,Sundry Debtor,Assets,null,4/28SHIVKRUPABUILDING5HATHDIDISTBANK,MORABHAGALRANDERGAM,SURAT,Billwise,P2437,HUL-132638D-D0644,24220100657
L,KAILASH KIR STO *KATARGAM*-D-D-D,P2438,Sundry Debtor,Assets,null,PLOT NO.23-24PLOT NO.23-24,PARAS SOC. VIBHAG-1,SURAT,Billwise,P2438,HUL-101471D-MSA1939,1111
L,JAY JALARAM DAIRY*PANDOL*-D-D-D,P2439,Sundry Debtor,Assets,null,NO-8KESHAV PARK SOC.,OP-PANDOLVED ROAD,N.A.,Billwise,P2439,HUL-101471D-MSA836,11111
L,Vaibhav Kir*Katar Gam Road*-D-D-D,P2440,Sundry Debtor,Assets,null,13- Shaktinagar Soc.,People Char RastaNr/ Bhavani Chambers,PUNAGAM ROAD,Billwise,P2440,HUL-101471D-MSA1092,11111
L,JAY AMBE DANA CHANA  &amp; BAKARY -D,P2441,Sundry Debtor,Assets,null,PLOT NO - B/247 SHOP NO - 1,MIRA NAGAR  SOCIRY,AMBA TALAAQDI DABOLI,Billwise,P2441,HUL-133172D-P7028,UNREGISTER
L,NILKANTH PRO STO*KATARGAM*D*-D-D,P2442,Sundry Debtor,Assets,null,A-7,KATARGAM DARWAJAOPP JPC CHAMBERS,JERAM MORA NI WADI,Billwise,P2442,HUL-101471D-P2933,111
L,VANDNA KIRANA&amp;GEN.3-D-D-D,P2443,Sundry Debtor,Assets,null,PLOT NO.368 SHOP NO.3,REHMAT NAGAR VED ROAD,VED ROAD,Billwise,P2443,HUL-133548D-P13963,NA
L,PARASH SABU BHANDAR-D-D-D-D,P2444,Sundry Debtor,Assets,null,NR.BHUMI SABU BHANRDAR,NARAYAN NAGAR,KATAR GAM,Billwise,P2444,HUL-133343D-P16834,APPLYED
L,M.S.PROVISION STORES-D-D-D-D-D-D-D,P2445,Sundry Debtor,Assets,null,38BABA SAI SITARAM SOC,KAWAS GAM,SURAT,Billwise,P2445,HUL-133172D-P14592,UNREGISTER
L,SHREEJI KIR*SUMUL DAIRY*-D-D-D,P2446,Sundry Debtor,Assets,null,1-2OLDGIDCKATARGAMFULPADAROAD,NR-POPULARBREADFACTORY,NA,Billwise,P2446,HUL-101471D-MSA1268,11111
L,NAGANESHI GEN*SINGANPUR*-D-D-D,P2447,Sundry Debtor,Assets,null,A-34VIRAM NAGAR SOCVED ROAD,NR-AKHAND ANAND COLLEGE,NA,Billwise,P2447,HUL-101471D-MSA1855,1111
L,Sai Super Store STORE-D-D-D-D-D-D-D,P2448,Sundry Debtor,Assets,null,7MAHINDRA PARK JAHAGIR PURA,OPP.PETROL PUMP,NA,Billwise,P2448,HUL-132638P9369,UNREGISTERD
L,KHODIYAR DAIRY &amp; GEN-D-D-D-D,P2449,Sundry Debtor,Assets,null,KUBER PARK SOC,NR ASHIRWAD MEDICAL NI GALI,OPP HARI OM MILL,Billwise,P2449,HUL-132967P2167,0
L,SHREE HANMUN SUPER STORE-D-D,P2450,Sundry Debtor,Assets,null,SHOP NO-5MEGNA MENSION,OPP-SHREE C.K.PATEL SCHOOL,ADAJAN,Billwise,P2450,HUL-134996D-P17068,---
L,KHUSBHU SABU BHANDAR-D-D-D-D,P2451,Sundry Debtor,Assets,null,SHOP NO.4,HARI OM SOC. NAKE,OPP. MADHVANAND ASHRAM KATARGAM,Billwise,P2451,HUL-132967P3165,NA
L,NEW SUPER GULJAR GENERAL STORE-D-D-D-D,P2452,Sundry Debtor,Assets,null,BHARI MATA ROAD,RIVERVIW SOC,VARIYALI BAZAR,Billwise,P2452,HUL-132967P4327,NA
L,SURTI PROVISION STORE-D,P2453,Sundry Debtor,Assets,null,RANG AVDUT 3 PIPERDI SCHOOL NI SAME KRITI NAGAR,SURAT,SURAT,Billwise,P2453,HUL-134996D-P23396,**************
L,BHAGYODAYAKARIYANA(ADAJAN)-D-D-D-D-D-D-D,P2454,Sundry Debtor,Assets,null,L-10YOGICOMPLEX,RANDERROAD,SURAT,Billwise,P2454,HUL-132638D-D0622,UNREGISTERED
L,KRISHNA BEKARY DAIRY-D,P2455,Sundry Debtor,Assets,null,NR GOVINDJI HOLL MANISH NAGA,N.A.,N.A.,Billwise,P2455,HUL-10B234D-P28326,1
L,SHREE HARI OM PROVITION STORE-D-P-D,P2456,Sundry Debtor,Assets,null,A-243/3 SMURUTI SOC,FULPADA ROAD KATARGAM,SURAT,Billwise,P2456,HUL-133548D-P5925,NA
L,GAJANAND  SUPER ST ( CHAPRABHATA )-D-D-D-D-D-D,P2457,Sundry Debtor,Assets,null,CHAPRABHATA MAIN ROAD,40-41shreeji Residensi,Nrgirnar Soc,Billwise,P2457,HUL-132967P3364,NA
L,BHAVESH PAN-D,P2458,Sundry Debtor,Assets,null,KAWAS ROAD,KAWAS,HAZIRA,Billwise,P2458,HUL-10A225D-P64104,1
L,ARADHNA KARIYANA STORE -D-D-D-D,P2459,Sundry Debtor,Assets,null,SHOP NO 34 NARAYAN NAGAR,SHAK MARKET OPP. KANTARESHWAR MAHADEV,NR RAHUL KIRANA,Billwise,P2459,HUL-133343D-P12856,24222705954
L,For Umiya Dairy &amp; General Store-D,P2460,Sundry Debtor,Assets,null,Het Darshan Singhnapor Gam,Surat,Surat,Billwise,P2460,HUL-133343D-P16708,APPLYED
L,SHREE MAHAVEER PATANJALI STORE-D-D,P2461,Sundry Debtor,Assets,null,PALANPUR JAKAT NAKA SBI BANK K SAMNE,ADAJAN,ADAJAN,Billwise,P2461,HUL-134996D-P17118,---
L,BOMBAY GEN STO*SUMUL DAIRY ROAD*-D-D-D,P2462,Sundry Debtor,Assets,null,A/17NANDANVAN APT,SUMUL DAIRY ROAD,NA,Billwise,P2462,HUL-101471D-MSA1951,1111
L,Akbar Kirana Store-D-D,P2463,Sundry Debtor,Assets,null,Bharimata Main Road,Nr. Madina Masjid,SURAT,Billwise,P2463,HUL-134083D-P45750,NA
L,Firoz Kirana Store-D-D,P2464,Sundry Debtor,Assets,null,Bharimata Main Road,B/H. Madina Masjid,SURAT,Billwise,P2464,HUL-134083D-P45820,NA
L,Mushkan Kirana Store-D-D,P2465,Sundry Debtor,Assets,null,River View Society,Nr. Makka Masjid,SURAT,Billwise,P2465,HUL-134083D-P45975,NA
L,RAMESWAR SUPER STORES-D,P2466,Sundry Debtor,Assets,null,4445 SHIV NAGAR SOC BHI MAHADEV MANDIR,N.A.,N.A.,Billwise,P2466,HUL-10B234D-P28333,1
L,JANKI SABU*SINGANPUR*SMART*D*-D-D,P2467,Sundry Debtor,Assets,null,3PARVATI NAGAR SOCMAGAN NAGAR ROAD,BAPASITARAM CHOWKKATARGAM,NA,Billwise,P2467,HUL-101471D-P2913,0
L,KHODAL KRUPA SABU BHANDAR*SINGANPUR*-D-D-D,P2468,Sundry Debtor,Assets,null,SHOP NO 1PLOT NO 43KATARGAM SINGANPUR ROAD,BALVANT NAGAROPP PARTH APT,NR-HASMUKI SCHOOL,Billwise,P2468,HUL-101471D-P11472,0
L,SHREE AARTI SHOP &amp; DETERGEN-D-D,P2469,Sundry Debtor,Assets,null,SHOP NO. 4 GITA COMPLEX UDHAYNAGAR-1,MADHAVANAND ASHRAM NR. PEOPLES BANK,KATARGAM ROAD SURAT,Billwise,P2469,HUL-134083D-P51124,NA
L,PRAGATI DAIRY &amp; PROVI.STORES-D-D-D-D-D,P2470,Sundry Debtor,Assets,null,RANGA NAGAR SOC,NR.KUNAL STORES,AMROLI,Billwise,P2470,HUL-132967P3796,NA
L,NEW BHAVANI SUPER STORE-D-D-D-D,P2471,Sundry Debtor,Assets,null,SHOP NO.-2MARGDARSHAN COMPLEX,SINGANPURE ROAD,VED ROAD,Billwise,P2471,HUL-134083D-P52576,NA
L,MAHAVEER GRNRRAL STORES-D-D-D-D,P2472,Sundry Debtor,Assets,null,103RAJUL APARTMENT  NEAR,ARIHANT PARKSUMUL DAIRY,ROAD  SURAT,Billwise,P2472,HUL-134083D-P52711,NA
L,HARI OM PROVISION STORES-D-D-D-D,P2473,Sundry Debtor,Assets,null,77VAIKUNTH DHAM SOC.,LAXMIKANT AASHRAM RD,OPP MANMADIRKATARGAAM,Billwise,P2473,HUL-134083D-P54958,NA
L,VIJAY KIRANA STORE-D-D-D-D,P2474,Sundry Debtor,Assets,null,157HARI DHAM SOCIETY,BESIDE PATEL PARK,AAMBA TALAVADI,Billwise,P2474,HUL-134083D-P54973,NA
L,ARIHANT KIRANA STORES-D-D-D-D,P2475,Sundry Debtor,Assets,null,BRAHMAN FALIYA NR KATARGAA,BUS STOPB/H JAIN TAMPLE,SURAT,Billwise,P2475,HUL-134083D-P54993,NA
L,AMBIKA TRADARS-D,P2476,Sundry Debtor,Assets,null,OPP SANTINATH TEMPLE,N.A.,N.A.,Billwise,P2476,HUL-10B234D-P28382,1
L,JAY JALARAAM DARY &amp; GENERAL STORES-D-D-D-D,P2477,Sundry Debtor,Assets,null,NR MANTHAN MEDICAL,PRAN-NATH HOSIPATAL,RAMJI NAGAR,Billwise,P2477,HUL-134083D-P55008,NA
L,KHODIYAR DAIRY &amp; PROVISION STORE-D-D-D-D,P2478,Sundry Debtor,Assets,null,B-40 Hari Om Society,Katargam Road,Surat,Billwise,P2478,HUL-134083D-P55834,NA
L,SHIV GENERAL STORES-D-D-D-D,P2479,Sundry Debtor,Assets,null,SHOP NO 1PANCHWATI SOCIETY,NEAR (BHAGIRATH GENRAL STORE),OPP MAGAN NAGAR 2KATARGAM,Billwise,P2479,HUL-134083D-P56818,NA
L,Prakash Provision-D,P2480,Sundry Debtor,Assets,null,Shop 5 Housing Ganesh Pura,Near Subhlaxmi,Sayan Road,Billwise,P2480,HUL-10B234D-P26667,1
L,Ramdev Provision Store-D,P2481,Sundry Debtor,Assets,null,Haridwar Society,Dk Nagar,DabholicharRasta,Billwise,P2481,HUL-10A225D-P64174,1
L,JAIN PROVISION-D-D-D-D-D-D,P2482,Sundry Debtor,Assets,null,KAWAS GAM,KAWAS MAIN BAZAR,NA,Billwise,P2482,HUL-132638P8938,UNREGISTERED
L,DEVI KRUPA SUPER*KATARGAM*D*-D-D,P2483,Sundry Debtor,Assets,null,4DOLLY COMPLEX,NRDERASAR KATARGAM MAIN RD,NA,Billwise,P2483,HUL-101471P8775,0
L,MAHAVIR SUPER STO*KATARGAM*-D-D-D,P2484,Sundry Debtor,Assets,null,347/2KILLA DESAI NI KHADAKI,NEAR BIG JAIN  TEMPLE,SURAT,Billwise,P2484,HUL-101471D-MSA2562,24222700505
L,JALARAM DAIRY (V-ROAD)-D,P2485,Sundry Debtor,Assets,null,7 DARBAR NAGAR VEDROAD SURAT,N.A.,N.A.,Billwise,P2485,HUL-10B234D-P28417,1
L,HASMUKH JAMANADAS*AMBICA NAGAR*-D-D-D,P2486,Sundry Debtor,Assets,null,KATARGAM MAIN ROAD,OPP HARI OM BAGALA,NA,Billwise,P2486,HUL-101471D-MSA531,24222700641
L,VRAJ GOUKUL BAKAEY- D-D-D,P2487,Sundry Debtor,Assets,null,SHOP NO,OPP-NEER-VORAKIRANA STORE,SINGANPUR VED ROAD,Billwise,P2487,HUL-101471D-P13720,NO REG
L,PRAMUKH KIR *SUMUL DAIRY ROAD*-D-D-D,P2488,Sundry Debtor,Assets,null,NO-2ANJALI PALACESUMULDAIRY ROAD,OPP SHARADDHA SOCIETY,NA,Billwise,P2488,HUL-101471D-MSA173,111111
L,BANSHI SUP *MAGAN NAGAR*-D-D-D,P2489,Sundry Debtor,Assets,null,SHOP NO 4264LALITA PARK SOCIETY,SHIV COMPLEXB/H KANTHARESHWAR MANDIR,SURAT,Billwise,P2489,HUL-101471D-MSA2646,1111
L,JAY BHAVANI KIR.*VEDROAD*SMART*-D-D-D,P2490,Sundry Debtor,Assets,null,PLTNO182TRILOKSOC,NRDEVANGICINEMARDVEDRD,NA,Billwise,P2490,HUL-101471D-MSA2797,11111
L,BHAVNA KIR *KATARGAM*-D-D-D,P2491,Sundry Debtor,Assets,null,A-78KUBER NAGAR,KATARGAM DARWAJA,NA,Billwise,P2491,HUL-101471D-P3145,10
L,GUJRAT TOBACCO *VED ROAD*SMART*-D-D-D,P2492,Sundry Debtor,Assets,null,PANDOL KESHAVPARK SOCVED ROAD,NR-BAHUCHAR MATA MANDIR,NA,Billwise,P2492,HUL-101471D-MSA1913,111
L,AXAR PROVITION STORE  -  D-D,P2493,Sundry Debtor,Assets,null,289Ambika  Nagar,B/H Arogya Kendra,Katargam Surat,Billwise,P2493,HUL-131916P2936,APP
L,LAXMI KIRANA-KOSAD-D-D,P2494,Sundry Debtor,Assets,null,COMPANY FALIYU,KOSAD GAM,S,Billwise,P2494,HUL-133548D-P5777,NA
L,Jagdamba Superstore-D,P2495,Sundry Debtor,Assets,null,Santoahi Nagar,Kailash Bhavan School,DabholicharRasta,Billwise,P2495,HUL-10A225D-P64214,1
L,AMBIKA KIERANA-D,P2496,Sundry Debtor,Assets,null,GOTALAWADI,KATARGAM,HANUMAN MANDIR,Billwise,P2496,HUL-10A225D-P62323,1
L,SHREE HANUMAN TREDING-D,P2497,Sundry Debtor,Assets,null,PLOT NO 143 ARCHANA SO.,TARAN KUNJ,SINGPOR COZVE ROAD,Billwise,P2497,HUL-10A225D-P62346,1
L,Amrutlal &amp; Co.-D,P2498,Sundry Debtor,Assets,null,A74 Kuber Nagar 1 Katargam Darvaja Surat,Same,Same,Billwise,P2498,HUL-10A225D-P62386,1
L,Mahavir Kirana Stores-D,P2499,Sundry Debtor,Assets,null,4 Old Fullpada G.I.D.C,Katargam Surat,Same,Billwise,P2499,HUL-10A225D-P62388,1
L,Divya Sabu-D,P2500,Sundry Debtor,Assets,null,Same,Same,Same,Billwise,P2500,HUL-10A225D-P62403,1
L,Saurastr Provisionstore-D,P2501,Sundry Debtor,Assets,null,Dk Nagar,Kailashbhavan School,DabholicharRasta,Billwise,P2501,HUL-10A225D-P64219,1
L,JAY BHAWANI KIRANA STORES-D,P2502,Sundry Debtor,Assets,null,BALWANT NAGAR,KATARGAM,PLOT NO 3 KANTESWAR SOS,Billwise,P2502,HUL-10A225D-P62457,1
L,Prabhu Kirana-D,P2503,Sundry Debtor,Assets,null,Vijay Nager Near Hemant Store,Katargam,Surat,Billwise,P2503,HUL-10A225D-P62554,1
L,EKTA KARYANA-D-D-D-D-D-D-D,P2504,Sundry Debtor,Assets,null,12KEDAR KRUPA APP.,NR GAIL TOWER GALI NEW RANDER ROAD,SURAT,Billwise,P2504,HUL-132638D-D1080,***********
L,MEVAD PROVI-D,P2505,Sundry Debtor,Assets,null,5.RATNAMANI APT.AMBAVADI.AMROLI,BEHIND.VISHAL PROVI,SURAT,Billwise,P2505,HUL-10A225D-P62600,1
L,KRISHNA Enterprise-D,P2506,Sundry Debtor,Assets,null,Shop 5Shiva Park SocNear Ghanta Wala Pan  Center,Anand Mahel Road,Surat,Billwise,P2506,HUL-10A225D-P62615,1
L,Shree Sai Kiryana And Pro-D,P2507,Sundry Debtor,Assets,null,Shop No 2Madhuram FlatHoney Park Road,Adajan,Surat,Billwise,P2507,HUL-10A225D-P62620,1
L,Baba Sai Bakery-D,P2508,Sundry Debtor,Assets,ashishkeswani43@gmail.com,Shop No Sai Scver Complex,Honey Park Road,Surat,Billwise,P2508,HUL-10A225D-P62625,1
L,ANPURNA GANRLE-D,P2509,Sundry Debtor,Assets,null,NEAR ADITYA MEDICAL CHIKU WADI,VISHAL NAGAR,KATARGAM,Billwise,P2509,HUL-10A225D-P62650,1
L,Milan Superstore-D,P2510,Sundry Debtor,Assets,null,Geeta Nagar 3,Kailashbhavan Scholl,DabholicharRasta,Billwise,P2510,HUL-10A225D-P64234,1
L,Nimu Generalstore-D,P2511,Sundry Debtor,Assets,null,NA,Ved Road,DabholicharRasta,Billwise,P2511,HUL-10A225D-P64249,1
L,JAY LAXMI SUPER STORES-D-D-D-D-D,P2512,Sundry Debtor,Assets,null,10 HAPPYA HOME MARKET,D.R.B.COLLAGE,NEW CITYLIGHT,Billwise,P2512,HUL-131916P978,APPLIED FOR
L,PATEL BAKERY &amp; SUPER-D-D-D-D-D,P2513,Sundry Debtor,Assets,null,SHOP NO-12 SHREE DARSHAN APPT,NR PATEL BROTHER,ALTHAN,Billwise,P2513,HUL-132638P9240,UNREGISTERED
L,JAY BHAVANI KIRANA-D-D-D-D,P2514,Sundry Debtor,Assets,null,NR/PATEL BEKRY,ALTHAN,SURAT,Billwise,P2514,HUL-134107D-P27126,*****
L,SHREE KRISHNA DAIRY &amp; PRO NESTWOOD-D-D-D-D,P2515,Sundry Debtor,Assets,null,SHOP-7 NR/UMIYA BEKRY,BHIMRAD ALTHAN CANAL ROAD,SURAT,Billwise,P2515,HUL-134107D-P27457,*******
L,MAYUR KIRANA STORES-D-D-D-D-D-D,P2516,Sundry Debtor,Assets,null,NR.SATT SAI ASHRAM,NR.PATEL BROTHERS,ALTHAN GAMSURAT,Billwise,P2516,HUL-133343D-P15583,NA
L,Bapasitaram Generalstore-D,P2517,Sundry Debtor,Assets,ashvinkaklotar007@gmail.com,Balvant Nagar,Katargam,DabholicharRasta,Billwise,P2517,HUL-10A225D-P64254,1
L,AGRAWAL GENERAL STORE-D,P2518,Sundry Debtor,Assets,null,Nr Sumul Squre Sumul Dairy Road Surat,N.A.,N.A.,Billwise,P2518,HUL-10B234D-P28522,1
L,AASHIRWAD KIRANA STORE-D-D-D-D-D-D,P2519,Sundry Debtor,Assets,null,5ASHIRWADVILA NEW CITYLIGHT RD,SURAT,NA,Billwise,P2519,HUL-132638D-P12610,24222300154
L,NEW UMIYA TRADERS-D-D-D-D-D,P2520,Sundry Debtor,Assets,null,SHOP NO. 14 PARTH COMPLEX,NR JAY AMBE SUPER,CITY LIGHT,Billwise,P2520,HUL-132638D-P2042,APPLIEDFOR
L,Harihar Kirana-D,P2521,Sundry Debtor,Assets,null,NA,Vedroad,Dabholi,Billwise,P2521,HUL-10A225D-P64284,1
L,SHREE JAY BHAVANI SUPER STORE-D,P2522,Sundry Debtor,Assets,null,G-11 ATLANTA SHOPING CENTER,BHIMRAD CENAL ROAD BHIMRAD,SURAT,Billwise,P2522,HUL-134996D-P21719,***********
L,Kamal Genral And Kirana-D,P2523,Sundry Debtor,Assets,null,NA,Vedroad,DabholicharRasta,Billwise,P2523,HUL-10A225D-P64294,1
L,UMIYAA BAKERY &amp; ICE REM-D,P2524,Sundry Debtor,Assets,null,NEST WOOD,SHOPINGH SENTER,SHOP.NO. 1,Billwise,P2524,HUL-10A176D-P59508,1
L,KALPATRU-D,P2525,Sundry Debtor,Assets,null,SHOP 3,AAKASH ECO POINT,BHIMRAD CANAL ROAD,Billwise,P2525,HUL-10A176D-P59526,1
L,PATEL TREDERS-D,P2526,Sundry Debtor,Assets,null,Nest Vive,Althan,Shop No 2,Billwise,P2526,HUL-10A176D-P59961,1
L,WEL COME SUPER MARKET-D,P2527,Sundry Debtor,Assets,null,SHOP NO-20SIMANDHAR CAMPAS,NR-MAHADEV TEMPLE,RAJHANS MULTIPLEX LANE,Billwise,P2527,HUL-134996D-P26015,11
L,GAUTAM PAN &amp; GENERAL STORE-D,P2528,Sundry Debtor,Assets,null,GOHDOD ROAD OPP PF OFFICE,ADARS SOC,Sai Dev Kirana,Billwise,P2528,HUL-10A176D-P62859,1
L,TEJASH PRO STORES-D-D-D-D,P2529,Sundry Debtor,Assets,null,MORA TEKRA,,MORA TEKRA,Billwise,P2529,HUL-133343D-P13549,APPLIED FOR
L,New Shree Ram Bakery-D,P2530,Sundry Debtor,Assets,null,Shop No 7 Navkar Darshan Opp Vasant Vihar,Udhana Magdalla Road Bh Krishna Kayyana,Surat,Billwise,P2530,HUL-10A176D-P65482,1
L,Jala Sai General-D,P2531,Sundry Debtor,Assets,null,Ghoddaud Road,Gokuladairy Road Adarsh Socity,NR Pf Office.,Billwise,P2531,HUL-10A176D-P65674,1
L,Balaji Kirana-D,P2532,Sundry Debtor,Assets,null,Plot 3,Sanskar Park,Near Althan Garden,Billwise,P2532,HUL-10A176D-P68533,1
L,PATEL BASKET .COM-D,P2533,Sundry Debtor,Assets,null,G 56 Akash Empire,Nr.Bhimrad Police Choki,Bhimrad Surat,Billwise,P2533,HUL-10B234D-P26875,1
L,Sidhi Ganesh Generalstore-D,P2534,Sundry Debtor,Assets,null,NA,Vedroad,DabholicharRasta,Billwise,P2534,HUL-10A225D-P64309,1
L,Sai Provegen Store-D,P2535,Sundry Debtor,Assets,null,Plot No 72 Hari Om Nagar,Near Parshotam Nagar,Althan,Billwise,P2535,HUL-10B234D-P27498,1
L,JAI AMBE DAIRY &amp; GEN.STORE-D-D-D-D-D-D-D,P2536,Sundry Debtor,Assets,null,11.REAL POINT APP.,NR.UMIYA FARSAN.ALTHAN GAM,SURAT,Billwise,P2536,HUL-132967P3869,NA
L,THE NEW KAMAL BAKERY &amp;STORE-D-D-D,P2537,Sundry Debtor,Assets,null,SHOP-NO-2,SUNDAR CHEMBRS,NEAR PUNJAB NATIONAL BANK,Billwise,P2537,HUL-134493D-P5389,APPLY FOR
L,MAHALAXMI BACKRY &amp; NAMKEEN-D,P2538,Sundry Debtor,Assets,null,G-7/8SENTOSA HIGHT SHOPPING,OPP-ASHIEWAD ENCLAVE APP,ALTHAN BHIMRAD CANAL ROAD,Billwise,P2538,HUL-134996D-P25833,11
L,New Patel Traders-D,P2539,Sundry Debtor,Assets,null,G24 Someshwar Anklev,Althan Bhimrad Canal Road,Bhimrad,Billwise,P2539,HUL-10A176D-P67487,1
L,Shree Laxmi Traders-D,P2540,Sundry Debtor,Assets,null,Shop No 2 Shiv Residency,Bhimrad Canal Road,Bhimrad,Billwise,P2540,HUL-10A176D-P67603,1
L,Kamleshkiranastors-D,P2541,Sundry Debtor,Assets,null,NearNavnirmanSokol,HriomnagarSocity,Altan,Billwise,P2541,HUL-10A176D-P69594,1
L,Divesh Ganral-D,P2542,Sundry Debtor,Assets,null,Plot No 1,Sai Srushti Nagar,Althan,Billwise,P2542,HUL-10A176D-P69651,1
L,Devsar Super Store-D,P2543,Sundry Debtor,Assets,null,G3 Santosh Heights,Opposite Aashirwad Enclave,Althan Canal Road,Billwise,P2543,HUL-10B234D-P41513,1
L,Patel Kariyana-D,P2544,Sundry Debtor,Assets,null,Shop 10 Shiv Residency,Ne Chek Post Bhimrad,Bhimrad Road Surat,Billwise,P2544,HUL-10B234D-P41779,1
L,Om Sai Kirana-D,P2545,Sundry Debtor,Assets,null,Vishranti Nagar,Vedroad,DabholicharRasta,Billwise,P2545,HUL-10A225D-P64349,1
L,JAY JALARAM KIRANA-D,P2546,Sundry Debtor,Assets,null,Halpativas Althan Opp Saty Sai Hospital,Behind  Althan Garden,Althan Surat,Billwise,P2546,HUL-10B234D-P42500,1
L,BAYOSA KIRANA-D,P2547,Sundry Debtor,Assets,null,Near Ambika Medical Ranchod Nager Katargam,N.A.,N.A.,Billwise,P2547,HUL-10B234D-P28613,1
L,Shiv Sai Kirana Store-D,P2548,Sundry Debtor,Assets,null,Halpativas  Althan,Opp Saty Sai Hospital,Althan Surat,Billwise,P2548,HUL-10B234D-P42514,1
L,Anupam General Store-D,P2549,Sundry Debtor,Assets,null,E W S Awas 24 Block,Near Manan Bungalow,DRB College Althan,Billwise,P2549,HUL-10B234D-P43537,1
L,Shublaxmi Kirana-D,P2550,Sundry Debtor,Assets,null,Opp Bhavi Society,Azhad Nagar,June Bhatar Raod,Billwise,P2550,HUL-10B234D-P44241,1
L,R.B.PATEL BROTHERS(PAL GAM)-D-D-D-D-D,P2551,Sundry Debtor,Assets,null,NEAR PANCHAYAT OFFICE,PAL GAM,SURAT,Billwise,P2551,HUL-132967P2433,24220200666
L,Shivshakti Kirana-D,P2552,Sundry Debtor,Assets,null,Azhad Nagar,Juna Bhatar Road,Opp Bhati Nagar,Billwise,P2552,HUL-10B234D-P44248,1
L,Narapat-D,P2553,Sundry Debtor,Assets,null,Shavion Shopping Paradise Palanpur Surat,Gujarat 395009 India Surat Gujarat,,Billwise,P2553,HUL-10B812D-P22056,NA
L,Hari Om Provisionstore-D,P2554,Sundry Debtor,Assets,null,Visharanti Nagar,Vedroad,DabholicharRasta,Billwise,P2554,HUL-10A225D-P64354,1
L,RIDHI SIDHI KARIYANA-D,P2555,Sundry Debtor,Assets,null,Near Chamunda Medical Ved Road Pandol,N.A.,N.A.,Billwise,P2555,HUL-10B234D-P28627,1
L,Yamyna Dairy-D,P2556,Sundry Debtor,Assets,null,206 207 Satyam Appt Tadwadi Rander Road Surat,Surat Gujarat 395009 India Dipika Stors Surat Guja,,Billwise,P2556,HUL-10B812D-P22220,NA
L,DHERYA  GEN.  STORE-D,P2557,Sundry Debtor,Assets,null,Shankanagar Soc. Nr. Shree Krishna Gen. Opp Shiv,Reshidency Nr. Sona Hotel Palanpur Patiya Surat Gu,,Billwise,P2557,HUL-10B812D-P22237,NA
L,Vijay Laxmi Store-D,P2558,Sundry Debtor,Assets,null,A52Raghuvir Society Amroli Surat,Gujarat 394107 India,,Billwise,P2558,HUL-10B812D-P22244,NA
L,Shree Dev Dairy &amp;BAKRY-D,P2559,Sundry Debtor,Assets,null,5QVX+HJ7 Anand Mahal Rd Opposite Sri Ram Petrol Pu,Mahan Terrace Laxmi Krupa Society Muktanand Nagar,,Billwise,P2559,HUL-10B812D-P22272,NA
L,The Jahangirpura Group Co.Op.Coton Sale Co.Li.,P2560,Sundry Debtor,Assets,null,6QQR+642 Dariya Co-Operative Farmers Society,Surat Gujarat 395005 India,,Billwise,P2560,HUL-10B812D-P22286,NA
L,SHIV SHAKTI KIRANA-D,P2561,Sundry Debtor,Assets,null,Shop No:1 Shakti Poojan Apartment Old Kosad,Rd Sai Dham Society Amroli Surat Gujarat,,Billwise,P2561,HUL-10B812D-P22293,NA
L,HARI OM PAN-D,P2562,Sundry Debtor,Assets,null,Hanuman Fariyu Hanuman Mandir Ni Same Katargam,N.A.,N.A.,Billwise,P2562,HUL-10B234D-P28634,1
L,Modern-D,P2563,Sundry Debtor,Assets,null,15 Harekrishna Society Reva Nagar Rander,Surat Gujarat 395005 India Surat Gujarat,,Billwise,P2563,HUL-10B812D-P22314,NA
L,Pramukh Dairy &amp; Bekary-D,P2564,Sundry Debtor,Assets,jamshangbhaichauhan@gmail.com,Khodal KrupaA.3 Tapidarshan 2,Tapidarshan Society-2 Singanpor Surat,Gujarat 395004 India,Billwise,P2564,HUL-10B812D-P22341,NA
L,KANAIYA NAMKEEN&amp;BAKERY-D,P2565,Sundry Debtor,Assets,null,G1920Divya Mall Near Ganesh Chemist Amroli,Surat Gujarat 394107 India,Surat,Billwise,P2565,HUL-10B812D-P22348,NA
L,Yadgar Provigen Stores-D,P2566,Sundry Debtor,Assets,null,101-102 Taj Society Green Park Society,Reva Nagar Rander Surat Gujarat 395005,India,Billwise,P2566,HUL-10B812D-P22355,NA
L,Maa Krupa-D,P2567,Sundry Debtor,Assets,null,Shop 1 Shasvat App,Haribhai Vaghji Ni Seri,Rajesh Kirana Ni Shame,Billwise,P2567,HUL-10B812D-P22369,NA
L,AL QADIR TRADERS-D,P2568,Sundry Debtor,Assets,null,6R35+77J Adajan Patiya Surat Gujarat 395005,India,,Billwise,P2568,HUL-10B812D-P22384,NA
L,Shree Krishna  Dairy-D,P2569,Sundry Debtor,Assets,null,Shop.No.8 Chaitali Apartment Shreenath Chok Nr.Dis,Provision Adajangam Surat. Surat Gujarat,,Billwise,P2569,HUL-10B812D-P22404,NA
L,Ghanshyam Bekri,P2837,Sundry Debtor,Assets,null,Saraswati Residency 59 Akhand Anand Society Yoj Na,Society Dabholi Surat Gujarat 395004 I Ndia Surat,,Billwise,P2837,HUL-10C120P23883,NRJPK3030B
L,Mahalaxmi Bakery,P2838,Sundry Debtor,Assets,null,C-2 Panchvati Raw House Palanpur Canal Rd Near,Rajhansh Apple Sant Crystal Avenue Palanpur Sur,At Gujarat 395009 India,Billwise,P2838,HUL-10C120P23886,HZLPD8973C
L,Gurukrupa Namkeen,P2839,Sundry Debtor,Assets,null,6Q4F+MFR Infinity Business Hub Palanpor Gam Rd P,Alanpur Surat Gujarat 395009 India,,Billwise,P2839,HUL-10C120P23892,7046260658_QR_CODE
L,Shree Dairy And Porlar,P2840,Sundry Debtor,Assets,null,6QRQ+39P Kaillashdham Society Bhagvati Nagar Hou,Sing Society Surat Gujarat 395005 India,,Billwise,P2840,HUL-10C120P23893,8469229250_QR_CODE
L,Momain Ice Cream &amp; Cold Drinks,P2841,Sundry Debtor,Assets,null,82 Prabhunagar Katargam Surat Gujarat,395004 India Surat Gujarat,,Billwise,P2841,HUL-10C120P23895,BHFPJ5128K
L,Shree Laxmi Dairy and Sweets,P2842,Sundry Debtor,Assets,null,Shop.No.G 49 Green Signature Near Health Care,Pharmacy Vesu. Vesu Surat. Surat Gujarat,,Billwise,P2842,HUL-10C120P23898,IR/AZ/S/VESU/73365
L,DARBAR CHAI &amp; PAN HOUSE,P2843,Sundry Debtor,Assets,null,260 Bhimrad-Althan Rd Althan Surat Gujarat,395 007 India Surat Surat Gujarat,,Billwise,P2843,HUL-10C120P23899,AIPPB8007P
L,BAPA SITARAM DAIRY AND SWEETS,P2844,Sundry Debtor,Assets,bapasitramdairy@gmail.com,18 Chandrashekhar Azad Marg Narotam Nagar,Surat Gujarat 395009 India Surat Gujarat,,Billwise,P2844,HUL-10C120P23904,9227118841_QR_CODE
L,SHIVAM BAKERY,P2845,Sundry Debtor,Assets,null,01 Opp. Sagar Hair Art Abhva Gam,Surat Gujarat 395007 India Surat Gujarat,,Billwise,P2845,HUL-10C120P23909,9724424745_QR_CODE
L,Om Sainath Bakery,P2846,Sundry Debtor,Assets,null,Ambaliya Infotech 129 Biz Hub Shopping Center Saya,Brahmani Nagar Society Amroli Surat Gujarat 394107,,Billwise,P2846,HUL-10C120P23911,8155884479_QR_CODE
L,KESARI BAKERY,P2847,Sundry Debtor,Assets,null,305 Cannon Street 1 Opposite Aagam Arcade,Vesu Surat Gujarat 395007 India Surat Gujarat,,Billwise,P2847,HUL-10C120P23912,BGEPR7701J
L,Jay Ambe Cold Drinks,P2848,Sundry Debtor,Assets,null,6Q8J+PMV Ugat Rd Ganga Nagar Society Jahangirab,Ad Sima Nagar Surat Gujarat 395005 India,India,Billwise,P2848,HUL-10C120P23917,9737708571_QR_CODE
L,Bramani Ice Cream Parlour,P2849,Sundry Debtor,Assets,null,Block 2 B95 Paras Society Kubernagar Katargam,Surat Gujarat 395004 India Surat Gujarat,,Billwise,P2849,HUL-10C120P23919,ASRPV0208Q
L,Rb  Store Ice Cream,P2850,Sundry Debtor,Assets,null,Rander bas stop kabrtan ke oppn 6Q8W+R65 Rehamt,Nagar Rander Surat Gujarat 395005 India,,Billwise,P2850,HUL-10C120P23920,8140313900_QR_CODE
L,Milan Pan Santet,P2851,Sundry Debtor,Assets,null,18 Prabhunagar Dhruvtarak Society Katargam Sur,At Gujarat 395004 India,,Billwise,P2851,HUL-10C120P23923,6353393736_QR_CODE
L,Variety Foods,P2852,Sundry Debtor,Assets,null,L 1 Shubhlaxmi ComplexVardhman Mahaveer Marg,City Light Town Athwa Surat Gujarat 395007 Ind,Ia,Billwise,P2852,HUL-10C120P23926,ABBPL2572J
L,Shree Harsidhhi Bekri &amp; Namkeen,P2853,Sundry Debtor,Assets,null,Bansidhar Row House 2 Jahangir Pura Surat Guja,Rat 395005 India,,Billwise,P2853,HUL-10C120P23927,BAXPS8234C
L,JAY BHAVANI PAN AND COLDRINKS,P2854,Sundry Debtor,Assets,null,99 Tirupti Society Singanpor Surat Gujarat 395,004 India,,Billwise,P2854,HUL-10C120P23930,9909831296_QR_CODE
L,Vyosha Enterprise,P2855,Sundry Debtor,Assets,null,C/702 Samarpan Hights Nr. D-Mart Vaishnodevi Can A,Vanakala Jahangirabad Surat Gujarat 395 005 India,,Billwise,P2855,HUL-10C120P23932,9537676234_QR_CODE
L,Shreeji Dairy,P2856,Sundry Debtor,Assets,null,243-44 Gopinath Society Ramnagar Rander Surat,Gujarat 395009 India,,Billwise,P2856,HUL-10C120P23937,BAPPS1841D
L,Shree Aashapura Dairy,P2857,Sundry Debtor,Assets,null,VV Complex 23-24 Bhaichand Nagar Katargam Sura,T Gujarat 395004 India,,Billwise,P2857,HUL-10C120P23938,594288479229
L,BANKYARANI BAKERY,P2858,Sundry Debtor,Assets,null,4 Bhesan Rd Bhesan Okha Surat Gujarat 395005,India,Janta Ice Cream Bheshan Road,Billwise,P2858,HUL-10C120P23942,ERNPS4229F
L,Shital Bekary,P2859,Sundry Debtor,Assets,null,Vihar Society A-179 Singanpor Char Rasta Ishwar,Nagar Society Katargam Surat Gujarat 395004 I,Ndia,Billwise,P2859,HUL-10C120P23946,8511680433_QR_CODE
L,JALARAM  SNACKS &amp; NAMKEEN,P2860,Sundry Debtor,Assets,null,Plot.No.A 1 Radhe Shyam Park Opp.Raj Harmony Opp.O,Medical Ugat Canal Road Jahagirbad Surat. Surat Gu,,Billwise,P2860,HUL-10C120P23970,AAVFJ2572M
L,GAYATRI BAKERS,P2861,Sundry Debtor,Assets,null,201 Parle Point City Light Town Athwa,Surat G ujarat 395007 India Surat Gujarat,,Billwise,P2861,HUL-10C120P23991,481731740522
L,Kishan Bakery,P2862,Sundry Debtor,Assets,null,Bapasitaram chowk Magan Nagar Rd Magan Nagar Pa nc,Subhash Nagar Society Katargam Surat Gujarat 39500,,Billwise,P2862,HUL-10C120P23992,BOLPG9385J
L,Gangamaiya Dairy &amp; Sweet,P2863,Sundry Debtor,Assets,null,Mahavir Dham 2 Amroli Surat Gujarat,394107 Ind ia Surat Gujarat,,Billwise,P2863,HUL-10C120P23996,OAHPK1136E
L,Jaliyan Jogi Supar Store,P2864,Sundry Debtor,Assets,null,B227 Jahangir Pura Dahin Nagar Surat,Gujarat 3 95005 India Surat Gujarat,,Billwise,P2864,HUL-10C120P24053,HHFPR3544K
L,SHREE RAJESHWAR MART,P2865,Sundry Debtor,Assets,null,H35 Aurowil Society Uma Bhavan Bhatar Athwa,Surat Gujarat 395001 India Surat Gujarat,,Billwise,P2865,HUL-10C120P24065,CMSPR2426K
L,AVANI DAIRY AND PROVISION STORE,P2866,Sundry Debtor,Assets,Pintu9655@gmail.com,SHOP G5TAPI VYU APARTMENT,ADAJAN GAM,SURAT GUJARAT 395009 INDIA,Billwise,P2866,HUL-10C120P24068,AIAPJ7970L
L,Sunrise Medical Store,P2867,Sundry Debtor,Assets,null,H4 Awas 288B SMC Twp Amroli Surat Gujarat 394,107 India,289 B2 SMN  Kosad Awash,Billwise,P2867,HUL-10C120P24077,BZYPS0641F
L,Dharmishta Pan Colddrink,P2868,Sundry Debtor,Assets,null,Shop No 1 Dipmala Soc,Rander Road,,Billwise,P2868,HUL-10C120P24084,BGNPR4875C
L,Jay Ambe Pan,P2869,Sundry Debtor,Assets,null,Bharti Residency 8 Adajan Surat Gujarat 394510,India,,Billwise,P2869,HUL-10C120P24116,AGXPV3653P
L,Nilkhanth Kariyana Store,P2870,Sundry Debtor,Assets,null,Shop No.11 Vacanza Home Althan Cenal Bhimrad-Alth,an Rd Surat Gujarat 395007 India,,Billwise,P2870,HUL-10C120P24132,AEGPD4833C
L,Khodiyar Namkeen And Bekri,P2871,Sundry Debtor,Assets,null,8 ????? ?? ??????? May ??????? ?? ???? Dabholi,Village Surat Gujarat 395004 India,,Billwise,P2871,HUL-10C120P24134,ANIPM0387P
L,SHIV PAN,P2872,Sundry Debtor,Assets,pra966272vin@gmail.com,Shreeji Raw 1 Amroli Rd Vrundavan Society Amro,li Surat Gujarat 394107 India,India,Billwise,P2872,HUL-10C120P24143,NA
L,Patel Dairy And General,P2873,Sundry Debtor,Assets,null,A/12 Sant Tukaram Society Part 2 Sima Nagar Sur,At Gujarat 395005 India,,Billwise,P2873,HUL-10C120P24150,NA
L,PIYUSH STORE,P2874,Sundry Debtor,Assets,null,6QGV+5JJ Rander Surat Gujarat 395005 India,Near Hanuman Mandir,,Billwise,P2874,HUL-10C120P24153,CARPS3028P
L,Asian Bakery And Farsa,P2875,Sundry Debtor,Assets,null,B161 Pushpa Nagar - 2 Aman Society Bhatena Sur,At Gujarat 394210 India,,Billwise,P2875,HUL-10C120P24154,NA
L,Chamunda Pan And Colddrinks,P2876,Sundry Debtor,Assets,null,Pandol Industrial Estate 2 294 Fatakdawadi Indu,Strial Area Katargam Surat Gujarat 395004 Indi,A,Billwise,P2876,HUL-10C120P24158,EYQPP5676B
L,BOBBY GENERAL  &amp; PROVISION STORE,P2877,Sundry Debtor,Assets,null,23/3/54 23/3/54 Kabutar Khana Mota Bazar Rd Ran,Der Surat Gujarat 395005 India,,Billwise,P2877,HUL-10C120P24171,QPEPS6329D
L,MAA Arbuda Bakery &amp; Namkeen,P2878,Sundry Debtor,Assets,null,Times Square Green Valley 227 Vesu Canal Rd Op,Posite Money Arcade Vesu Surat Gujarat 395007,India,Billwise,P2878,HUL-10C120P24180,FWBPR1848R
L,Nilkanth Bekri &amp; Namkeen,P2879,Sundry Debtor,Assets,null,Shiv Lok Society 79 Ishwar Nagar Society Katarg,Am Surat Gujarat 395004 India,India,Billwise,P2879,HUL-10C120P24182,CAVPM9652B
L,Jay Goga Bekri,P2880,Sundry Debtor,Assets,null,33/34 Anath Ashram Rd Makanji Park Society Chik,uvadi Vishvkarma Society Katargam Surat Gujara,t 395004 India,Billwise,P2880,HUL-10C120P24183,FUKPR5705Q
L,Jay Mataji Namkeen And Bakery,P2881,Sundry Debtor,Assets,null,6R9H+MH7 Makanji Park Society Chikuvadi Vishal,Vagar Society Katargam Surat Gujarat 395004 In,dia,Billwise,P2881,HUL-10C120P24185,AVDPC5664Q
L,A H FOODS,P2882,Sundry Debtor,Assets,null,SHOP 4ASHWAMEGH APT,AMBIKANIKETAN BUS STAND,PARLE POINT ATHWA SURAT,Billwise,P2882,HUL-10C120P24186,AELPS1686K
L,Kailash Ice Cream,P2883,Sundry Debtor,Assets,null,4RW4+G4J Althan Char Rasta Althan Surat Gujara,T 395017 India,,Billwise,P2883,HUL-10C120P24202,BRFPG1986C
L,BARKAT GENRAL STORE,P2884,Sundry Debtor,Assets,null,River View Society 17 Fulwadi Rd Industrial Soc,Iety 1 Industrial Area Katargam Surat Gujarat,395004 India,Billwise,P2884,HUL-10C120P24203,FEUPS8149H
L,Jannat Tea Stole,P2885,Sundry Debtor,Assets,null,River View Society F-30 Fulwadi Rd Industrial S,ociety 1 Industrial Area Katargam Surat Gujara,t 395004 India,Billwise,P2885,HUL-10C120P24207,DKPPK7985G
L,Shree Ganesh Ice Cream Bakery,P2886,Sundry Debtor,Assets,null,Shop no 4 lake view residency Amroli - Kosad Rd,Kosad Surat Gujarat 394107 India,,Billwise,P2886,HUL-10C120P24215,GZQPP2467H
L,VIP SUPER STORE,P2887,Sundry Debtor,Assets,null,G-1 Gokul solitaire VIP Rd opp. Nandanvan Vesu,Near Gokul Masal Vijay Sales,Vesu VIP Road Vesu.,Billwise,P2887,HUL-10C120P24217,20725031002929
L,Santos Colddrinks,P2888,Sundry Debtor,Assets,null,118 Society Vishram Nagar Tribhuvan Nagar Sing,anpor Surat Gujarat 395004 India,,Billwise,P2888,HUL-10C120P24220,BJNPB4827K
L,Jay Maa Kishori Kirana Stores,P2889,Sundry Debtor,Assets,null,29 Fatakdawadi Industrial Area Singanpor Surat,Gujarat 395004 India,,Billwise,P2889,HUL-10C120P24233,PFDPS4138J
L,JAY VEER DAIRY,P2890,Sundry Debtor,Assets,null,A-110 Hari Society Vishal Nagar Surat Gujarat,395004 India,,Billwise,P2890,HUL-10C120P24235,EHSPP3466E
L,KANHA SUPER STORE,P2891,Sundry Debtor,Assets,null,53GANESH KRUPA SOC OPP. GAIL TOWER,Nr. PRIME ARCADE,ANAND MAHAL ROAD SURAT,Billwise,P2891,HUL-10C120P24239,ACHPB9200E
L,Sainath Bakery,P2892,Sundry Debtor,Assets,khalasikishorbhai57@gmail.com,09 Dumas Surat Gujarat 394550 India,,,Billwise,P2892,HUL-10C120P24252,CXEPK4713R
L,Gokul Ras And Bakery,P2893,Sundry Debtor,Assets,null,Angan Residency Ved Rd Pramukh Darshan Society,Dabholi Surat Gujarat 395004 India,,Billwise,P2893,HUL-10C120P24255,ADIPV4140K
L,VIJYA LAXMI DAIRY &amp; GENERAL STORE,P2894,Sundry Debtor,Assets,null,G4 Colar Palaced Savion Circle Gaurath Path Road,Surat,,Billwise,P2894,HUL-10C120P24256,GTFPP0404R
L,VASUDEV NAMKEEN,P2895,Sundry Debtor,Assets,null,Shop No 08Unity Corner,Gaurav Path Road,Surat Gujarat 394510 India,Billwise,P2895,HUL-10C120P24262,NA
L,NAIVEDYA NAMKEEN,P2896,Sundry Debtor,Assets,null,A2 Chitradham App Chitrali Row House Jahangir Pura,395005 India,,Billwise,P2896,HUL-10C120P24269,AILPK4953F
L,Shreenathji Dairy &amp; General Store,P2897,Sundry Debtor,Assets,null,Vihar Society Varinath Chowk,Singanpore Char Rasta,Ved Road.,Billwise,P2897,HUL-10C120P24292,NA
L,Jayshree Khodiyar,P2898,Sundry Debtor,Assets,null,Shop No 4 Maruti Chambers Farber Nagar Ved Rd,near Pran Nath Hospital Prabhunagar Katargam Su,rat Gujarat 395004 India,Billwise,P2898,HUL-10C120P24295,NA
L,Jay Vachraj Dairy,P2899,Sundry Debtor,Assets,null,33-67 Ved Rd Prabhunagar 1 Keshav Park Society,Raman Nagar Katargam Surat Gujarat 395004 Ind,ia,Billwise,P2899,HUL-10C120P24296,NA
L,Krishna Bakery,P2900,Sundry Debtor,Assets,null,8 Radhe Shyam Society,Singanpore Char Rasta,Ved Road.,Billwise,P2900,HUL-10C120P24298,NA
L,Shree Balaji Super Store,P2901,Sundry Debtor,Assets,null,5/HARIOM NAGAR SOC NEAR NEW KOSAD ROAD Amroli -,Same,Same,Billwise,P2901,HUL-10C120P24301,NA
L,JAY AMBE DAIRY,P2902,Sundry Debtor,Assets,null,Shop No 8 Real Point Althan Surat Gujarat 39501,7 India,,Billwise,P2902,HUL-10C120P24305,NA
L,Jay Madhav Bekry,P2903,Sundry Debtor,Assets,null,7V64+6FF Kosad Surat Gujarat 394107 India,Shop No  6.7 Sai Light Shreekr School,Near D Mart Store,Billwise,P2903,HUL-10C120P24334,DKWPG9831E
L,Shivam Deiry And Bekry,P2904,Sundry Debtor,Assets,null,67 Sai Lat Appt Amroli - Kosad Rd Kosad Surat,Gujarat 394107 India,Near Madhav Bekry,Billwise,P2904,HUL-10C120P24335,BZSPP8965K
L,Jay Khodiyar Bekri,P2905,Sundry Debtor,Assets,null,shop No 2 Maruti Nandan Apartment Gajera Rd San,toshi Nagar Society Mira Nagar Society Vishal Na,gar Surat Gujarat 395004 India,Billwise,P2905,HUL-10C120P24336,AKTPJ4155G
L,7 Star Deary And Bekry,P2906,Sundry Debtor,Assets,null,4QP8+7HP NM Mavani Rd E3 Block Vesu Surat Guj,Arat 395007 India,Near Krishna Medical,Billwise,P2906,HUL-10C120P24339,EILPM9022D
L,SHREEJI DAIRY,P2907,Sundry Debtor,Assets,null,Shop No 1Ratan Park Apartment,Sugam Society AdajanSurat Gujarat 395009 India,,Billwise,P2907,HUL-10C120P24347,AHVPP1589P
L,Shri Ram Dairy,P2908,Sundry Debtor,Assets,null,6Q7F+G3P opp. New L.P. Savani School Palanpur S,urat Gujarat 395009 India,,Billwise,P2908,HUL-10C120P24352,CLUPP8088C
L,Nandi Icecream,P2909,Sundry Debtor,Assets,null,Gf 15 shivanjani hub Bhesan Rd opp. gurukrupa s,chool Dattatrey Society Morabhagal Surat Gujar,at 395005 India,Billwise,P2909,HUL-10C120P24354,ADTPK8622J
L,Ranabai Tea And Provision,P2910,Sundry Debtor,Assets,null,Annapurna Shopping Centre Krishna Nagar Society,Choksi Wadi Adajan Surat Gujarat 395009 India,,Billwise,P2910,HUL-10C120P24361,NA
L,BARKAT GENERAL STORES AND DAIRY,P2911,Sundry Debtor,Assets,null,Nekjana Apartment 4 Floor 404  Nani Bajar Rander,Bustop Rander Surat Gujarat 395005 India,India,Billwise,P2911,HUL-10C120P24365,NA
L,AAYESHA GENERAL STORE,P2912,Sundry Debtor,Assets,null,6QCW+PQW Kabutar Khana Mota Bazar Rd Ram Nagar,Rander Surat Gujarat 395005 India,,Billwise,P2912,HUL-10C120P24366,NA
L,Laxmi Dairy,P2913,Sundry Debtor,Assets,null,A-1/11 Mahavir Flats Opposite Rupali Cinema Pala,Npur Patiya Rander Rd Swami Atmanand Saraswati S,Ociety Adajan Surat Gujarat 395005 India,Billwise,P2913,HUL-10C120P24373,NA
L,Raj Patel,P2914,Sundry Debtor,Assets,null,110 First Floor Nirvana Shoppers Jahangirabad,Dahin Nagar Surat Gujarat 395005 India,,Billwise,P2914,HUL-10C120P24396,NA
L,New Bhairunath Kirana Store,P2915,Sundry Debtor,Assets,null,120 Prashant Nagar Prasad Nagar Sima Nagar Sur,at Gujarat 395009 India,,Billwise,P2915,HUL-10C120P24400,NA
L,Gauri Dairy,P2916,Sundry Debtor,Assets,null,6Q5J+79P Pal Gam - Palanpur Jakatnaka Rd Pankaj,Nagar Surat Gujarat 394510 India,,Billwise,P2916,HUL-10C120P24404,NA
L,JUST TAKE IT,P2917,Sundry Debtor,Assets,null,SHOP G16 OBERON,Pal Gam Surat,Gujarat 394510 India,Billwise,P2917,HUL-10C120P24409,NA
L,Junction  Bakery And Farshan,P2918,Sundry Debtor,Assets,null,10 Azad Nagar Rd Bhatar Althan Surat Gujarat,395017 India,,Billwise,P2918,HUL-10C120P24414,NA
L,Anupam Store,P2919,Sundry Debtor,Assets,null,4 Drb College Rd Ews Quarters Shivam Society A,lthan Surat Gujarat 395007 India,,Billwise,P2919,HUL-10C120P24416,NA
L,KAL BHAIRAV SUPER STORES,P2920,Sundry Debtor,Assets,null,6R7J+QV7 Shri Lilashah Marg Nandu Doshi Ni Wadi,Near Vastav Devdi Road Tunki Katargam Surat G,ujarat 395004 India,Billwise,P2920,HUL-10C120P24423,NA
L,Banas Deri,P2921,Sundry Debtor,Assets,null,Gopinath Complex B-159 near Patel Park Kubernag,ar 1 Kubernagar Katargam Darwaja Surat Gujarat,395004 India,Billwise,P2921,HUL-10C120P24426,NA
L,KHODIYAR PAN AND GENERAL STORE,P2922,Sundry Debtor,Assets,null,Shop No 4 Gyan Prawah Apartment Ved Rd Kuber Na,gar 2 Katargam Surat Gujarat 395004 India,,Billwise,P2922,HUL-10C120P24428,NA
L,BALAJI STORES,P2923,Sundry Debtor,Assets,null,110-111 Ved Rd Ramji Nagar Society Vibhag-1 Ka,targam Surat Gujarat 395004 India,,Billwise,P2923,HUL-10C120P24429,NA
L,RAJNI PAN POINT AND COLDRINKS,P2924,Sundry Debtor,Assets,null,Shop No 2 Maruti Nanadhan Apartments 2 Prabhuna,gar Raman Nagar Katargam Surat Gujarat 395004,India,Billwise,P2924,HUL-10C120P24431,NA
L,NILKANTH GENERAL STORE,P2925,Sundry Debtor,Assets,null,GROUND FLOOR HARIOM MILL Ved Rd Maninagar Bahu,char Nagar Katargam Surat Gujarat 395004 India,,Billwise,P2925,HUL-10C120P24434,NA
L,Kk Bakry,P2926,Sundry Debtor,Assets,null,350- Narayan Nagar Katargam Surat Gujarat 3950,04 India,,Billwise,P2926,HUL-10C120P24440,NA
L,Radhey Bakery,P2927,Sundry Debtor,Assets,null,GROUND FLOOR ZEEL PARK Aamba Talavadi Aadarsh S,ociety Katargam Surat Gujarat 395004 India,,Billwise,P2927,HUL-10C120P24446,NA
L,Khodal Backery And Numkin,P2928,Sundry Debtor,Assets,null,25 Ramkatha Rd Shaligram Society behind Ankur sc,hool Aamba Talavadi Patel Park Society Katargam,Surat Gujarat 395004 India,Billwise,P2928,HUL-10C120P24447,NA
L,Shree Khodiyar Backery,P2929,Sundry Debtor,Assets,null,96 Gajera Rd Aamba Talavadi Haridham Society K,atargam Surat Gujarat 395004 India,,Billwise,P2929,HUL-10C120P24448,NA
L,BHAVANI ICE CREAM,P2930,Sundry Debtor,Assets,null,F 401- 402 1 floor Pandol industries pranath ho,spital Ved Rd Fatakdawadi Industrial Area Sing,anpor Surat Gujarat 395004 India,Billwise,P2930,HUL-10C120P24461,NA
L,Shyam Pan,P2931,Sundry Debtor,Assets,null,Vijay Raj Circle Causeway Rd Near Milan Sofa Sig,Anpore Manipark Society Singanpor Surat Gujara,T 395004 India,Billwise,P2931,HUL-10C120P24466,NA
L,Bholenath Dairy,P2932,Sundry Debtor,Assets,null,28near dabholi gam Akhand Anand Society Yojna P,ark Society Katargam Surat Gujarat 395004 Indi,a,Billwise,P2932,HUL-10C120P24468,NA
L,Charmi Bakers,P2933,Sundry Debtor,Assets,null,G 16 Omkar Heights Bhesan Rd Ugat Dahin Nagar,Surat Gujarat 395005 India,,Billwise,P2933,HUL-10C120P24477,BTQPK0618G
L,Prakash Breads Cakes&amp; Namkeens,P2934,Sundry Debtor,Assets,null,Sai Parisar A 504 Opposite L P Savani School Pa,Lanpur Surat Gujarat 395009 India,,Billwise,P2934,HUL-10C120P24482,20725022001270
L,SHRI RAM BHAROSE HOTEL,P2935,Sundry Debtor,Assets,null,G3 J.M. House Harpatiwas Piplod,Near Baneshwari General Near Night Bazar,Piplod Main Road Piplod,Billwise,P2935,HUL-10C120P24483,NA
L,Modi Bakers,P2936,Sundry Debtor,Assets,null,23 Near Prasiddhi Apartments Maheshwari Society,Krishnadham Society Piplod Surat Gujarat 39500,7 India,Billwise,P2936,HUL-10C120P24485,NA
L,Sayar,P2937,Sundry Debtor,Assets,null,827 Dumas Gujarat 394550 India,,,Billwise,P2937,HUL-10C120P24492,NA
L,JAY JALARAM STORE,P2938,Sundry Debtor,Assets,null,3PHG+W95 Bhimpore Main Rd Bhimpore Surat Gujar,At 394550 India,,Billwise,P2938,HUL-10C120P24493,NA
L,Jay Swaminarayan Store,P2939,Sundry Debtor,Assets,null,Nanibajar 3PJH+FMW Bhimpore Surat Gujarat 394,550 India,,Billwise,P2939,HUL-10C120P24494,NA
L,Radhe Radhe Bakery &amp; Gen.Store,P2940,Sundry Debtor,Assets,null,E 4 Jairaj Society Ichhapore 3 Maa Krupa Krishna,Nagar Society Ichchhapor Hazira Gujarat 394510,India,Billwise,P2940,HUL-10C120P24500,NA
L,Kartik Pro Store,P2941,Sundry Debtor,Assets,null,K2 Swagat Residency 4rasta Ichchhapor Surat,Gujarat 394510 India,India,Billwise,P2941,HUL-10C120P24505,NA
L,Shree Shyam Aata Kirana,P2942,Sundry Debtor,Assets,null,K2 Swagat Residency 4rasta Ichchhapor Surat G,Ujarat 394510 India,,Billwise,P2942,HUL-10C120P24506,NA
L,Pawan Bakery,P2943,Sundry Debtor,Assets,null,Amroli Char Rasta,Opp.Shreenathji Bakery,Amroli,Billwise,P2943,HUL-10C120P24509,NA
L,Shree Mahalaxmi Dairy Sweet &amp; Farsan Mart.,P2944,Sundry Debtor,Assets,null,Amroli Char Rasta Chhaprabhatha Road.,Chhapra Bhatha Road.,Amroli.,Billwise,P2944,HUL-10C120P24512,NA
L,Mahalaxmi Dairy &amp; Sweet,P2945,Sundry Debtor,Assets,null,H31 Shreensthi App,Near By Raghuvir Chokadi,New Kosad Road Amroli,Billwise,P2945,HUL-10C120P24514,NA
L,Jay Jagannath Kirana Store,P2946,Sundry Debtor,Assets,null,6VQ2+3WR College Road Dilip Nagar Amroli Surat,Gujarat 394107 India,,Billwise,P2946,HUL-10C120P24515,NA
L,Dhanlaxmi Medical And Ganral Stor,P2947,Sundry Debtor,Assets,null,Shop No 12 New Kosad Rd opp. Rajwadi Party Plot,roli Surat Gujarat 394107 India,,Billwise,P2947,HUL-10C120P24525,NA
L,SHREE VARNIRAJ BAKERY AND DAIRY,P2948,Sundry Debtor,Assets,null,7 STAR RESIDENCY NAVA New Kosad Rd Sweet Home So,ciety Amroli Surat Gujarat 394107 India,,Billwise,P2948,HUL-10C120P24528,NA
L,Shree Ram Backry &amp; Namkin,P2949,Sundry Debtor,Assets,null,Shop No.47 Sweet Home Rajwadi Party Plot Near O,ld Kosad Rd Sweet Home Society Amroli Surat Gu,jarat 394107 India,Billwise,P2949,HUL-10C120P24529,NA
L,Balaji Bakery &amp; Super Store,P2950,Sundry Debtor,Assets,null,SHOP NO 135 Shrushti Row House,Vibhag 2,Amroli Sayan Road.,Billwise,P2950,HUL-10C120P24534,NA
L,Patel Store,P2951,Sundry Debtor,Assets,null,7R6X+M9J Shrushti Residency Rd Neel Kanth Apartm,Ent Amroli Surat Gujarat 394107 India,,Billwise,P2951,HUL-10C120P24535,NA
L,MOMAI DAIRY,P2952,Sundry Debtor,Assets,null,Sai Bungalows 48 Chhaprabhatha Neel Kanth Apart,ment Amroli Surat Gujarat 394107 India,,Billwise,P2952,HUL-10C120P24536,NA
L,KRISHNA PAN AND COLD DRINKS,P2953,Sundry Debtor,Assets,null,G-4Globelcity Hazira-Sayan Rd Chapprabhatta Ga,neshpura Surat Gujarat 394107 India,,Billwise,P2953,HUL-10C120P24537,NA
L,Mhadhav Dairy,P2954,Sundry Debtor,Assets,null,GROUND FLOOR WHITE STONE RESIDENCY Chhaprabhatha,Rd Chapprabhatta Amroli Surat Gujarat 394107,India,Billwise,P2954,HUL-10C120P24540,NA
L,Deluxe Pan,P2955,Sundry Debtor,Assets,null,5 Gopal Shopping Center opp. Sarita Sagar behin,d Keshav Complex Chhaprabhatha Gam Amroli Surat,Gujarat 394107 India,Billwise,P2955,HUL-10C120P24544,NA
L,DHANLAXMI TRADERS,P2956,Sundry Debtor,Assets,null,7R4M+MQP Chhaprabhatha Rd Chapprabhatta Amroli,Surat Gujarat 394520 India,,Billwise,P2956,HUL-10C120P24545,NA
L,Kanaya Namkin,P2957,Sundry Debtor,Assets,null,110 Antillia Skyline Variyav New Katargam Sur,at Gujarat 394520 India,,Billwise,P2957,HUL-10C120P24547,NA
L,Sardar Bakers,P2958,Sundry Debtor,Assets,null,Op Krusha Residency Chhaprabhatha Rd Chapprabhat,Ta Ganeshpura Surat Gujarat 394520 India,India,Billwise,P2958,HUL-10C120P24551,NA
L,Pramukhraj Bakery And Namkeen,P2959,Sundry Debtor,Assets,null,7R8G+349 Chapprabhatta Variav Surat Gujarat 39,4520 India,,Billwise,P2959,HUL-10C120P24552,NA
L,Vihat Dairy &amp; Provigen,P2960,Sundry Debtor,Assets,null,Suman Darshansosayti Ni Same Singanporgam,Suraj Super Ni Bajuma,,Billwise,P2960,HUL-10C120P24557,NA
L,JAY AMBE AMUL PARLOUR,P2961,Sundry Debtor,Assets,null,Shreeji Flats Mahalaxmi Road Honey Park,Near Amrut Store,Adajan,Billwise,P2961,HUL-10C120P24562,NA
L,HEAVEN MEDICAL,P2962,Sundry Debtor,Assets,null,Shop No 1234 Aval Apartment C-5 Rander Rd N,Ear Patel Park Saikrupa Society Tadwadi Surat,Gujarat 395009 India,Billwise,P2962,HUL-10C120P24578,GBRPR2515D
L,Laxmi Dariy,P2963,Sundry Debtor,Assets,null,1 Tirth Raj Apartment Rander Rd Kedarnath Socie,Ty Mahadev Nagar Palanpur Patia Surat Gujarat,395009 India,Billwise,P2963,HUL-10C120P24580,NA
L,Bhawani Kirana Store,P2964,Sundry Debtor,Assets,null,jaghadia chowk Palanpur Canal Rd Prashant Nagar,Jahangirabad Palanpur Jakatnaka Surat Gujarat,395009 India,Billwise,P2964,HUL-10C120P24585,NA
L,Shree Sundha Pan,P2965,Sundry Debtor,Assets,null,FIRST FLOOR PADSHAH BUILDING CHUNAWALA COMPOUND,OPP. MIRAMBIKA DIAMOND near SAI BABA TEMPLE Got,alawadi Tunki Katargam Surat Gujarat 395004 I,Billwise,P2965,HUL-10C120P24591,NA
L,Jay Meladi Maa Stores,P2966,Sundry Debtor,Assets,null,Prannath hospital Vijay Nagar-2 23 Ved Rd behi,nd prannath hospital Prabhunagar Katargam Surat,Gujarat 395004 India,Billwise,P2966,HUL-10C120P24592,NA
L,Shohi Kirana,P2967,Sundry Debtor,Assets,null,A-108 Fatakdawadi Sabri Nagar Industrial Area,Katargam Surat Gujarat 395004 India,,Billwise,P2967,HUL-10C120P24594,NA
L,Chamunda,P2968,Sundry Debtor,Assets,null,Singanpore Suryam Residency Dabholi Rd Laxminar,ayan Society-1 Dabholi Surat Gujarat 395004 In,dia,Billwise,P2968,HUL-10C120P24599,NA
L,Bharka Diry Ica,P2969,Sundry Debtor,Assets,null,1 Vir Bhagat Singh Marg Ramdevnagar Society Ked,Arnath Society Kedar Darshan Society Palanpur Pa,Tia Surat Gujarat 395009 India,Billwise,P2969,HUL-10C120P24612,NA
L,Patal,P2970,Sundry Debtor,Assets,null,09 Palapur Rd Near BSNL Office Vaibhav Nagar M,Ahadev Nagar Palanpur Patia Kedarnath Society M,Ahadev Nagar Adajan Surat Gujarat 395009 India,Billwise,P2970,HUL-10C120P24613,NA
L,Jay Jogeshwar Kirna Stor,P2971,Sundry Debtor,Assets,null,BH. BSNL OFFICE 189-190 Rander Rd Krishna Kunj,Society Vaibhav Nagar Palanpur Patia Surat Guj,arat 395009 India,Billwise,P2971,HUL-10C120P24614,NA
L,Mahavir  Namkeen And Wefars,P2972,Sundry Debtor,Assets,null,Bhesan Rd near Gam Khadi Ground Ugat Morabhagal,Surat Gujarat 395005 India,17 Dev Ashish  Sosayti Near Nayara Petrol Pump Mor,Billwise,P2972,HUL-10C120P24619,NA
L,Panwala Food Hub,P2973,Sundry Debtor,Assets,null,2/11 Rander Rd Ramnagar Sima Nagar Surat Guja,rat 395005 India,Ramnagar Char Rasta,Billwise,P2973,HUL-10C120P24620,NA
L,Manidhar  Nu Rajwadu Store,P2974,Sundry Debtor,Assets,null,12 Gotalawadi Nandu Doshi Ni Wadi Tunki Katargam,Surat Gujarat 395004 India,,Billwise,P2974,HUL-10C120P24624,NA
L,Somnath Pan,P2975,Sundry Debtor,Assets,null,Vasta Devdi Rd Near Torent Power Tunki Katargam,Surat Gujarat 395004 India,,Billwise,P2975,HUL-10C120P24625,NA
L,Rudra General Store,P2976,Sundry Debtor,Assets,null,Shop 4 Arihant complex Katargam Darwaja Rd near,swaminarayan mandir Kubernagar 1 Kubernagar Ka,targam Surat Gujarat 395004 India,Billwise,P2976,HUL-10C120P24628,NA
L,Aashapura Dairy,P2977,Sundry Debtor,Assets,null,Shop 4 Arihant complex Katargam Darwaja Rd near,swaminarayan mandir Kubernagar 1 Kubernagar Ka,targam Surat Gujarat 395004 India,Billwise,P2977,HUL-10C120P24629,NA
L,Gayatri Dari Sweet &amp;Bakri,P2978,Sundry Debtor,Assets,null,Shop No 7mb Nagar Jivan Jyot Cinema Plot No 12,Opp. New Ashirwad Park Shopping Centre Ashirwad,Park Aman Society Bhatena Surat Gujarat 395002,Billwise,P2978,HUL-10C120P24641,NA
L,Bapu Pan House,P2979,Sundry Debtor,Assets,null,Narayan Nagar shak market Dhanmora Rd Narayan Na,gar Katargam Surat Gujarat 395004 India,,Billwise,P2979,HUL-10C120P24652,NA
L,Abhishek Store,P2980,Sundry Debtor,Assets,null,Block A Sant Tukaram Society Part 2 Sima Nagar,Surat Gujarat 395009 India,,Billwise,P2980,HUL-10C120P24654,AUYPM2445B
L,FAYAZ GENERAL STORE,P2981,Sundry Debtor,Assets,null,11/2164 Variyavi Bhagol Sayedpura Surat Gujara,T 395003 India,,Billwise,P2981,HUL-10C120P24656,NA
L,Vijay Kiran,P2982,Sundry Debtor,Assets,null,1 Akhand Aanad Apartment Palanpur Rd Krishna Ku,Nj Society Kedarnath Society Mahadev Nagar Pala,Npur Patia Surat Gujarat 395009 India,Billwise,P2982,HUL-10C120P24660,NA
L,B N Icecream.,P2983,Sundry Debtor,Assets,null,Shop Nol Ustav Apartment Sbi Bank Ni Agar,Shree Nathaji Farnichar Ni Same,Ia,Billwise,P2983,HUL-10C120P24661,NA
L,JANVI BACKRY,P2984,Sundry Debtor,Assets,null,Uma bhavan Chhaprabhatha Rd near Sidhi Chhaprab,hatha Gam Amroli Surat Gujarat 394107 India,,Billwise,P2984,HUL-10C120P24672,NA
L,Maa Chamunda Prov Gen Store,P2985,Sundry Debtor,Assets,null,Shop No 17 Copper Stone Apartment Opp. Patel Par,K Society Chapprabhatta Ganeshpura Surat Gujar,At 394107 India,Billwise,P2985,HUL-10C120P24673,NA
L,Shree Ghanshyam Live Bakary,P2986,Sundry Debtor,Assets,null,Pluto Multiplex &amp; Business Center F-18 Chhaprabh,atha Rd Chapprabhatta Variav Surat Gujarat 394,520 India,Billwise,P2986,HUL-10C120P24677,NA
L,Dharm Tobacco,P2987,Sundry Debtor,Assets,null,S-115  Antiliya Skyline Chapprabhatha Road Variy,A Near Earth Plaza Chapprabhatta Ganeshpura Su,Rat Gujarat 394520 India,Billwise,P2987,HUL-10C120P24679,NA
L,AMBIKA TRADERS-D,P2988,Sundry Debtor,Assets,null,G-12MEGH DHANUSH COMPLEX,ADAJAN PATIYA,SURAT,Billwise,P2988,HUL-134996D-P23886,---
L,ALPESH TRADERS *KATARGAM*-D-D-D,P2989,Sundry Debtor,Assets,null,SHOP NO 1JYOTI SOCIETY,OPP.GUJARATI SCHOOLKATARGAM,SURAT.,Billwise,P2989,GJ39500308201,24222600060
L,MAHESHWARISTORE-(SVS)(Kawas)-D-D-D-D-D-D,P2990,Sundry Debtor,Assets,null,MAINBAZARKAWAS,-,-,Billwise,P2990,GJ39451061073,24222400013
L,J. B. TREDRAS-D-D-D-D,P2991,Sundry Debtor,Assets,null,JULELAL MANDIR GALI,RAMNAG,SURAT,Billwise,P2991,HUL-132638/D-D0762,24220101286
L,SHREE LAXMI TRADERS-PALNPUR-D-D-D-D-D-D,P2992,Sundry Debtor,Assets,null,704 /  Bh Ramnagar Hausing Bord,Near Prashant Bakari,Palnpur Ramnagar Road,Billwise,P2992,GJ39500901421,APPLIED FOR
L,MARUTI TRADERS  *AMROLI*-D-D-D-D-D,P2993,Sundry Debtor,Assets,null,MANSAROVAR CIRCLE,NR. BHAVANI MEDICAL,AMROLI,Billwise,P2993,HUL-101471D-MSA2516,NA
L,DEEPIKASTORE-D-D-D-D-D-D-D,P2994,Sundry Debtor,Assets,null,227SHIVAMSHOPING,THAKORDHAVAR,TARWADI,Billwise,P2994,GJ39500561087,UNREGISTERED
L,Laxmi Mart*Amroli*-D-D-D-D-D,P2995,Sundry Debtor,Assets,null,1DEV122Shrushti Raw House-2,Amroli Surat.,NA,Billwise,P2995,HUL-101471D-9164,24222501145
L,PATEL KIRANA   *KATARAGAM*-D-D-D,P2996,Sundry Debtor,Assets,null,SHOP-5-ASHOPALAV APPARTMENTKATARGAM,PATEL FALIAOPP-PADMAVATI FLATS,NA,Billwise,P2996,HUL-101471D-MSA555,111111
L,Hari Om Traders-D,P2997,Sundry Debtor,Assets,null,Plot No 51 Raguvir Society Near Satadhar Hospital,Cross Road Amroli,Surat,Billwise,P2997,HUL-10B234D-P39509,1
L,HARI HAR DAIRY &amp; GEN. STORE-D-D-D-D-D-D-D,P2998,Sundry Debtor,Assets,null,10SHASVAT COMPLEX,HUNNY PARK ROAD,SURAT,Billwise,P2998,HUL-132638D-D1082,***********
L,ARCHANA BAKERY*SUMUL DAIRY*D*-D-D,P2999,Sundry Debtor,Assets,null,1AABHUSHANA COM,BADA GANESHMANMOHAK ICE CREAM,SURAT,Billwise,P2999,HUL-101471D-MSA2309,11111
L,MATESHWARI TRADING-D-D,P3000,Sundry Debtor,Assets,null,MORA TEKRA,SURAT,SURAT,Billwise,P3000,HUL-134996D-P17456,---
L,Mauli Tobacco &amp; General Store-D,P3001,Sundry Debtor,Assets,null,Beside Police Line New Magdalla Surat,Dumas,Near Vr Mall,Billwise,P3001,HUL-10B234D-P41227,1
L,Maruti Provision Store-D,P3002,Sundry Debtor,Assets,null,Kavas Surat,Kavas,Kavas,Billwise,P3002,HUL-10A225D-P63155,1
L,VASU PUJYA TRADERS-D-D-D-D,P3003,Sundry Debtor,Assets,tpparma11111977@gmail.com,13TAPESHWARI SOC,DEVIKRUPA,UTRAN,Billwise,P3003,HUL-134508D-P9365,---
L,BAJAJ TREDARS &amp; TOBECO-D,P3004,Sundry Debtor,Assets,null,Shop 2,Reliance Nagar Shree Ram Chokdi,Amroli,Billwise,P3004,HUL-10B234D-P16180,1
L,DURGA TRADING-D,P3005,Sundry Debtor,Assets,null,Shop No 2.3 Near Lakda Kolsha Wakhar,Ramnagar Main Road,Rander Surat.,Billwise,P3005,HUL-10B234D-P45370,NA
L,AMBIKA TREDARS-D-D-D-D-D-D-D,P3006,Sundry Debtor,Assets,null,23PUNIT SHOPPING CENTER,NR.KANNYA TOBECOO,PALNPUR PATIYA,Billwise,P3006,HUL-132638D-P2281,***
L,GAUTAM TRADERS *AMROLI*-D-D-D-D-D,P3007,Sundry Debtor,Assets,null,PLOT NO 133VARDHAMAN PARK 2,SATRANG CHOKDINES KOSAD ROAD AMROLI,SURAT.,Billwise,P3007,GJ39500801388,24222500152
L,DEEPDARSHAN TRAD.*AMROLI*-D-D-D-D-D,P3008,Sundry Debtor,Assets,null,NO-5/6NIRMAL NAGARAMROLI COLLEG  ROAD,NR-JAIN DESARA,NA,Billwise,P3008,HUL-101471D-MSA183,24222500167
L,SHREE KRISHANA SUPER STORES-D-D-D-D,P3009,Sundry Debtor,Assets,nileshmali46@gmail.com,Shop-15 Raj World Near Shree Pad,Res. Kenar Road Surat,Near Mhahadev Super Store,Billwise,P3009,HUL-133539D-P8381,0
L,GIRIRAJ TOBACCO*KATARGAM *-D-D-D,P3010,Sundry Debtor,Assets,null,SHOP NO.62SHOP NO.62,PARAS SOC. KUBER NAGAR,OPP.JAIN DERASAR  KATARGAM DARWAJA,Billwise,P3010,HUL-101471D-MSA253,111111
L,MAHALAXMI TOBACCO*PANDOL*-D-D-D,P3011,Sundry Debtor,Assets,null,NO-12 ISHWARMOTI SOCREHMAT NAGARVED ROAD,NR-PANDOL POLICE CHOWKI,NA,Billwise,P3011,HUL-101471D-P11279,0
L,YOGI ENTERPRISE *KATARGAM*-D-D-D,P3012,Sundry Debtor,Assets,null,10PARAS SHOP CENTREPARAS SHAK MRKT,B/H PARAS POLICE CHOWKI,NA,Billwise,P3012,HUL-101471D-MSA1111,24222703634
L,DHANLAXMI TOBACCO &amp; GEN*VED ROAD*-D-D-D,P3013,Sundry Debtor,Assets,null,SHOP NO 5PLOT NO 205,TRIVENI SOCIETYOPP AKHAND ANAND COLLAGE,VED ROAD,Billwise,P3013,HUL-101471D-P16228,24222602376
L,AMROLI SEVA SAHAKARI*AMROLI*-D-D-D-D-D,P3014,Sundry Debtor,Assets,null,UTRAINROAD,NEARRAILWAYSTATION,NA,Billwise,P3014,GJ39410761082,24222500162
L,SARASWATI SUPER STORE-D-D-D-D,P3015,Sundry Debtor,Assets,null,SHOP NO 12,VESTAN CITY NR .CNG PUMP,L.P SAWANI,Billwise,P3015,HUL-133172D-P8626,UNREGISTER
L,NEW MAHADEV &amp;PRO.STORE(SMART)-D-D-D-D-D-D-D,P3016,Sundry Debtor,Assets,null,3/3MAHARASHIAPP.NRSATYAMSUNDRAM,HANUMANCHOWKTARWADI,SURAT,Billwise,P3016,HUL-132638D-D0626,***********
L,MAHADEV SUPAR STORED-D-D-D-D-D-D,P3017,Sundry Debtor,Assets,null,SHOP.NO 35,SOLITER BUISNESS PLAZA,KENAL MAIN ROAD PALANPUR JAKATNAKA,Billwise,P3017,HUL-133172D-P7261,UNREGISTER
L,SHREE MALLINATH STORE-D-D-D-D-D-D,P3018,Sundry Debtor,Assets,null,SHOP-5 PRABHUTAVAS SARELA  WADI,NR.VARDHAMAN MEDICALGHOD DOD ROAD,SURAT,Billwise,P3018,HUL-132638D-D0247,24220300506
L,KALPTARU SUPER MARKET (KAWAS GAM)-D-D-D-D-D-D,P3019,Sundry Debtor,Assets,null,9/10SiddhiComp.NR.KAWASPATIYA,HaziraMainRoad.Surat,NA,Billwise,P3019,HUL-132638P8940,24222400329
L,MAHESHVARI STORE-D-D-D-D-D-D,P3020,Sundry Debtor,Assets,null,OPP BHAGVATI ASHISH APP.,KRUTIKA NAGAR SOCNR. KRISHNA MED.,CITY LIGHT RD,Billwise,P3020,HUL-132638D-D0119,***********
L,R.D SUPER STORE-D,P3021,Sundry Debtor,Assets,null,1057 Parth Soci,NEAR KHODAL KRUPA MEDICAL,AMROLISURAT,Billwise,P3021,HUL-10A225D-P63424,1
L,PATILSTORE(DUMAS)-D-D-D-D-D-D,P3022,Sundry Debtor,Assets,null,POLICEQUARTERS,MAGDALLADUMAS,NA,Billwise,P3022,HUL-132638D-D1115,24222300638
L,LAXMI SUPER STORES(SVS-1)-D-D-D-D-D-D,P3023,Sundry Debtor,Assets,null,SHREE RAM APT.HOLLYDAY IN HOTAL,ATHWALINES,2253844,Billwise,P3023,GJ39500761101,24220301664
L,PATEL BROTHERS-D-D (ALTHAN)-D-D-D-D,P3024,Sundry Debtor,Assets,null,ANAND PARK SOC,NR PATEL BEKARY,ALTHAN MAIN RD,Billwise,P3024,HUL-132638D-P1296,APPLY FOR
L,AMARKUNJ CON. STORE-D-D-D-D-D-D,P3025,Sundry Debtor,Assets,null,SHOP-007 DHARMESH APP.OPP.PICNIC FOOD BAZAR,GHOD DOD ROAD,SURAT,Billwise,P3025,HUL-132638D-D0227,24220300345
L,RIVOO Mart-D,P3026,Sundry Debtor,Assets,null,Gangeswer Mahadev Mandir,Gangeswar Mahadev Mandir,Surat,Billwise,P3026,HUL-10B234D-P18397,1
L,ARIHANT SUPER STORE-D,P3027,Sundry Debtor,Assets,null,G1G2 SIMANDAHR,HIGHTS PAL,SUART,Billwise,P3027,HUL-10B234D-P18685,1
L,AASHA STORES T-P-D-D-D-D,P3028,Sundry Debtor,Assets,null,SHOP-NO-68/69 RAJ WORLD,NEAR NILKANTH RESS.,BEHIND BRAHAMANI DAIRY,Billwise,P3028,HUL-133539D-P8445,0
L,7 TWO SUPER STORES-D-D-D-D-D-D-D,P3029,Sundry Debtor,Assets,null,93/94 AMBIKA NAGAR SOC 03,ICCAPORE BUS STOP NO 03,HAZIRA ROAD,Billwise,P3029,HUL-133172D-P14675,24222400262
L,TAPOVAN PROVISON STORES-D-D-D-D-D,P3030,Sundry Debtor,Assets,null,TAPOVAN COLANY NR INDANA,MAIN ROAD MORA TEKRA,HAJIRA,Billwise,P3030,HUL-134493D-P5697,0000
L,A ONE SUPER STORE AND AND DAIRY-D,P3031,Sundry Debtor,Assets,null,22 NAKSHTRA VU AABHUSHAN RESIDENCY,SOLITER BUSINESS  CENTER,PALANPUR CANAL ROAD,Billwise,P3031,HUL-10B234D-P20404,1
L,Bhavani Super Store-D,P3032,Sundry Debtor,Assets,null,2,2 Bapu Nagar2 Behind Vr Mall,Magdalla,Billwise,P3032,HUL-10A176D-P59671,1
L,Camundakirsna-D,P3033,Sundry Debtor,Assets,null,Chandnichcok,Nandnipsrk,Umara,Billwise,P3033,HUL-10A176D-P62623,1
L,H.H.SUPER MART-D,P3034,Sundry Debtor,Assets,null,NR-TAPOVAN ASHRAM,NA,NA,Billwise,P3034,HUL-132638P9214,UNREGISTERED
L,Shree Sainath Namkeen-D,P3035,Sundry Debtor,Assets,null,Nilkanth Society Nr.Laxmi DiamondKatargam Fulpada,Same,Same,Billwise,P3035,HUL-10B234D-P21984,1
L,RAGHUVIR KARIYANA(SMART)-D-D-D-D-D-D,P3036,Sundry Debtor,Assets,null,SAMBHU FALIA,UMRA GAM,SURAT,Billwise,P3036,HUL-132638D-D0061,UNREGISTERED
L,VARSA TRADERS-D-D-D,P3037,Sundry Debtor,Assets,null,GATE NO 3 MATHURA NAGARI,SOC. BANGLO NO-81,KENAL ROAD OPP. NXTRA PLATINUM,Billwise,P3037,HUL-134493D-P5327,APPLY FOR
L,ARIHANT FOOD BAZAR-D,P3038,Sundry Debtor,Assets,null,NEAR KATARGAM POLICE STATION,CHALI NO 93TEKARA FALIYA,KATARGAM SURAT,Billwise,P3038,HUL-10A499P29,24AAYFA3547N1ZT
L,KRIBHCO KARMCHARI  SOCIETY LTD.-D,P3039,Sundry Debtor,Assets,null,KRIBHCO TOWN SHIP,NA,NA,Billwise,P3039,HUL-133206P13,24222400136
L,SURAJ DAIRY-D-D-D,P3040,Sundry Debtor,Assets,null,SHOP NO.SHRI NIDHI APPT,OPP.CHANDAN PARK,CITY LITE,Billwise,P3040,HUL-134107D-P10686,NA
L,Tulsi Super Store-D,P3041,Sundry Debtor,Assets,null,4_5 Exulase Bhimrat,4_5 Exulase Bhimrat,4_5 Exulase Bhimrat,Billwise,P3041,HUL-10A176D-P66363,1
L,ARIHANT TRADERS-D-D,P3042,Sundry Debtor,Assets,null,ALTHAN,AZAD NAGAR ROAD,ALTHAN,Billwise,P3042,HUL-134996D-P17466,--
L,Maruti Nandan Super Store-D,P3043,Sundry Debtor,Assets,null,Shop No G 28 Square One,Bhimrat,Near Aashirvad Enclev,Billwise,P3043,HUL-10A176D-P69723,1
L,JAY AMBE TREDARS-D,P3044,Sundry Debtor,Assets,null,6R9C+VVV Maninagar Bahuchar Nagar Katargam,Surat Gujarat 395004 India,,Billwise,P3044,HUL-10B812D-P22332,NA
L,New India Tredars-D-U2NC,P3045,Sundry Debtor,Assets,null,Shop No 4 Nr Zulelal Temple,Rang Avadhut Society-1 Ramnagar Sima Nagar,Surat Gujarat 395005 India,Billwise,P3045,HUL-10B812D-P22392,NA
L,GAUTAM SALES AGENCY-D-D-D-D,P3046,Sundry Debtor,Assets,null,SHOP NO- 34 VARDHMAN COMPLEX,KOSAD ROAD,AMROLI,Billwise,P3046,HUL-134508D-P9375,24222500555
L,GAUTAM PROVISION* AMROLI*-D-D-D-D-D,P3047,Sundry Debtor,Assets,null,PRABHU DARSHAN COMPLEX,NEAR AMROLI BUS STANDAMROLI,NA,Billwise,P3047,GJ39500308208,24222500483
L,LAXMI TRADERS-D-D,P3048,Sundry Debtor,Assets,null,MORA TEKRA,SURAT,SURAT,Billwise,P3048,HUL-134996D-P17461,--
L,Mahavir Tradras-D,P3049,Sundry Debtor,Assets,null,22Tribhovan Nahar Soc.,Nr.Patle Tob,Ved Road Surat,Billwise,P3049,HUL-10B812D-P23009,NA
L,HANUMAN TOBACCO -D-D-D,P3050,Sundry Debtor,Assets,null,Sachin Surat,Sachin Surat,Sachin Surat,Billwise,P3050,HUL-134489D-P4205,UNREGISTER
L,Durga Enterprise-D,P3051,Sundry Debtor,Assets,null,Ramnagar BRTS NH228 Ramnagar Sima Nagar,Surat Gujarat 395009 India Surat Gujarat,,Billwise,P3051,HUL-10B812D-P25521,435218539473
L,Lirbai Tobaco-D,P3052,Sundry Debtor,Assets,null,Chapra Bhatha Road,Variyavav Road,Radhika Point Same,Billwise,P3052,HUL-10A225D-P66490,1
L,MARUDHAR PROVISON STORE-D-D-D-D,P3053,Sundry Debtor,Assets,null,MAIN BAZAR KAWAS,HAJIRA ROAD,SURAT,Billwise,P3053,HUL-132638D-D0914,24222400273
L,DHANLAXMI TRADING-D-D-D-D-D-D,P3054,Sundry Debtor,Assets,null,SHOPNO.-4 RAMNAGAR MAIN ROAD,JULAL MANDIRRAMNAGAR,SURAT,Billwise,P3054,GJ39500901413,24220200228
L,AKASH TRADERS-D-D-D-D-D-D-D,P3055,Sundry Debtor,Assets,null,25NEW SAURABHV SOCI.,MORABHAGAL MAIN ROAD,NEAR SARTHI MEDICALE,Billwise,P3055,HUL-132638D-P1126,24220101079
L,KANAYA TRADERS(W)-D-D-D-D-D-D-D,P3056,Sundry Debtor,Assets,null,OPP.VARUN TRAERS2 VALBHAV NAGER,PALNAPUR JAKAT NAKA,NA,Billwise,P3056,HUL-132638D-P9423,UNREGISTERD
L,Kishan Mol-D,P3057,Sundry Debtor,Assets,null,Nare Ison Madir,Jagipur,Surat,Billwise,P3057,HUL-10B234D-P21784,1
L,MARUTI TRADING  -D-D-D-D-D-D-D,P3058,Sundry Debtor,Assets,null,SHOP NO 12 NR MARUDHAR  SUPER STORE,NATHU VILASH KAWAS GAM,,Billwise,P3058,HUL-101471D-MSA1978,24222400647
L,Mangaldeep Kirana-D,P3059,Sundry Debtor,Assets,null,Haridarshan Khado Sahjanand Soc,Sahjanand Soc,Katargam,Billwise,P3059,HUL-10A225D-P68728,1
L,SAGAR FOODS-D,P3060,Sundry Debtor,Assets,null,Ramnagar,RAMNAGAR MAIN ROD,Ramnagar,Billwise,P3060,HUL-10B234D-P16150,1
L,KHAJURIYA SHYAM TRADERS-D,P3061,Sundry Debtor,Assets,null,18/19 NARMAD A NAGAR,GANESHPURA SAYAN ROAD,AMROLI SAYAN ROAD,Billwise,P3061,HUL-134996D-P21614,**********
L,BHASKAR SALES AGENCY-D,P3062,Sundry Debtor,Assets,null,NR-GAJANAND SUPER,ISCON PLAZA,CHAPRABHATHA,Billwise,P3062,HUL-134996D-P26115,11
L,KRISHNA - KANAIYA TOBACCO CENTER-D-D-D-D-D-D-D,P3063,Sundry Debtor,Assets,null,3PUNIT NAGAR SHOP. CENTER,RANDER ROAD,PALAN PUR PATIA,Billwise,P3063,HUL-132638D-D0902,24220100681
L,Zam Zam Super  Store-D,P3064,Sundry Debtor,Assets,null,G 5 Firdos Tower,Opp Danamora Corporation.,Adajan,Billwise,P3064,HUL-10B234D-P20909,1
L,SHRIKRISHNASTORES-D-D-D-D-D-D,P3065,Sundry Debtor,Assets,null,RAMNAGARCOLONY,RAMNAGAR,SURAT,Billwise,P3065,GJ39500901411,24220201191
L,A.G.PANWALA-D-D-D-D-D-D-D,P3066,Sundry Debtor,Assets,null,G-1FAZAL SHOPING CENTER,ADAJAN PATIYAOPP.  DHANMORA COM.,NR.NATIONAL TOABACCO,Billwise,P3066,HUL-132638D-D0597,24220200305
L,WEL COME TRADERS-D-D-D-D-D-D-D,P3067,Sundry Debtor,Assets,null,G-4FAZAL TOWER DHANMORA COM.,ADAJAN PATIYA,NR.A.G.PANWALA,Billwise,P3067,HUL-132638D-D0617,***********
L,Gandhi Chimanlala Lapashivala And Sons-D,P3068,Sundry Debtor,Assets,null,Shop 26 Sawgt App.,Lchepurroad,Lchaapur,Billwise,P3068,HUL-10B234D-P21551,1
L,DARSHAN TRADERS-ANAND MAHAL-D-D-D-D-D-D,P3069,Sundry Debtor,Assets,null,4/CANAND MAHAL APP.B/H BHULKA BHAVAN,ANAND MAHAL ROAD,SURAT,Billwise,P3069,GJ39500901424,24220200316
L,NARAYAN TRADERS-D-D-D-D-D-D-D,P3070,Sundry Debtor,Assets,null,4NR INDIA TRADERS,NR RAMNAGAR BUS STATION,NA,Billwise,P3070,HUL-132638D-D0611,24220100689
L,MANGALVIR PRO STORES-D-D-D-D,P3071,Sundry Debtor,Assets,null,NR AMAR TRADERS,HOUSEING BOARD,PALANPUR PATIYA,Billwise,P3071,HUL-132638D-D0619,***********
L,M/S Vasudev Trading-D-D-D,P3072,Sundry Debtor,Assets,null,Near Krsh Kanhiya,Beside Vijay Dairy,Palanpur Patiya,Billwise,P3072,HUL-133172D-P4012,UN RAGISTERD
L,NEW LAXMI TRADERS (RAMNAGAR)-D-D-D-D-D-D,P3073,Sundry Debtor,Assets,null,NR.ZULELALMANDIR,RAMNAGAR,SURAT,Billwise,P3073,GJ39500901882,24220101406
L,AMBIKA TOBACCO-W-D-D-D-D-D-D-D,P3074,Sundry Debtor,Assets,null,NR L.P.SAVANI SCHOOL,NA,NA,Billwise,P3074,HUL-132638D-P9426,24220201639
L,VISHAL TRADERS(NIRMALBHAI)-D-D-D-D-D-D,P3075,Sundry Debtor,Assets,null,SHOP NO-4 RAM NAGAR,ZULELAL TEMPLE ROAD,SURAT,Billwise,P3075,GJ39500901414,APPLIED FOR
L,ADARSH BECKERY-D-D-D-D-D-D,P3076,Sundry Debtor,Assets,null,SHOP NO. 5 NR.PRAKASH BECKERY,NR JULELAL MANDIRRAMNAGAR,SURAT,Billwise,P3076,GJ39500901427,24220100524
L,SAGARTRADERS-D-D-D-D-D-D,P3077,Sundry Debtor,Assets,null,RAMNAGAR MAIN RD,RAMNAGAR RANDER,SURAT,Billwise,P3077,GJ39500901420,24220201132
L,LALA TRADERS-W-D-D-D-D-D-D-D,P3078,Sundry Debtor,Assets,null,NR SUNNY TRADERS,16D 12/ 128 B.NO- 7S.N-9RAMNAGAR MAIN ROAD,NA,Billwise,P3078,HUL-132638D-P9435,***************
L,M.P. SHARDA C/O-DHANLAXMI TRADING-D-D-D-D-D-D,P3079,Sundry Debtor,Assets,null,MORA TEKRANR- BUS STOP.,CHORYASI TALUKASURAT,NA,Billwise,P3079,GJ39451062200,24222803857
L,MAHADEV TRADING CO MORA D-D-D-D-D-D,P3080,Sundry Debtor,Assets,null,PO MORA TEKRA (BHATLAI ROAD )  MORA DIS,NA,NA,Billwise,P3080,HUL-132638P9211,24222400274
L,ARUN STORE-D,P3081,Sundry Debtor,Assets,null,PLOT NO-41,DINDAYAL SOC,NR-KISHAN DAIRY,Billwise,P3081,HUL-134996D-P25626,11
L,AMARDEEP MART-D,P3082,Sundry Debtor,Assets,null,Shop No. 18 19 Jyothi Society Paras Society Kat Ar,Rd Jyoti Society Katargam Surat Gujarat 395004 Ind,,Billwise,P3082,HUL-10C120D-P21353,617294256739
L,THE S.S SUPER MART-D,P3083,Sundry Debtor,Assets,null,12 13 14 Rashi Shopers,Near Vaisndevi Heights Jahngirpura,Canal Road,Billwise,P3083,HUL-10B234D-P44784,1
L,BAJRANG TRADERS*KATARGAM*-D-D-D,P3084,Sundry Debtor,Assets,null,14TRIBHUVAN SOCOPP. AKHANDANAND SCHOOL,COZWAY ROADTRILOKNAGAR SOC,SURAT,Billwise,P3084,HUL-101471D-MSA2662,NA
L,SHREEJI STORE -D-D-D,P3085,Sundry Debtor,Assets,null,GOPINATH ROW HOUSE,OPP.VED RODA POLICE STATION VED ROAD,KATARGAM,Billwise,P3085,HUL-133227D-P13163,24222602156
L,RADHE KRISHNA GENERAL STORE-D,P3086,Sundry Debtor,Assets,null,3 Madhavanand Society,Near Narayan Nagar Chowk,Katargam Singapore Road,Billwise,P3086,HUL-10B812D-P27528,1
L,R J TRADERS-D,P3087,Sundry Debtor,Assets,null,14 Block No.3 Gujrat Houshing Board,Ramnagar Rander Road Surat. Surat Gujarat,,Billwise,P3087,HUL-10B812D-P28054,BRPPJ3397C
L,MAHESHWARI SUPER-D-D,P3088,Sundry Debtor,Assets,null,ICHAPUR MAIN ROAD,NRBARODA BANK,SURAT,Billwise,P3088,HUL-134996D-P17541,---
L,Kailash Supermarket-D,P3089,Sundry Debtor,Assets,null,Kawash Chokdi,Kawash Chokdi,Kawash Chokdi,Billwise,P3089,HUL-10B234D-P18366,1
L,Shree Swaminarayan Super Store-D,P3090,Sundry Debtor,Assets,null,Cg4 Shivan Avanu Badholi,Shivam Medical,Babholi,Billwise,P3090,HUL-10A225D-P63231,1
L,JAY MAHAKALI COSMETIC-D,P3091,Sundry Debtor,Assets,null,SHOP NO.6,I C Gandhi Shopping Centre,Sumul Dairy Road,Billwise,P3091,HUL-10B234D-P27631,1
L,BAJRANG BACKRY &amp; SUPER -D-D-D-D,P3092,Sundry Debtor,Assets,null,456KESHAV COMPLEX,NRPRATHMIK SCHOOL,CHAPRA BHATHA,Billwise,P3092,HUL-134508D-P10093,---
L,ENJOY SUPER MARAT-D,P3093,Sundry Debtor,Assets,null,SHOP NO G 7 TIME SQUARE COMPLEX,NEAR GAURAV PATH ROAD,APEX HOSPITAL  PAL ROAD,Billwise,P3093,HUL-10B234D-P40951,1
L,PATEL &amp;SONS. -D-D,P3094,Sundry Debtor,Assets,null,14ASKSHAR KUNJ SOCIETY,OPP.LAXMI ECCCLAVENRGAJERA SCHOOL,KATAGAM SURAT,Billwise,P3094,HUL-101471D-9097,APPLIED FOR
L,Shri Swaminaryan Namkeen-D,P3095,Sundry Debtor,Assets,null,G-28 Palanpur Canal Rd Palanpur Surat,Gujarat 395009 India Surat Gujarat,,Billwise,P3095,HUL-10B812D-P22768,NA
L,PARESH Consumer Stores-D,P3096,Sundry Debtor,Assets,manjitujwal99@gmail.com,Shop No.8 Virat Apartment Beside Dairy Corner Diwa,Of Baroda Athwa Gate Surat Gujarat 395001 India Su,,Billwise,P3096,HUL-10B812D-P24243,DRGPR5305M
L,Laxmigenral Store-D,P3097,Sundry Debtor,Assets,null,NA,Katargam,Katargam,Billwise,P3097,HUL-10A225D-P64963,1
L,Satnam Lace-D,P3098,Sundry Debtor,Assets,null,Radhey Complex Dabholi Rd Radhabaug Society Parvat,Katargam Surat Gujarat 395004 India Surat Gujarat,,Billwise,P3098,HUL-10B812D-P24264,517149242893
L,Gajanand Kirana-D,P3099,Sundry Debtor,Assets,null,Shop 5 Indraprast App,Haribhai Vaghjibhai Khadki 2 ????????,Katargam Surat Gujarat 395004 India,Billwise,P3099,HUL-10B812D-P24292,875711043154
L,Maa Tulaja Bhavani Medical-D,P3100,Sundry Debtor,Assets,null,SHOP NO 2 NARAYAN NAGAR Gujarat,395004 India Katargam Surat Surat Gujarat,,Billwise,P3100,HUL-10B812D-P24341,403820599722
L,Sidhdhi Vinayak General Store-D,P3101,Sundry Debtor,Assets,null,P873 Old Gidc Ne Shreeji Medical,Gujarat 395004 India Katargam Surat Gujarat,,Billwise,P3101,HUL-10B812D-P24362,689191876711
L,Hiren Super 2-D,P3102,Sundry Debtor,Assets,null,Shop.No.1 Saffron Height Opp.Mansarowar Bungalow N,Dairy Althan Bhimrad Road Surat Surat Gujarat,,Billwise,P3102,HUL-10B812D-P24376,504959120485
L,Hare Krishna General-D,P3103,Sundry Debtor,Assets,null,Shop No3 Hari Om Mil,Gujarat 395004 India Surat Gujarat,,Billwise,P3103,HUL-10B812D-P24383,310583032076
L,Nilesh Kirana Store-D,P3104,Sundry Debtor,Assets,null,50 Ram Nagar Near Gujarati School Uttran,Surat Gujarat 394105 India Surat Gujarat,,Billwise,P3104,HUL-10B812D-P24397,417348914575
L,Shree Hari Kariyana-D,P3105,Sundry Debtor,Assets,null,Shreenath Gardaniya Amroli - Kosad Rd Kosad,Surat Gujarat 394107 India,,Billwise,P3105,HUL-10B812D-P24411,621274142986
L,Sant Kabir Supar Store-D,P3106,Sundry Debtor,Assets,null,Shop 25 Kuber Maharaj Jyoti Society Katargam,Surat Gujarat 395004 India Surat Gujarat,,Billwise,P3106,HUL-10B812D-P24426,491960301309
L,Asha Jenral Store,P3374,Sundry Debtor,Assets,null,Nr Rajkumar Bhatpore Surat Gujarat,394510 India Surat Gujarat,,Billwise,P3374,HUL-10C120P23168,530797469158
L,SHIVAM SUPER STORE,P3375,Sundry Debtor,Assets,null,Shop No C 18 Neste Arched Bhimrad Canal,Road Nr Water Tank Bhimrad Surat Gujarat,,Billwise,P3375,HUL-10C120P23170,362822630825
L,SHREE D. N. MULTI SHOP,P3376,Sundry Debtor,Assets,null,467 Aahirwas Near Water Tank,Bhatpore,Batha Bhatpore,Billwise,P3376,HUL-10C120P23175,578043323279
L,Gayatri Provision Store,P3377,Sundry Debtor,Assets,null,Shop 1 Palanpur Silverpark Society Palanpur Jaka,Tnaka Surat Gujarat 395009 India,,Billwise,P3377,HUL-10C120P23176,446260699273
L,Amit Kirana,P3378,Sundry Debtor,Assets,null,Shop No 59 Sahyog Sco.Nr Prem Kirana,Surat Gujarat 395004 India,Pandol Ved Road,Billwise,P3378,HUL-10C120P23177,585138128995
L,Maa Krupa Kirana,P3379,Sundry Debtor,Assets,null,Shop No 1  Saurabh App. Opp. Shukan Residencial,Nr. Risibha Kirana.,,Billwise,P3379,HUL-10C120P23178,798521227158
L,Super Kariyana Store,P3380,Sundry Debtor,Assets,null,E 17 River View Soc..Opp.Siddika Medical,Strial Area Singanpor Surat Gujarat 395004 Ind,Fulwadi Pandol,Billwise,P3380,HUL-10C120P23179,206311180236
L,Aerika &amp; Aaiysha,P3381,Sundry Debtor,Assets,null,Near Hanuman Tekari Prince Super Ni Bajuma Jahagir,Road Rander Rat 395005 India Surat Gujarat,,Billwise,P3381,HUL-10C120P23182,931953430877
L,Shree Dhar Provision &amp;Kirana Store,P3382,Sundry Debtor,Assets,manishmeena9825@gmail.com,36 37.Mangal.Group.Soc Near By Prabhunagar 2,Gujarat 395004 India Surat Gujarat,,Billwise,P3382,HUL-10C120P23183,868002716948
L,Gautam Kirana Store,P3383,Sundry Debtor,Assets,null,5PJ7+CPQ Kavas Limla Hazira Gujarat 394510 In,Dia,,Billwise,P3383,HUL-10C120P23184,987234403084
L,CHOUDHARY KARIYANA,P3384,Sundry Debtor,Assets,null,1 Singanpor Rd Triveni Society Laxmi Nagar Soci,Ety Singanpor Surat Gujarat 395004 India,NER KEVAL KRUPA MEDICAL,Billwise,P3384,HUL-10C120P23185,10716031000233
L,Shivshakti General,P3385,Sundry Debtor,Assets,null,Panchvati Garden Icchapor Ichchhapor Gujarat 394,510 India,,Billwise,P3385,HUL-10C120P23188,431623086776
L,Bherunath Kirana Store,P3386,Sundry Debtor,Assets,null,Novashitalnath Apartment Ni Same Pal Jain Mandir N,Same Pavan Super Ni Bajuma Surat Gujarat,,Billwise,P3386,HUL-10C120P23207,776148737894
L,MATAJI SUPER STORE,P3387,Sundry Debtor,Assets,null,Rudram Avenue Vesu Surat Gujarat 395007 India,Op Water Tank,Nr Hanuman Temple,Billwise,P3387,HUL-10C120P23208,453917513921
L,Ramdev Super Store,P3388,Sundry Debtor,Assets,null,7R7G+4PF Chapprabhatta Ganeshpura Surat Gujara,T 394520 India,,Billwise,P3388,HUL-10C120P23209,BHEPC8413M
L,Sreeji Kirana Store,P3389,Sundry Debtor,Assets,null,7R4Q+QMH Chapprabhatta Ganeshpura Surat Gujara,T 394107 India,,Billwise,P3389,HUL-10C120P23210,732331564273
L,Komal Kariyana &amp; General Store,P3390,Sundry Debtor,Assets,null,05 Utran Rd Devi Krupa Society Uttran Surat G,Ujarat 394105 India,Surat,Billwise,P3390,HUL-10C120P23213,944726496806
L,KRISHNA SUPER STORE,P3391,Sundry Debtor,Assets,null,Shop No. B 10 Star Galaxy Opp,Aagam Cross Market Vesu Surat Gujarat,,Billwise,P3391,HUL-10C120P23214,610337106799
L,Aryan Super Store,P3392,Sundry Debtor,Assets,null,4 Sun Resedency Kosad Road,Amroli India Gujarat Surat Gujarat,,Billwise,P3392,HUL-10C120P23217,742210264882
L,Bharat Kirana,P3393,Sundry Debtor,Assets,null,Shop 2 Shiv Chhaaya Bahuchar Nagar Ved Raod,Nagar Surat Gujarat 395004 India Surat Gujarat,,Billwise,P3393,HUL-10C120P23219,AXGPT7821B
L,Ambika Kiriyana Store,P3394,Sundry Debtor,Assets,null,B-1 Paribrahma Society Morarji Nagar Rander Su,Rat Gujarat 395005 India,,Billwise,P3394,HUL-10C120P23224,948896453649
L,SHREE KHODIYAR KRUPA GENRAL STORE,P3395,Sundry Debtor,Assets,null,6RGG+PCR Shanti Nagar Katargam Surat Gujarat 3,95004 India NEAR RAMKRUSNA MEDICAL Surat Gujarat,,Billwise,P3395,HUL-10C120P23225,238291341002
L,Maa Sarveswari Kirana &amp;GENERAL,P3396,Sundry Debtor,Assets,pawankumarsingh1404@gmail.com,4RV3+W36 Surat Gujarat 395007 India,Althan,Surat,Billwise,P3396,HUL-10C120P23227,DLSPS3793C
L,Yaseen Kirana,P3397,Sundry Debtor,Assets,null,5R36+2C8 Azad Nagar Rd Azad Nagar Slums Mahadev Na,Azad Nagar Althan Surat Gujarat 395017 India Surat,,Billwise,P3397,HUL-10C120P23233,258421447685
L,Bharati Kirana Store,P3398,Sundry Debtor,Assets,null,44 Balvant Nagar Society Socity Katargam,Surat Gujarat 395004 India Surat Gujarat,,Billwise,P3398,HUL-10C120P23234,MELPS5922L
L,KAZI STORE. (MO.),P3399,Sundry Debtor,Assets,null,133 Morabhagal Rander Surat Gujarat,395005 India Surat Gujarat,,Billwise,P3399,HUL-10C120P23236,890314897121
L,Shree Ashapura Plastic,P3400,Sundry Debtor,Assets,null,6RMH+792 Near Lalita Chowkdi Shiva Nagar Society,Katargam Surat Gujarat 395004 India Surat Gujarat,,Billwise,P3400,HUL-10C120P23237,983682260465
L,Aisa Kirana,P3401,Sundry Debtor,Assets,null,6R68+2V7 Industrial Society 1 Industrial Area S,Inganpor Surat Gujarat 395004 India Surat Gujarat,,Billwise,P3401,HUL-10C120P23238,505654773396
L,Shree Shyam Provision &amp; DAIRY,P3402,Sundry Debtor,Assets,null,Sai Enclave Apcha Nagar Surat Gujarat,395007 I Ndia Surat Gujarat,,Billwise,P3402,HUL-10C120P23239,BPWPJ8550E
L,BHARTI SUPER STORE,P3403,Sundry Debtor,Assets,null,29 Althan Surat Gujarat,395017 India Surat Gujarat,,Billwise,P3403,HUL-10C120P23241,CLZPK4793E
L,Devnarayan Kirana,P3404,Sundry Debtor,Assets,null,530 Jalaram Soc Ganesh,Pura Kosad Surat Gujarat,,Billwise,P3404,HUL-10C120P23242,601626384607
L,KAJAL KARIYANA GENERAL STORE,P3405,Sundry Debtor,Assets,null,Magdala Port Near Airport Surat - Dumas Rd Gaviy,Er Surat Gujarat 395007 India India Surat Gujarat,,Billwise,P3405,HUL-10C120P23243,417485475052
L,KHUSHI TRADERS,P3406,Sundry Debtor,Assets,null,Shope No19 Green Signatur Magdalla Surat,Nr Helth Care Pharmacy,Vesu Surat,Billwise,P3406,HUL-10C120P23246,10722031000475
L,SHREE ASHAPURA SUPER STORE &amp; DARIY,P3407,Sundry Debtor,Assets,null,THE CAPITAL OPP RAJHANS STADIUM PLAZA Palanpur,Surat Gujarat 395009 India Surat Gujarat,,Billwise,P3407,HUL-10C120P23250,678738370827
L,Gosiya Kirana,P3408,Sundry Debtor,Assets,null,6R68+QW5 River View Society Fulwadi Rd Fatakdawa,di Industrial Area Singanpor Surat Gujarat 395,004 India,Billwise,P3408,HUL-10C120P23253,605665659631
L,Shree Bankyarani Supar Store,P3409,Sundry Debtor,Assets,null,131 Ghanshyam Nagar Society Near Sanraj Sagar App,Jahangirabad Palanpur Ja Katnaka Surat Gujarat 395,,Billwise,P3409,HUL-10C120P23255,407008841603
L,Dhanlaxmi Super Store,P3410,Sundry Debtor,Assets,null,Supath Enclave Adajan Gam L.P.Savani Surat,95009 India,,Billwise,P3410,HUL-10C120P23256,HIXPM2527L
L,Zuveria Pro Store,P3411,Sundry Debtor,Assets,null,395 New Rander Rd Merulaxmi Society Rander Sur,at Gujarat 395005 India,,Billwise,P3411,HUL-10C120P23261,549372480144
L,Mataji Kariyana,P3412,Sundry Debtor,Assets,null,Vijaynagar 2 Nonigopal Ni Baju Dhruvtarak Society,Katargam Surat Gujarat 395004 India,,Billwise,P3412,HUL-10C120P23263,AWPPG3316G
L,Jalaram Store,P3413,Sundry Debtor,Assets,beenabpatel4545@gmail.com,20/38/23 Rander Surat Gujarat 395005 India,,,Billwise,P3413,HUL-10C120P23264,803770126548
L,DHRUV GENERAL STORE,P3414,Sundry Debtor,Assets,null,New Magdalla Rd New Magdalla,Jarat 394518 India,Bhavani Super Store Ni Same,Billwise,P3414,HUL-10C120P23266,960786286193
L,Gajanand Barery Super Store,P3415,Sundry Debtor,Assets,shethketan60448@gmail.com,6VW6+GC5 Old Kosad Rd Sweet Home Society Amroli,Surat Gujarat 394107 India,,Billwise,P3415,HUL-10C120P23267,261255398070
L,Maa Har Siddhi Dairy Kariyana,P3416,Sundry Debtor,Assets,null,155 Gayatri Nagar I  Nr Bhagwati Medi,Am Surat Gujarat 395004 India,India,Billwise,P3416,HUL-10C120P23269,608942909230
L,BHERUJI GENERAL STORE,P3417,Sundry Debtor,Assets,null,Shop.No.3 Lalita Estate0pp. Lal Buildings,Nandu Doshi Ni Wadi Char Rasta,Katargam Surat,Billwise,P3417,HUL-10C120P23270,HUCPK0681N
L,BHAVANI KIRANA STORE,P3418,Sundry Debtor,Assets,null,Shop.No.2 Shreeji Apt.Nandu Doshi Wadi.Gate No.1,Opp.Khimaj Kirana Store,Gotalawadi Katargam Surat.,Billwise,P3418,HUL-10C120P23272,DJWPR3809G
L,Garib Nawaz Provision,P3419,Sundry Debtor,Assets,null,5RW6+Q53 Bapu Nagar Adajan Patiya Surat,Gujara T 395009 India Surat Gujarat,,Billwise,P3419,HUL-10C120P23276,772380950888
L,Sai Vision,P3420,Sundry Debtor,Assets,null,5MQ5+FHR Bhatlai Gujarat 394510,India Bhatlai Gujarat,,Billwise,P3420,HUL-10C120P23277,854751197075
L,Arvind Kirana Store,P3421,Sundry Debtor,Assets,null,2b 4 Bhagwan Gautam Buddh Nagar Ews Awas Vip Road,Near Vijay Bank Vesu Surat Gujarat 395007 India Su,,Billwise,P3421,HUL-10C120P23280,566666884837
L,Nirmal General Store,P3422,Sundry Debtor,Assets,null,6R77+778 Fulvadi Madina Masjid Main Rd Fatakdawa,di Industrial Area Singanpor Surat Gujarat 395,004 India,Billwise,P3422,HUL-10C120P23285,605665659631
L,SHREEJI KARIYANA  STORE,P3423,Sundry Debtor,Assets,null,3 Near Syam Vadi Avdhut Nagar Chikuvadi Ramnag Ar,Surat Gujarat 395004 India Opp Gurupa Bakery Surat,,Billwise,P3423,HUL-10C120P23290,444868859190
L,India Provision,P3424,Sundry Debtor,Assets,null,1 Malamwad St Near Anjuman Library Rander Sura,T Gujarat 395005 India,,Billwise,P3424,HUL-10C120P23291,546320380447
L,Ganesh Pan,P3425,Sundry Debtor,Assets,null,2nd Floor Plot No 7/8 Nilkanth Industrial Opposi,Te MadhavDarashan NaniBahucharaji Mandir Road Ve,D Rd Near Cinema Industrial Area Singanpor Sur,Billwise,P3425,HUL-10C120P23292,892547782544
L,KULDEVI KIRANA STORE,P3426,Sundry Debtor,Assets,null,315 Dabholi Char Rasta Ved Rd Vrandavan Society,Katargam Surat Gujarat 395004 India,Near Ami Medical,Billwise,P3426,HUL-10C120P23296,783348255903
L,Gurukrupa Kariyana Store,P3427,Sundry Debtor,Assets,null,757Krushna NAgar Amroli  394107 India,,,Billwise,P3427,HUL-10C120P23297,567783574618
L,Shree Shivdhyan General Store,P3428,Sundry Debtor,Assets,null,892 Gujarat Housing Board Amroli Surat Gujara,394107 India,,Billwise,P3428,HUL-10C120P23298,887979840830
L,Khodiyar Kirana Store,P3429,Sundry Debtor,Assets,null,D511 SUMAN SAWARG Uttran Surat Gujarat 394105,India,,Billwise,P3429,HUL-10C120P23299,667547950649
L,Jay Jalaram Pro,P3430,Sundry Debtor,Assets,null,4Pragati Apt Ved Rd Viram Nagar Society Sivchh,Aya Society Katargam Surat Gujarat 395004 Indi,A,Billwise,P3430,HUL-10C120P23300,656760737862
L,APPU GENERAL,P3431,Sundry Debtor,Assets,null,Daliya School Ni Bajuma Gandhi Rd Adajan,Adajan Surat Gujarat 395009 India,,Billwise,P3431,HUL-10C120P23301,790161024426
L,Krishna Kirana,P3432,Sundry Debtor,Assets,null,4Pragati Apt Ved Rd Viram Nagar Society Sivchh,Aya Society Katargam Surat Gujarat 395004 Indi,A,Billwise,P3432,HUL-10C120P23302,281233041249
L,Shiv Kirana Store,P3433,Sundry Debtor,Assets,null,2 nr. Rajawadi Part Plot Shanti Nagar Society A,bhishek Twp Amroli Surat Gujarat 394107 India,107 India,Billwise,P3433,HUL-10C120P23303,938966138607
L,Kheteswar Gen,P3434,Sundry Debtor,Assets,null,Ashtavinayak Ganpati Temple Bus Stop Patel Street,Mora Tekra Bhatlai Gujarat 394510 India,,Billwise,P3434,HUL-10C120P23306,258436230667
L,Shree Dev Super Store,P3435,Sundry Debtor,Assets,null,42 Near Pal Lake Garden Western City Adajan Su,Rat Gujarat 395009 India,,Billwise,P3435,HUL-10C120P23307,838185916697
L,Patel Store,P3436,Sundry Debtor,Assets,null,256 Prashant Nagar Sant Tukaram Society Part 2,Sima Nagar Surat Gujarat 395005 India,,Billwise,P3436,HUL-10C120P23308,FYBPP8024H
L,Maa Shakti Gen Store,P3437,Sundry Debtor,Assets,null,5MQ5+MMX Bhatlai Gujarat 394510 India,,,Billwise,P3437,HUL-10C120P23311,818925247457
L,Shree Annpurna Kirana.,P3438,Sundry Debtor,Assets,null,1127 Aabedakar Nagar  Palanpur Jakat Naka,t Gujarat 395009 India,Nr. Ganesh Medical,Billwise,P3438,HUL-10C120P23312,667762748742
L,Swaminarayan Kirana,P3439,Sundry Debtor,Assets,null,Shop No 01 Bhawani Nagar Dabholi Gam Dabholi Vill,Age Surat Gujarat 395004 India,,Billwise,P3439,HUL-10C120P23314,225235681160
L,Kalaji Kirana Stor,P3440,Sundry Debtor,Assets,null,7R5M+XGW Chapprabhatta Ganeshpura Surat Gujara,T 394107 India,,Billwise,P3440,HUL-10C120P23315,932168384335
L,Ghanshyam Kirana,P3441,Sundry Debtor,Assets,null,SHOP NO: 3 LAXMIKANT SHOPPING CENTER FIRST FLOOR,Laxmikant Ashram Rd Aamba Talavadi Laxmikant Soc,iety Katargam Surat Gujarat 395004 India,Billwise,P3441,HUL-10C120P23316,412232758464
L,RD Bhirunath Store,P3442,Sundry Debtor,Assets,null,109 Prashant Nagar Jahangirabad Sima Nagar Sur,At Gujarat 395009 India,,Billwise,P3442,HUL-10C120P23318,673366038391
L,Kailas Janral &amp; Provigen Stores,P3443,Sundry Debtor,Assets,itsvivek1528@gmail.com,Krishna Nagar Society Ichchha,Vidi Janral Store Ni Bajuma,,Billwise,P3443,HUL-10C120P23319,718919166676
L,Navin Sabji Bhandar,P3444,Sundry Debtor,Assets,null,73 Hazira Rd Ichhapore 3 Krishna Nagar Society,Ichchhapor Surat Gujarat 394510 India Surat Gujara,,Billwise,P3444,HUL-10C120P23320,242986644191
L,Balaji Provision Store,P3445,Sundry Debtor,Assets,null,3 Bus Stop 10 Hazira Rd Ichchhapor,Surat Guja Rat 394510 India Surat Gujarat,,Billwise,P3445,HUL-10C120P23321,605665659631
L,Sushma Kirana,P3446,Sundry Debtor,Assets,premchand4292@gmail.com,110 Near Nani Bahuchar Mandir Industrial Area S,inganpor Surat Gujarat 395004 India,,Billwise,P3446,HUL-10C120P23325,487037923686
L,HASHMI SUPER STORES,P3447,Sundry Debtor,Assets,null,Akbari Mansion New Rander Rd Adajan Patiya Sura,T Gujarat 395005 India,Behind Honest Medical,Billwise,P3447,HUL-10C120P23327,772045944332
L,Lalan Bhai Vegetables,P3448,Sundry Debtor,Assets,null,Shop No 01 Near Magdalla Bander Surat - Dumas Rd,Gaviyer Surat Vanta Gujarat 395007 India,,Billwise,P3448,HUL-10C120P23329,260578985968
L,RITI STORE,P3449,Sundry Debtor,Assets,null,73 Prajapati Brahma Marg Janta Nagar K N Park,Ambanagar Surat Gujarat 395001 India,,Billwise,P3449,HUL-10C120P23331,AFOPJ0551L
L,Kesri Sabji Bhandar,P3450,Sundry Debtor,Assets,null,501/2 Krishna Nager Sosaity Ichhpore No 3 Maa Kru,Pa Krishna Nagar Society Ichchhapor Gujarat 3945,10 India,Billwise,P3450,HUL-10C120P23333,907284590285
L,PRAMANIK KARIYANA,P3451,Sundry Debtor,Assets,null,1 Paras Society Katargam Surat Gujarat 395004,India,NER BHAVAN KARIRNA KUBERA NAGAR 2,Billwise,P3451,HUL-10C120P23335,535190100339
L,Jalaram Dairy &amp; Provision,P3452,Sundry Debtor,Assets,null,Near  Raguvir Medical Paras Bazar,Argam Surat Gujarat 395004 India,Katargam,Billwise,P3452,HUL-10C120P23336,217388003928
L,Jiyanshi Genral,P3453,Sundry Debtor,Assets,null,5MG4+3GF Hazira Rd Mora Tekra Surat Rajgari G Ujar,394510 India Star Colony Near Brahmani Medical Sur,,Billwise,P3453,HUL-10C120P23340,888695221447
L,New Khodal Dairy,P3454,Sundry Debtor,Assets,patelavnish5@gmail.com,A-102Killol Flat Japti Faliya Rd opp. Lake Gard,en Road Katargam Surat Gujarat 395004 India,3 Gardenview NR Ramdev Kirana  Lake Garden,Billwise,P3454,HUL-10C120P23344,20723031002442
L,SHREE GANESH KARYANA STORE,P3455,Sundry Debtor,Assets,null,5R72+4QR Panaas Athwa Surat Gujarat 395007 In,Dia,,Billwise,P3455,HUL-10C120P23345,AUTPC2338L
L,Bherunath Gen Store,P3456,Sundry Debtor,Assets,null,A-15 Bhagu Nagar-1 Amroli Surat Gujarat 394107,India NEAR GAYATRI STORE Surat Gujarat,,Billwise,P3456,HUL-10C120P23347,861900274917
L,BRAHMANI KRUPA DAIRY &amp; PARLOR,P3457,Sundry Debtor,Assets,null,Shop.No.9 Mangal Gruap Society Opp.Amadawad Bakery,Pandol Ved Road Surat Surat Gujarat,,Billwise,P3457,HUL-10C120P23348,DBOPP8491L
L,Jallaram Mini Shop,P3458,Sundry Debtor,Assets,null,Magdalla1 Kolastreet Magdalla Surat Gujarat,39 5007 India Surat Gujarat,,Billwise,P3458,HUL-10C120P23350,420365363312
L,BHERUNATH KIRANA,P3459,Sundry Debtor,Assets,null,4 Laxminarayan Society-1 Dabholi Surat Gujarat,SREE AAAIJI MEDICAL,NER JAGDAMBA MEDICAL MAHEK RAS,Billwise,P3459,HUL-10C120P23351,664736961274
L,MODAN PROVISION STORE,P3460,Sundry Debtor,Assets,null,16/2/33 Rander Surat Gujarat 395005 India,,,Billwise,P3460,HUL-10C120P23352,760987683082
L,JAY MATAJI KIRANA,P3461,Sundry Debtor,Assets,null,Shop.No.11 SMC Bilding,Kasa Nagar Besaid Lake Garden,Katarga Mai Road Surat,Billwise,P3461,HUL-10C120P23353,AITPT1825B
L,Shree Ganesh Plastic,P3462,Sundry Debtor,Assets,null,C 214 Elephant Business Hub Opp. Haridharshan Soc,Society Singanpor Surat Guja Rat 395004 India Sura,,Billwise,P3462,HUL-10C120P23354,695102721256
L,Shree Bindeshwari Kirana Store,P3463,Sundry Debtor,Assets,null,Plot No 1Singapore Gam Singanpor Surat Gujara,Deepak Provigen Ni Same Surat Gujarat,,Billwise,P3463,HUL-10C120P23355,868492428549
L,URBUDA PAN PARLOUR,P3464,Sundry Debtor,Assets,rc337660@gmail.com,Shop No.229 2 Dairy Faliya Rd Gajera Cycle Kho Di,Krupa Society Katargam Surat Gujarat 3950 04 Indi,,Billwise,P3464,HUL-10C120P23357,NA
L,GURUKRUPA GENRAL STORE,P3465,Sundry Debtor,Assets,null,Siddhivinyak Row House Near Paras Dairy,Mora Gam Surat Hazira Gujarat,,Billwise,P3465,HUL-10C120P23359,408878834642
L,Sundhamata Kirana And Janral Store,P3466,Sundry Debtor,Assets,null,Gajanand Flat Society Bharimata Road Bapa Sitaram,Ni Galima Agar Slganpor Gam Road Surat Gujarat,,Billwise,P3466,HUL-10C120P23361,719861837280
L,Shiv Shakti Kirana Store,P3467,Sundry Debtor,Assets,anishkumarsingh18@gmail.com,5MH4+CV5 Mora Tekra Hazira Rajgari Gujarat 394,510 India,,Billwise,P3467,HUL-10C120P23366,NA
L,AARVI KIRANA STORE,P3468,Sundry Debtor,Assets,cs09686@gmail.com,Kuwo Dariyo Jatra Rd Mora Tekra Hazira Gujarat,394510 India,,Billwise,P3468,HUL-10C120P23367,NA
L,ARADHIYA KIRANA STORE,P3469,Sundry Debtor,Assets,omkarsingh362@gmail.com,5MF5+9CR Kuwo Dariyo Jatra Rd Mora Tekra Hazira,Gujarat 394510 India,,Billwise,P3469,HUL-10C120P23368,NA
L,Ayush. Kirana,P3470,Sundry Debtor,Assets,null,Shiv Shakti So. Mora Tekra Hazira Gujarat 39451,0 India,Nr. Sweety General.,Billwise,P3470,HUL-10C120P23369,NA
L,SIDDHIVINAYAK GENERAL STORE,P3471,Sundry Debtor,Assets,null,Plot.No.873Old GIDC,Behind Indian Daimond Institute,Katargam Surat,Billwise,P3471,HUL-10C120P23370,HQXPD2330G
L,Dhanesh Kariyana,P3472,Sundry Debtor,Assets,null,381 Jalaram Nagar Ghb Amroli Surat Gujarat,394105 India,,Billwise,P3472,HUL-10C120P23371,867626181354
L,Pari General Store,P3473,Sundry Debtor,Assets,mahendrabhaipatel6771@gmail.com,119 Prabhu Nagar 2 Jalaram Society Kubernagar,Katargam Surat Gujarat 395004 India,Prabhu Nager 2,Billwise,P3473,HUL-10C120P23372,412750718373
L,Hari Om Panday Sabji,P3474,Sundry Debtor,Assets,null,558 krishna nager sosaity ichhpore no 3 Asha,Provigen Ni Same Ni Laenma Surat Gujarat,,Billwise,P3474,HUL-10C120P23373,221993843167
L,narayan kariyana,P3475,Sundry Debtor,Assets,null,Shiv Shakti Society Hazira Rd Mora Tekr a Surat,Hazira Gujarat 394510 India Nr. Sweety General Sur,,Billwise,P3475,HUL-10C120P23374,539787323752
L,SHREE GANESH KIRANA STORE,P3476,Sundry Debtor,Assets,null,290 Maruti Dham Society Amroli,Near Kosad Road Surat Gujarat,,Billwise,P3476,HUL-10C120P23375,202154983686
L,Mamadev Kariyana Store,P3477,Sundry Debtor,Assets,null,A-73 Prabhudarshan Society Jahangirabad Dahin N ag,Surat Gujarat 395005 India Surat Gujarat,,Billwise,P3477,HUL-10C120P23376,965087453244
L,SUVIDHA SUPER STORES,P3478,Sundry Debtor,Assets,null,Ground Floor G-7 Signet Shoppers Vip Road Near,Shubh Residency Vesu Surat,,Billwise,P3478,HUL-10C120P23396,1
L,Bheru Nath Kirana Store,P3479,Sundry Debtor,Assets,null,783ambika Nagar Housing,Sayan Road Amroli,Surat Surat GUJARAT,Billwise,P3479,HUL-10C120P23398,1
L,Vishva Dairy And General Store,P3480,Sundry Debtor,Assets,null,Shop No 7 Somnath Apartment,Vihar 1 Singapore Katargam,Surat,Billwise,P3480,HUL-10C120P23399,1
L,Akshar Trading Co,P3481,Sundry Debtor,Assets,null,245-248 RJD Integrated Textile Park,Adajan Hajira Road,,Billwise,P3481,HUL-10C120P23401,1
L,Silumallik,P3482,Sundry Debtor,Assets,null,Sugar,Nadini,,Billwise,P3482,HUL-10C120P23405,1
L,Sanjay Kumar Uday Lal,P3483,Sundry Debtor,Assets,null,96 Colony Chapprabhata Bapa,Sitaram Char Rasta Amroli,Surat Surat Surat GUJARAT,Billwise,P3483,HUL-10C120P23409,1
L,Chamunda Traders,P3484,Sundry Debtor,Assets,null,Palanpur,Jakatnaka,Surat,Billwise,P3484,HUL-10C120P23415,1
L,Raj Tea And Genral,P3485,Sundry Debtor,Assets,null,Gangesvar Nagar,Icchapur,Surat,Billwise,P3485,HUL-10C120P23419,1
L,MukeshKUMAR G SAHU,P3486,Sundry Debtor,Assets,null,Icchapur,Surat,GUJARAT,Billwise,P3486,HUL-10C120P23420,1
L,Pinky Kirana,P3487,Sundry Debtor,Assets,null,402 Rahemat Nagar,Society Ved Road,Surat Gujarat Surat,Billwise,P3487,HUL-10C120P23422,1
L,Anjani Super Store,P3488,Sundry Debtor,Assets,null,1 Swarna Lag On,Vaishnav Devi Road Jhagirabad,Surat Gujrat Surat GUJARAT,Billwise,P3488,HUL-10C120P23425,1
L,Shree Ganesh Super,P3489,Sundry Debtor,Assets,null,Nilkanth Soc Amroli,Police Station Surat,Gujarat Surat GUJARAT,Billwise,P3489,HUL-10C120P23431,1
L,BHAIRAVNATH DAIRY AND G/S,P3490,Sundry Debtor,Assets,null,Avas H3 218,A6 Amroli Kosad,Aavas Surat GUJARAT,Billwise,P3490,HUL-10C120P23433,1
L,Dayaram Kirana Store,P3491,Sundry Debtor,Assets,null,Nr J B Traders Opp,Ramnagar Main Road. Rander,,Billwise,P3491,HUL-10C120P23436,1
L,MAHALAXMI KIRANA  STORE,P3492,Sundry Debtor,Assets,null,SHOP 5 AGAM PRESTIGE,Near Suman Swet Awas,Magdalla Surat GUJARAT,Billwise,P3492,HUL-10C120P23437,1
L,Matesvari,P3493,Sundry Debtor,Assets,null,Ongc Char Rasta,Ichchapur Chokdi,Surat,Billwise,P3493,HUL-10C120P23439,1
L,Sai Krupa Provision,P3494,Sundry Debtor,Assets,null,Hajira Near,Shiv Mandir,Hazira Surat,Billwise,P3494,HUL-10C120P23443,1
L,Agarwal Tredas,P3495,Sundry Debtor,Assets,null,45 Mhavirdham New,Kosad Road Amroli,Surat GUJARAT,Billwise,P3495,HUL-10C120P23445,1
L,ADITI KIRANA STORE,P3496,Sundry Debtor,Assets,null,Rehamat Nagar,Pandol Ved,Road Surat,Billwise,P3496,HUL-10C120P23446,1
L,Abhinandan General Store &amp; Traders,P3497,Sundry Debtor,Assets,null,Shop No 1 Mangalm,Apartment Near Primary School,Utran Surat GUJARAT,Billwise,P3497,HUL-10C120P23447,1
L,Shree Ganesh Kirana Store,P3498,Sundry Debtor,Assets,null,L.P Savni Rood,Sorbhpolis Coki Adajan,Surat Surat GUJARAT,Billwise,P3498,HUL-10C120P23451,1
L,Krishan Pro &amp; Store,P3499,Sundry Debtor,Assets,null,73 Dipmala Society,Ramnager Road Surat,Surat GUJARAT,Billwise,P3499,HUL-10C120P23452,1
L,SHREE MAHADEV,P3500,Sundry Debtor,Assets,null,RJD 4 NO,NER DIVYNG MARKET,ICCHAPUUR Surat GUJARAT,Billwise,P3500,HUL-10C120P23453,1
L,Deep Stationery &amp; Store,P3501,Sundry Debtor,Assets,mbhilare03@gmail.com,Bajrang Bali Kirana Ni,Bajuma Enjoy Super Ni,Same Adjana Surat Surat,Billwise,P3501,HUL-10C120P23455,1
L,Atarangi Enterprise,P3502,Sundry Debtor,Assets,atarangi786@gmail.com,Shop No 2 Kuber,Nagar 1 Opp.Shawami Narayan,Tempal Katargam Surat Surat,Billwise,P3502,HUL-10C120P23458,1
L,Patel Kirana Store,P3503,Sundry Debtor,Assets,null,256 Sant Tukaram,Society Palanpur Jakatnaka,Surat GUJARAT,Billwise,P3503,HUL-10C120P23459,1
L,Balaji Store,P3504,Sundry Debtor,Assets,null,12 Prasant Nagar Canal Road,Surat Gujarat 395009 India Surat,Gujarat N.A Surat GUJARAT,Billwise,P3504,HUL-10C120P23465,1
L,Shree Shyam Super Store,P3505,Sundry Debtor,Assets,null,Shop. No. G-1 Aagam Cross Road,Opp. Star Galaxy  Vesu Surat.,Near Sonu Dairy,Billwise,P3505,HUL-10C120P23466,1
L,Shree Hare Krishna Super Store,P3506,Sundry Debtor,Assets,sunilganjawala9898@gmail.com,G6 RAJHANS PLATINUMPLAZA,PALANPURNER NEWLP,SAVANI SURTN. A.,Billwise,P3506,HUL-10C120P23468,1
L,BALABHADI KRUPA KIRANA STORES,P3507,Sundry Debtor,Assets,null,Shop No 2-3,Tiranga Apartment Narayan,Nagar Katargam Surat,Billwise,P3507,HUL-10C120P23469,1
L,Shree Ramkrushna Mart,P3508,Sundry Debtor,Assets,null,Shop No 1 Harmony,Residency Near V4u Circle,Pal Surat Surat GUJARAT,Billwise,P3508,HUL-10C120P23470,1
L,SHREE JI PAN,P3509,Sundry Debtor,Assets,null,NERA BHARIMATA ROAD,SURADARSAN ROAD Katargaam,Surat GUJARAT,Billwise,P3509,HUL-10C120P23473,1
L,RISHABH SUPER STORE,P3510,Sundry Debtor,Assets,null,SHOP B-7 DHRUV SHOPPIBG NEAR,MEGNA PARK OPP.SBI BANK City,Light SURAT Surat GUJARAT,Billwise,P3510,HUL-10C120P23474,1
L,Ganesha Pan,P3511,Sundry Debtor,Assets,null,PLOT-8AB Nilkanth Industrial,Co Soc-3 Ved,Road Surat GUJARAT,Billwise,P3511,HUL-10C120P23476,1
L,JAY HANUMAN SUPER STORE DAIRY,P3512,Sundry Debtor,Assets,null,Katargm Abmba Talavadi Nr Vijay,Medico Katargm Abmba Talavadi Laxmikant,Ashram Ni Same Surat GUJARAT,Billwise,P3512,HUL-10C120P23477,1
L,Khothari GEnEral Store,P3513,Sundry Debtor,Assets,null,Dailly Fadiyu Katargam,Kanchan Nivas Katargam,Surat GUJARAT,Billwise,P3513,HUL-10C120P23478,1
L,Bapa Sitaram,P3514,Sundry Debtor,Assets,null,Shop No 2,Suman Sarthi Aawas,Nani Ved Surat,Billwise,P3514,HUL-10C120P23479,1
L,S.G.Store,P3515,Sundry Debtor,Assets,null,Shop No.12 Vishal Appt Didaysl Soc.,Palnpur Patiya,Rader RoadSurat,Billwise,P3515,HUL-10C120P23482,1
L,Yamunaji Supermart,P3516,Sundry Debtor,Assets,null,Yogi Arcade Shop No,21 Sayan Road Near,Amroli Surat GUJARAT,Billwise,P3516,HUL-10C120P23485,1
L,Maheshwari Trading,P3517,Sundry Debtor,Assets,null,G  3.  Royal Arcade Near Vijay Sales Pipold,Surat,Distake,Billwise,P3517,HUL-10C120P23488,1
L,Aroma Super Store,P3518,Sundry Debtor,Assets,golakiyajigar@gmail.com,Dabholi,Gam,Surat,Billwise,P3518,HUL-10C120P23489,1
L,SHIV SHAKTI GENERAL STORE,P3519,Sundry Debtor,Assets,null,4 Fatakdawadi Industrial Area Singanpor Surat,Gujarat 395004 India,,Billwise,P3519,HUL-10C120P23496,459093112227
L,MAHADEV SALES AGENCY,P3520,Sundry Debtor,Assets,null,Vardhaman Palace A37 New Kosad Rd Amroli,Surat Gujarat 394107 India Amroli Surat Gujarat,,Billwise,P3520,HUL-10C120P23501,BNMPR2280P
L,Shree Krishna Provision Store,P3521,Sundry Debtor,Assets,null,30 Amroli - Kosad Rd Dilip Nagar Mahavir Dham-1,Amroli Surat Gujarat 394107 India Amroli Surat Guj,,Billwise,P3521,HUL-10C120P23502,PLAPS6765J
L,Shree Ganesh Sales Anageys,P3522,Sundry Debtor,Assets,null,6R9G+5FP Uday Nagar-2 Dhruvtarak Society Katarg Am,Surat Gujarat 395004 India India Surat Gujarat,,Billwise,P3522,HUL-10C120P23503,HPBPP2476A
L,Krishna General Store,P3523,Sundry Debtor,Assets,null,Shop.No.1 Maa Tapi Krupa,Apartment Geeta Nagar Society,Fulpada Road Surat Surat,Billwise,P3523,HUL-10C120P23504,1
L,VASUDEV KIRANA &amp; PROVISION STORE,P3524,Sundry Debtor,Assets,null,G 3 Prime Palace Near JALARAM,TEMPLE VESUGAM Vesu Surat Surat Gujarat,,Billwise,P3524,HUL-10C120P23506,9924 9780 0832
L,Naasib Kirana Store,P3525,Sundry Debtor,Assets,null,6R68+FJ7 Bhari Mata Rd Fatakdawadi Sabri Nagar Ind,Area Singanpor Surat Gujarat 395004 India Surat Gu,,Billwise,P3525,HUL-10C120P23509,BTWPA0051K
L,A R Kirana,P3526,Sundry Debtor,Assets,null,6R59+Q2R Fatakdawadi Industrial Area Singanpor Sur,Gujarat 395004 India Surat Gujarat,,Billwise,P3526,HUL-10C120P23510,FQPPS4931C
L,SRI RAJESHVAR TRADING CO,P3527,Sundry Debtor,Assets,choudharybagdesh95@gmail.com,13surya Ngar Soc V1 New Kosad Road,Opp Charbhuja Circle Kosad Amroli Surat Gujarat,,Billwise,P3527,HUL-10C120P23512,DDQPC2624L
L,RAVI MEDICAL AND GENERAL STORE,P3528,Sundry Debtor,Assets,null,S.V.N.I.T. BRTS SVNIT Campus Athwa Surat,Gujar At 395007 India Surat Gujarat,,Billwise,P3528,HUL-10C120P23513,830145729180
L,Anjana Super Store,P3529,Sundry Debtor,Assets,null,G7 Agrasen Point Nr Agrasen Bhawan N City Light,Town Athwa Surat Gujarat 395007 India Surat Gujara,,Billwise,P3529,HUL-10C120P23514,CWOPC9974P
L,OLD BABA RAMDEV PROVISION STORE,P3530,Sundry Debtor,Assets,null,5PWJ+8CF Ichchhapor Limla Gujarat,394510 India Limla Gujarat,,Billwise,P3530,HUL-10C120P23521,ETWPR1005K
L,Gayatri Kirana,P3531,Sundry Debtor,Assets,null,203 Chaprabhatha,Harpativas Channucoloni,Chaprabhatha Surat,Billwise,P3531,HUL-10C120P23524,1
L,Bherunath General Store,P3532,Sundry Debtor,Assets,null,Sayan Olpad Road,Sandhier,,Billwise,P3532,HUL-10C120P23528,1
L,Shree Khatu Shayam Kirana,P3533,Sundry Debtor,Assets,null,Sahyog Complex 11-12 Sayan Rd Opp. Pan Sarovar Cir,Nagar Mahavir Nagar Amroli Surat Gujarat 395006 In,,Billwise,P3533,HUL-10C120P23533,704762281440
L,Shree Arbuda Super Store,P3534,Sundry Debtor,Assets,null,1 Navpad Apt. Deri Faliya Near Kantareshwer Te Mpl,Park Hari Darsh An Society Katargam Surat Gujarat,,Billwise,P3534,HUL-10C120P23534,650730829140
L,Maruti Agency,P3535,Sundry Debtor,Assets,999dharmin@gmail.com,B 15 Near Paras Society Kubernagar Katargam Part 2,Opp Yogi Enterprise Gujarat 395004 India Surat Guj,,Billwise,P3535,HUL-10C120P23537,107220031000771
L,Maruti Agency,P3536,Sundry Debtor,Assets,null,B 15 Paras Society Part 2 Katargam Road Ku Yogi,Enterprises Surat Gujarat 395004 India 04 India Su,,Billwise,P3536,HUL-10C120P23538,10720031000771
L,Sayar Store,P3537,Sundry Debtor,Assets,null,1175 Dumas Surat Gujarat 394550 India,,,Billwise,P3537,HUL-10C120P23539,AVFPK2017B
L,Chamunda TRADERS,P3538,Sundry Debtor,Assets,null,Shop No.168 1 St Floor New L.P.Swani Road Nr Raj,Apple Sant Crystal Avenue Palanpur Surat Gujarat,,Billwise,P3538,HUL-10C120P23541,NQDPS4137N
L,Kaniya Traders,P3539,Sundry Debtor,Assets,null,6 Vrundavan Recidency Palanpur Gam Main Rd Palan,Pur Surat Gujarat 395009 India,,Billwise,P3539,HUL-10C120P23542,KZNPK4472G
L,Anjali Super Store,P3540,Sundry Debtor,Assets,null,516-521 opp. anjani Green party plot Jahangir Pu r,Morabhagal Surat Gujarat 395005 India India Surat,,Billwise,P3540,HUL-10C120P23543,CGAPM3350F
L,JJ  Store,P3541,Sundry Debtor,Assets,bhavisha2910@gmail.com,C-203 Matura Nagari Palanpur Surat Gujarat,395 009 India Surat Gujarat,,Billwise,P3541,HUL-10C120P23544,AQAPM9194K
L,Shree Ram Janki Kirana Store,P3542,Sundry Debtor,Assets,null,5PVH+PF3 Krishna Nagar Society Ichchhapor Asarm,A Gujarat 394510 India Asarma Gujarat,,Billwise,P3542,HUL-10C120P23548,258144709295
L,BHAIRUNATH PROVISION STORE,P3543,Sundry Debtor,Assets,null,14 Akhand Aanad Society Opp.Honey Hights B.R.T.S,Road Dabholi Dabholi Surat. Surat Gujarat,,Billwise,P3543,HUL-10C120P23550,FGOPK8896M
L,Maa Narayani Kirana Store,P3544,Sundry Debtor,Assets,null,113 Amroli Chhaprabhata Talbadi Tapti Darsan,113 Shivaji Park Society Chhaprabhata Talbadi,Amroli Chhaprabhata Talbadi Tapti Darsan,Billwise,P3544,HUL-10C120P23552,1
L,Baba Ramdev Moti Bhai,P3545,Sundry Debtor,Assets,null,165 Maa Krupa Krishna Nagar Society Ichchhapor,Asarma Gujarat 394510 India Asarma Gujarat,,Billwise,P3545,HUL-10C120P23560,376484223304
L,A D SONS SUPER MART,P3546,Sundry Debtor,Assets,null,4P99+JMQ Dumas Surat Gujarat 394550 India G 27 Wal,Street Opp Avadh Uthopia Dumas Rd Surat Dumas Guja,,Billwise,P3546,HUL-10C120P23721,439641624338
L,Rajendra Wholsale,P3547,Sundry Debtor,Assets,pinkal.dharu9@gmail.com,G 5 Veerbhadra Avenyu,Madhuvan Circle,Pal Adajan,Billwise,P3547,HUL-10C120P23722,1
L,Jay ambe &amp; co.,P3548,Sundry Debtor,Assets,yogeshys0001@gmail.com,Jalaram nagar,Gas agency wali gali,Udhna,Billwise,P3548,HUL-10C120P23727,1
L,S.K.Kariyana &amp; Super Store,P3549,Sundry Debtor,Assets,ksalvi9596096@gmail.com,Shop No.9 Suman Mudra Nr.Kook Du Ku Restrarant Ni,Galima Bagban Sarcal Green Citi Pal Surat Gujarat,,Billwise,P3549,HUL-10C120P23728,HJSPS8352B
L,AKHAND DRY FRUITS AND MASALA,P3550,Sundry Debtor,Assets,null,G 12A Green Palms Near Pal,Rto Pal Surat. Surat Gujarat,,Billwise,P3550,HUL-10C120P23729,CBOPK1935P
L,KGN KIRANA STORE,P3551,Sundry Debtor,Assets,Zubermew@gmail.com,12/13 Pramukh Chambers Rander Rd Diwalibaug Soc Ie,Tadwadi Surat Gujarat 395005 India Surat Gujarat,,Billwise,P3551,HUL-10C120P23734,931488943176
L,RAJU BAKERY AND DAIRY KARIYANA STORE,P3552,Sundry Debtor,Assets,null,B37 Umrav Nagara Jamna Nagar Society Shivajipark N,Gali Ma Gujarat 395008 India Surat Gujarat,,Billwise,P3552,HUL-10C120P23735,CIRPR7403P
L,Jay Mahakali Shiv Shakti Kariyana Store,P3553,Sundry Debtor,Assets,null,C8 Cosvay Road,Rander Rander Road,Surat Surat GUJARAT,Billwise,P3553,HUL-10C120P23736,1
L,MK GENRAL STORE,P3554,Sundry Debtor,Assets,null,BHARIMT ROAD CASUWY NEAR,SWARJ MEDUCAL Opp Om,Place Surat GUJARAT,Billwise,P3554,HUL-10C120P23737,1
L,ZOIK CHEM,P3555,Sundry Debtor,Assets,null,NEAR LAXMI MART,OPP.AVANI SHOP BHIMI,DARSAN SOC Surat,Billwise,P3555,HUL-10C120P23739,1
L,Balaji Dairy &amp; Provisan Stor,P3556,Sundry Debtor,Assets,null,E-3 Jayraj Society,Ichapur 3 Hajira,Surat Surat GUJARAT,Billwise,P3556,HUL-10C120P23744,1
L,New Bhavani Kirana Stor,P3557,Sundry Debtor,Assets,null,Karsan Mohla Kawas Gaam,Panchyat Near Yash Kirana,Kawas Surat Surat GUJARAT,Billwise,P3557,HUL-10C120P23746,1
L,JAY MATADI KIRANA STORE,P3558,Sundry Debtor,Assets,null,Shop.No.5 Ratna Madhav Apartment Opp.Jalaram Mandi,Near S.D.Jain College Vesu Surat. Surat Gujarat,,Billwise,P3558,HUL-10C120P23747,CDDPK0236J
L,Shree Shyam Super Store,P3559,Sundry Debtor,Assets,null,4RM3+8FF E Point Rd Surat Gujarat 395007,India Nr Prince Kirana. Bhimrad Surat Gujarat,,Billwise,P3559,HUL-10C120P23749,BIEPS0910G
L,SHREE RAMDEVSUPER STORE ADAJAN,P3560,Sundry Debtor,Assets,chaudharishamalbhai401@gmail.com,Shop 1 Shree Ramdev,Super Mart Lagom Swarna,Jahagirabad Surat Surat GUJARAT,Billwise,P3560,HUL-10C120P23751,1
L,Balaji store,P3561,Sundry Debtor,Assets,null,82-85 Sant Tukaram Society Part 6 Sima Nagar Su,rat Gujarat 395005 India,,Billwise,P3561,HUL-10C120P23753,BSYPS7377H
L,Balaji Supar Store,P3562,Sundry Debtor,Assets,null,B/428 Prashant Nagar Sant Tukaram Society Part 1,Sima Nagar Surat Gujarat 395005 India,,Billwise,P3562,HUL-10C120P23755,COIPS6575Q
L,N S Kiran Store,P3563,Sundry Debtor,Assets,null,6R59+HXH Variyavi Bhagol Sayedpura Surat Gujar,at 395003 India,,Billwise,P3563,HUL-10C120P23756,DGCPA1533H
L,SHREE GANESH SUPER STORE,P3564,Sundry Debtor,Assets,null,Shop No G/14 Raj Corner L.P. Savani CNG Road T,P 10 Main Rd Pal Gam,Surat Gujarat 395009 India,Billwise,P3564,HUL-10C120P23758,DELPP1849N
L,VARAHI SUPER STORE,P3565,Sundry Debtor,Assets,rvpatel5218@gmail.com,G 27 Ofira Business Hub,Near Bhagwan Mahavir  College,Vesu V.I.P Road Bharthana Surat.,Billwise,P3565,HUL-10C120P23759,NA
L,SHUSMA KIRANA,P3566,Sundry Debtor,Assets,null,373 Rehmat Nagar Soc.,NaniBahucharaji Mandir Road,Ved Road Surat,Billwise,P3566,HUL-10C120P23760,NA
L,Ghansyam Pro,P3567,Sundry Debtor,Assets,null,287 Deepmala Society Hidayat Nagar Society Sima,Nagar Surat Gujarat 395005 India,,Billwise,P3567,HUL-10C120P23762,ADRPV1858P
L,RAJESHTAN KIRANA STORE,P3568,Sundry Debtor,Assets,null,161 Aman Society 1 Aman Society Udhana Surat,Gujarat 394210 India,Udhana Surat,Billwise,P3568,HUL-10C120P23763,CURPB1971Q
L,Lala Stores,P3569,Sundry Debtor,Assets,null,6R5F+GQX Variyavi Bhagol Sayedpura Surat Gujar,at 395003 India,,Billwise,P3569,HUL-10C120P23764,NA
L,Aslam Provision Store,P3570,Sundry Debtor,Assets,null,Aman Nagar Society 2 31 Aman Society Bhatena S,urat Gujarat 395002 India,,Billwise,P3570,HUL-10C120P23765,CPJPT3910C
L,Nildhara Treding,P3571,Sundry Debtor,Assets,null,Shop No 3 Sona Apt Silverpark Society Palanpur J,Akatnaka Surat Gujarat 395009 India,,Billwise,P3571,HUL-10C120P23766,AMRPP4975A
L,Jay Khodiyar Dairy &amp; Super Store,P3572,Sundry Debtor,Assets,null,11 Swastik Pride Shruti Row House Near,New Kosad Road Amroli,,Billwise,P3572,HUL-10C120P23767,AHBPH6251Q
L,Ramdev Supar Stors,P3573,Sundry Debtor,Assets,null,Shop No.1Kepital PointTakshashila School,Chhaprabhatha Road,AmroliSurat,Billwise,P3573,HUL-10C120P23768,CLUPA8139H
L,Brahmani Dairy &amp; Kariyana Store,P3574,Sundry Debtor,Assets,null,ShopNo. 4Krishna Complex Chhaparabhatha,Amroli Road,Surat,Billwise,P3574,HUL-10C120P23769,BDPPC0818P
L,Shree Laxmi Traders,P3575,Sundry Debtor,Assets,null,Shop No. 1Rushikesh Complex,Amroli,Surat,Billwise,P3575,HUL-10C120P23771,AAVPP8704B
L,Patel Provision,P3576,Sundry Debtor,Assets,null,Sant Tukaram Society,t 395007 India,,Billwise,P3576,HUL-10C120P23772,NA
L,Balaji Super Stores,P3577,Sundry Debtor,Assets,null,Apple Green Store No15 Pal Road,At Gujarat 395005 India,,Billwise,P3577,HUL-10C120P23773,EQBPR3440C
L,Gajanand Super Store,P3578,Sundry Debtor,Assets,null,Sai Ashish Trade Center Surat Gujarat,395007 In Dia Surat Gujarat,,Billwise,P3578,HUL-10C120P23775,AKKPB9101B
L,Sai Nath Kirana,P3579,Sundry Debtor,Assets,0.abhishek.obxj@gmail.com,509 Santukaram V2,Palanpur Canal Road,Surat Surat GUJARAT,Billwise,P3579,HUL-10C120P23780,1
L,Jay Shri Ram Super Store,P3580,Sundry Debtor,Assets,null,Dukaan Number58 Shiven Square Pal,Adajan Surat Surat Gujarat,,Billwise,P3580,HUL-10C120P23782,BGOPL5825R
L,Patel Kirana,P3581,Sundry Debtor,Assets,null,130 131 Kubernagar,2 Near Patel,Dairy Kataragam Surat,Billwise,P3581,HUL-10C120P23783,1
L,Ridhhi Siddhi Super Store Dairy &amp; Bakery,P3582,Sundry Debtor,Assets,null,6VW5+CXC Sweet Home Society Amroli Surat,Gujar At 394107 India Surat Gujarat,,Billwise,P3582,HUL-10C120P23786,702223691329
L,Mahadev General Store,P3583,Sundry Debtor,Assets,null,77 New Kosad Rd Sai Ashish Society Amroli,Sura T Gujarat 394107 India Surat Gujarat,,Billwise,P3583,HUL-10C120P23789,CJEPV6416L
L,JAI Chamunda KARYANA Store,P3584,Sundry Debtor,Assets,Himat@gmail.com,6VW5+XQX Sweet Home Society Amroli Surat,Gujar At 394107 India Surat Gujarat,,Billwise,P3584,HUL-10C120P23790,CYMPB5839A
L,Rajeshwar Kirana N Provision Store,P3585,Sundry Debtor,Assets,null,B-129 Near Patel,Dairy Prabhunagar Katargam,Surat GUJARAT,Billwise,P3585,HUL-10C120P23791,1
L,HARI OM KIRANA AND DAIRY,P3586,Sundry Debtor,Assets,null,2 Akhand Aannd Society Gate NO.1 Opp.Honey,Hight BRTS Road Dabholi Surat. Surat Gujarat,,Billwise,P3586,HUL-10C120P23793,ASEPL2531P
L,Gayatri General Store,P3587,Sundry Debtor,Assets,null,302 Ashram Faliyu Mora Tekra Mora Gam Mora,Ha zira Gujarat 394510 India Hazira Gujarat,,Billwise,P3587,HUL-10C120P23795,NA
L,JAGRUTI ENTERPRISE,P3588,Sundry Debtor,Assets,null,5PWH+4QP Maa Krupa Krishna Nagar Society Ichchha,por Ichhapur Gujarat 394510 India Ichhapur Gujarat,,Billwise,P3588,HUL-10C120P23797,EBHPM1071B
L,bablu kirana store,P3589,Sundry Debtor,Assets,null,789 canal road,palanpur jagannaka palanpur,patiya Surat GUJARAT,Billwise,P3589,HUL-10C120P23799,1
L,Vinayak Super Mart,P3590,Sundry Debtor,Assets,null,2-3 Chirag,Shopping Surat,GUJARAT,Billwise,P3590,HUL-10C120P23800,1
L,Patel super store,P3591,Sundry Debtor,Assets,null,Nr.bajaji kirana stor,Chapra batha,Variyav surat,Billwise,P3591,HUL-10C120P23805,1
L,Mastan Provision Store,P3592,Sundry Debtor,Assets,null,Jilani Masjid New Rander Rd Adajan Patiya,Surat Gujarat 395005 India Surat Gujarat,,Billwise,P3592,HUL-10C120P23806,428477313880
L,Mahaveer Store,P3593,Sundry Debtor,Assets,null,Shop 6 Smardhi,Resi. Jahangipura Canal,Road Surat GUJARAT,Billwise,P3593,HUL-10C120P23807,1
L,Shree Balaji Provision,P3594,Sundry Debtor,Assets,null,Nr. Patel Super Mart,Chapra Bhata,Surat,Billwise,P3594,HUL-10C120P23808,1
L,Shree Ram Traders,P3595,Sundry Debtor,Assets,null,Ramnagar,Satnam Circle,Rander,Billwise,P3595,HUL-10C120P23809,1
L,Maruti Super Kariyana (Sumul),P3596,Sundry Debtor,Assets,null,Shop No. 5 Rivanta Varni,DD Sports Crucle,New Katargam Variyav,Billwise,P3596,HUL-10C120P23810,1
L,Majisa Kirana Store,P3597,Sundry Debtor,Assets,kumarkumarmohan486@gmail.com,Gorba Street Nilkanth General Ni Baju Ma,Pani Ni Tanki Magdalla Surat Gujarat,,Billwise,P3597,HUL-10C120P23811,CGUPG1954P
L,GAYATRI DARSHAN SUPER STORE,P3598,Sundry Debtor,Assets,null,G 8 Happy Hollmark Shopper Beside,Maheshwari Provision Vesu Surat. Surat Gujarat,,Billwise,P3598,HUL-10C120P23812,ASKPS7258Q
L,Dhanlaxmi super store,P3599,Sundry Debtor,Assets,null,142 Deepmala Society Sima Nagar Surat,Gujarat 395005 India Surat Gujarat,,Billwise,P3599,HUL-10C120P23814,DETPK4605H
L,Jilani Store,P3600,Sundry Debtor,Assets,Farookdalal@gmail.com,24 Adajan Patiya Surat Gujarat,395005 India Surat Gujarat,,Billwise,P3600,HUL-10C120P23817,508588255089
L,Maa Sarveshwary Kariyana,P3601,Sundry Debtor,Assets,null,1 near Dhiraj Sons Veer Narmad South Gujarat,Uni versity Surat Gujarat 395007 India Surat Gujar,,Billwise,P3601,HUL-10C120P23818,ARPPR3920A
L,Maa  Sarshwary Kariyan,P3602,Sundry Debtor,Assets,null,Govind Patel Industrial Estate 478 Fatakdawadi Ind,Katargam Surat Gujarat 395004 India Surat Gujarat,,Billwise,P3602,HUL-10C120P23819,CELPS6992C
L,Al MakkA KiranA &amp; GEN STORE,P3603,Sundry Debtor,Assets,null,N-9 Fulwadi Rd Industrial Society 1 Industrial Are,Katargam Surat Gujarat 395004 India India Surat Gu,,Billwise,P3603,HUL-10C120P23821,FLGPA6348F
L,PRAMUKH HOMEWARE,P3604,Sundry Debtor,Assets,null,Shop No 3 4 Palanpur Jakatnaka Shree Ji Store Ni,Bajuma naka Silverpark Society Palanpur Jakatnaka,,Billwise,P3604,HUL-10C120P23823,AKKPP9103H
L,Patel Kirana STORE,P3605,Sundry Debtor,Assets,null,2 Gajera Cycle Khodiyar Krupa Society Patel Nag,Ar Surat Gujarat 395004 India India Surat Gujarat,,Billwise,P3605,HUL-10C120P23824,CTLPD6290H
L,Ganesh Super Store,P3606,Sundry Debtor,Assets,null,A-701 Vastu Discovery Opp Raghuvir Symphony Bhim R,Rd Althan Surat Gujarat 39500 7 India Surat Gujara,,Billwise,P3606,HUL-10C120P23825,DMOPR9083P
L,Rishikesh Pan,P3607,Sundry Debtor,Assets,null,75 River View Park Society Tunki Patel Nagar,S urat Gujarat 395004 India Surat Gujarat,,Billwise,P3607,HUL-10C120P23827,BPCPB0902E
L,Golden General Store,P3608,Sundry Debtor,Assets,null,Morabhaga Shop No,12 Morabhaga Char,Rasta Surat GUJARAT,Billwise,P3608,HUL-10C120P23828,1
L,Veera Apparels,P3609,Sundry Debtor,Assets,null,Opp. Althan Tenament U- 34 Sankalp Shopping Cent R,Althan New City Light A Lthan Surat Gujarat 395017,,Billwise,P3609,HUL-10C120P23829,DTNPG8070D
L,Ramdev Super Store,P3610,Sundry Debtor,Assets,null,Raj Corner Shopping Centre Palanpur Surat Gujar,Amar Novelti Ni Same Surat Gujarat,,Billwise,P3610,HUL-10C120P23830,AGQPR1621J
L,Jay Bherunath,P3611,Sundry Debtor,Assets,null,P-866 Ekta Nagar Naginawadi Patel Nagar,Surat Gujarat 395004 India Surat Gujarat,,Billwise,P3611,HUL-10C120P23833,CCQPR8427L
L,Shree Tulja Bhavani Kirana And Provision Store,P3612,Sundry Debtor,Assets,null,6RH7+72M Laxminarayan Society-1 Dabholi,Road Surat Surat Gujarat,,Billwise,P3612,HUL-10C120P23834,CYBPP9092C
L,Balaji Provision Store,P3613,Sundry Debtor,Assets,null,B-605 Near SMC Helth Centre Chapprabhatta Ganes,Hpura Surat Gujarat 394520 India Surat Gujarat,,Billwise,P3613,HUL-10C120P23836,ANRPC9893P
L,MAHADEV SUPER STORE,P3614,Sundry Debtor,Assets,null,Shop 3 Orange Recidency Variyav Rivanta Garden,City Near New Katargam India Surat Gujarat,,Billwise,P3614,HUL-10C120P23838,GKYPR8007N
L,Erika &amp; Ayesha Kirana General,P3615,Sundry Debtor,Assets,null,201 Werribee Victoria Inner Rd Taj Society Nara Ya,Reva Nagar Rander Surat Guja Rat 395005 India Sura,,Billwise,P3615,HUL-10C120P23840,AHTPM2070N
L,HARI OM FLOOR AND PROVISION (ADAJAN),P3616,Sundry Debtor,Assets,null,Anmol Apt Opp. Shri Nath Society Adajan Gam,Adajan Surat Gujarat 395009 India Surat Gujarat,,Billwise,P3616,HUL-10C120P23842,CJLPP3403N
L,Mohan Bhai Kirana Store,P3617,Sundry Debtor,Assets,mohanbhagat@gamil.com,5MG5+GGG Kuwo Dariyo Jatra Rd Mora Tekra,Hazira Gujarat 394510 India Hazira Gujarat,,Billwise,P3617,HUL-10C120P23844,996089250275
L,Bhagwati Trading,P3618,Sundry Debtor,Assets,null,105 Dabholi Rd Bhumi Park Dabholi Surat,Gujar At 395004 India Surat Gujarat,,Billwise,P3618,HUL-10C120P23845,472955872657
L,NEW ROSHNI KARIYANA STORE,P3619,Sundry Debtor,Assets,null,Opp.Sarvodaya School Bahuchar Nagar Katargaam Sura,Gujarat 395004 India Surat Gujarat,,Billwise,P3619,HUL-10C120P23846,AZSPB2046G
L,Viswa Dairy &amp; Provision,P3620,Sundry Debtor,Assets,null,Vihar Society 6 Ved Rd Viram Nagar Society Siv Chh,Society Katargam Surat Gujarat 395004 I Ndia Surat,,Billwise,P3620,HUL-10C120P23847,7433921207_QR_CODE
L,Mahalaxmi Kirana Store,P3621,Sundry Debtor,Assets,null,840 Parth Society Amroli Surat,Gujarat 394105 India Surat Gujarat,,Billwise,P3621,HUL-10C120P23850,BEIPN2757N
L,Gogeshwar Super Stores,P3622,Sundry Debtor,Assets,null,347 Galleria St Adajan Gam Surat,Gujarat 39500 9 India Surat Gujarat,,Billwise,P3622,HUL-10C120P23851,DVGPR1734E
L,Shree Hari KARIYANA &amp; GENERAL STORE,P3623,Sundry Debtor,Assets,null,23 Pramukh Highlights New,Koshad Amrili Surat Gujrat,,Billwise,P3623,HUL-10C120P23852,BKAPR9873F
L,Kodal Pan &amp; Janral Store,P3624,Sundry Debtor,Assets,null,GJ SH 168 Chapprabhatta Ganeshpura Surat,Gujar At 394107 India Surat Gujarat,,Billwise,P3624,HUL-10C120P23854,9904060779_QR_CODE
L,Maruti General Store,P3625,Sundry Debtor,Assets,null,7R7G+4PF Chapprabhatta Ganeshpura Surat Gujara,T 394520 India Surat Gujarat,,Billwise,P3625,HUL-10C120P23855,9998168087_QR_CODE
L,KESHAV DAIRY &amp; KARIYANA STORE,P3626,Sundry Debtor,Assets,null,38 Panch Shila Sky Shoping Centre Bhrat Petroleum,Sayan Chek Post Variyav Road New Katargam Surat Gu,,Billwise,P3626,HUL-10C120P23856,9979711084_QR_CODE
L,DHARA KIRANA STORE,P3627,Sundry Debtor,Assets,vaghanihardik143@gmail.com,5Chapprabhatta Koper Stone Near Patel,Park Kosad Surat Gujarat,,Billwise,P3627,HUL-10C120P23857,9904384014_QR_CODE
L,Ramdev Kirana,P3628,Sundry Debtor,Assets,akchaudhary8709@gmail.com,7R5M+XGW Chapprabhatta Ganeshpura Surat Gujara,T 394107 India Surat Gujarat,,Billwise,P3628,HUL-10C120P23858,8980532234_QR_CODE
L,Jagruti General Store,P3629,Sundry Debtor,Assets,null,5PWH+4QP Maa Krupa Krishna Nagar Society Ichchha,Por Ichhapur Gujarat 394510 India Ichhapur Gujarat,,Billwise,P3629,HUL-10C120P23861,8084696511_QR_CODE
L,Jay Bherunath Kirana Store,P3630,Sundry Debtor,Assets,null,395 Sahjanand Society Haridarshan Society,Singanpore Road Surat Gujarat,,Billwise,P3630,HUL-10C120P23865,8460780387_QR_CODE
L,Ganesh Pan,P3631,Sundry Debtor,Assets,null,6RC9+J3Q Ved Rd Tribhuvan Nagar Singanpor Sura,T Gujarat 395004 India Surat Gujarat,,Billwise,P3631,HUL-10C120P23867,BZBPG5985M
L,SHRI GANESH PAN &amp; COLD DRINKS,P3632,Sundry Debtor,Assets,null,202 Trilocknagar Co Op Society Ved Rd Anand Park,Society Singanpor Surat Gujarat 395004 India Sura,,Billwise,P3632,HUL-10C120P23868,BZBPG5985M
L,Chamunda Kariyana Store,P3633,Sundry Debtor,Assets,null,182 Amroli - Kosad Rd Satadhar Society,Amroli Surat Gujarat 394107 India Surat Gujarat,,Billwise,P3633,HUL-10C120P23870,FPXPM6965P
L,CHAMUNDA PROVISION STORE,P3634,Sundry Debtor,Assets,null,6RC7+P42 Khodiyar Krupa Society Singanpor Surat,Gujarat 395004 India Surat Gujarat,,Billwise,P3634,HUL-10C120P23871,GNJPR5964J
L,Goga Tea,P3635,Sundry Debtor,Assets,null,Bhari Mata Road,Surat Surat Gujarat,,Billwise,P3635,HUL-10C120P23872,AMKPL3707D
L,SHRI GANESH KIRIYANA  STORE,P3636,Sundry Debtor,Assets,null,20-F Vijayraj Society Katargam Surat Gujarat,3 95004 India Surat Gujarat,,Billwise,P3636,HUL-10C120P23873,9737860767_QR_CODE
L,RACHNA GENRAL STORE,P3637,Sundry Debtor,Assets,null,Mota Faliya Bhtlai Gam Damka,Road Mora Tekra Surat Gujarat,,Billwise,P3637,HUL-10C120P23874,9909033706_QR_CODE
L,MAA KRUPA PAN AND GENERAL STORE,P3638,Sundry Debtor,Assets,null,Shop No. 2 Ratn Mani App. Jalaram Mandir Ni Same,Vijay Nagar Amroli Surat Gujarat 394107 India Sura,,Billwise,P3638,HUL-10C120P23875,9624597516_QR_CODE
L,Dev Narayan General,P3639,Sundry Debtor,Assets,null,32A Mahavir Nagar Amroli Surat Gujarat 394107,India,,Billwise,P3639,HUL-10C120P23876,9727447177_QR_CODE
L,Shree Chamunda Super Store,P3640,Sundry Debtor,Assets,null,32A ?????? ??? ????????? ?????? ???? ?????? 39,4107 India,,Billwise,P3640,HUL-10C120P23877,8238291155_QR_CODE
L,RADIENT MART,P3901,Sundry Debtor,Assets,null,1st Floor Shyam Enclave Vaishnodevi Rd,Jahangir Pura Dahin Nagar Vanakala,Gujarat 395005 India,Billwise,P3901,HUL-10C120P24421,TPAPS9592M
L,MAA BHRAMANI KIRANA &amp; DAIRY,P3902,Sundry Debtor,Assets,null,A-14 Prabhunagar 1 Keshav Park Society Kubernag,ar Katargam Surat Gujarat 395004 India,,Billwise,P3902,HUL-10C120P24427,NA
L,SHREE NAGNESHI DAIRY &amp; PRO.,P3903,Sundry Debtor,Assets,null,AB66 Avdhut Nagar Chikuvadi Bahuchar Nagar Kat,Katargam Surat Gujarat 395004 India,,Billwise,P3903,HUL-10C120P24435,NA
L,Ramdev Super Store,P3904,Sundry Debtor,Assets,null,A-96Avadhutnagar socbehind bhaktinagar Singanpor,e Road Avdhut Nagar Chikuvadi Pinkeshu Nagar,Katargam Surat Gujarat 395004 India,Billwise,P3904,HUL-10C120P24437,NA
L,Shiv Shakti General  Store,P3905,Sundry Debtor,Assets,null,51 Chikuwadi Rd Makanji Park Society Chikuvadi,Vishal Vagar Society Katargam Surat Gujarat 39,5004 India,Billwise,P3905,HUL-10C120P24438,NA
L,Sahjanand Trades,P3906,Sundry Debtor,Assets,null,5 LALITA PARK SOC NE LALITA CHOWK Katargam Rd,opp. KHATHWAR MAHADEV MANDIR Lalita Chowkadi Kat,argam Surat Gujarat 395004 India,Billwise,P3906,HUL-10C120P24443,NA
L,New Girnar Super Store,P3907,Sundry Debtor,Assets,null,Shop No 33 34 Jalaram AppartmeAMBATALAWADI ROAD K,Opp Shyam Pharmacy  Katargam,Surat Gujarat 395004 India,Billwise,P3907,HUL-10C120P24444,NA
L,Aai Shree Sonal Provision  Store,P3908,Sundry Debtor,Assets,null,411 Nandavan Nagar Katargam Surat Gujarat 3950,04 India,,Billwise,P3908,HUL-10C120P24445,NA
L,Anjani Medical,P3909,Sundry Debtor,Assets,null,12 New GIDC Old GIDC Patel Nagar Surat Gujara,T 395004 India,,Billwise,P3909,HUL-10C120P24451,NA
L,Ganesh Pan &amp; Colddrink,P3910,Sundry Debtor,Assets,null,1Nani Ved Rd Nani Ved Pramukh Darshan Society,Dabholi Nani Ved Pramukh Darshan Society Katarg,Am Surat Gujarat 395004 India,Billwise,P3910,HUL-10C120P24453,NA
L,Dev Narayan Kirana Store,P3911,Sundry Debtor,Assets,null,Shop no.2 suman sarthi Ved Rd near mayra petrol,eum Nani Ved Pramukh Darshan Society Dabholi S,urat Gujarat 395004 India,Billwise,P3911,HUL-10C120P24454,NA
L,SHREE BHARAMANI SUPER STORE,P3912,Sundry Debtor,Assets,null,6 KRISHNA TOWN SHIP Radhika Society Dabholi KR,ISHNA TOWN SHIP Radhika Society Katargam Surat,Gujarat 395004 India,Billwise,P3912,HUL-10C120P24455,NA
L,SHREE RAMDEV KIRANA &amp; DAIRY,P3913,Sundry Debtor,Assets,null,6RM8+JF3 Balaji Nagar Society Radhika Society D,abholi Surat Gujarat 395004 India,,Billwise,P3913,HUL-10C120P24456,NA
L,Kanaya Super Stor,P3914,Sundry Debtor,Assets,null,Shop No 2 Ambika Recydency Dabholi Rd opp. Subh,laxmi Raghunandan Society Katargam Surat Gujar,at 395004 India,Billwise,P3914,HUL-10C120P24457,NA
L,Mahalaxmi General Store,P3915,Sundry Debtor,Assets,null,Tirupati Society 75B Tirupti Society Singanpor,Surat Gujarat 395004 India,,Billwise,P3915,HUL-10C120P24460,NA
L,M K Khushal,P3916,Sundry Debtor,Assets,null,6R59+XW5 Bhari Mata Rd near A B provision Fatak,dawadi Sabri Nagar Industrial Area Singanpor S,urat Gujarat 395004 India,Billwise,P3916,HUL-10C120P24462,NA
L,NATIONAL KIRANA STORE,P3917,Sundry Debtor,Assets,null,Shop No 1 Near River View Society Bhari Mata Road,Fulwadi Fulwadi Rd Fatakdawadi Industrial Area,Singanpor Surat Gujarat 395004 India,Billwise,P3917,HUL-10C120P24463,NA
L,Balaji Kirana,P3918,Sundry Debtor,Assets,null,502 Causeway Link Rd Sahjanand Society Haridars,han Society Singanpor Surat Gujarat 395004 Ind,ia,Billwise,P3918,HUL-10C120P24473,NA
L,Laxmi Kirana Store,P3919,Sundry Debtor,Assets,null,Truth Raj Complex Singapore Gam Near Police Statio,ujarat 395004 India,,Billwise,P3919,HUL-10C120P24474,NA
L,SHREE I  MATA SUPER STORE,P3920,Sundry Debtor,Assets,null,G27 Raj  Harmony,Near Ambaji Medical,Bhesan Canal Road Ugat Surat.,Billwise,P3920,HUL-10C120P24476,AKEPC9640G
L,MAA HINGLAJ DAIRY AND KARIYANA,P3921,Sundry Debtor,Assets,null,Madhav Residency Near Sarda School,SingaporeSurat,Gujarat 395004 India,Billwise,P3921,HUL-10C120P24479,PVXPS6622F
L,JAY HINGLAJ KARIYANA STORE,P3922,Sundry Debtor,Assets,null,96 Society Vishram Nagar Tribhuvan Nagar Singa,Npor Surat Gujarat 395004 India,,Billwise,P3922,HUL-10C120P24480,NA
L,Sagar Store,P3923,Sundry Debtor,Assets,null,Raj Sidhi Apartment Vesu Canal Rd Near White Lot,Us School Panaas Athwa Surat Gujarat 395007 I,Ndia,Billwise,P3923,HUL-10C120P24486,NA
L,Jay Jalaram Store,P3924,Sundry Debtor,Assets,null,133 Bhaiyaji Street Behind VR Mall Magdalla Su,Rat Gujarat 395007 India,,Billwise,P3924,HUL-10C120P24487,NA
L,Ashapura And General Store,P3925,Sundry Debtor,Assets,null,Shop No.518 5th Floor Wall Street Business Hub,Opp. Avadh Utopia Road Club Dumas Surat Gujara,T 394550 India,Billwise,P3925,HUL-10C120P24489,NA
L,GIta Bakery &amp; Super Store,P3926,Sundry Debtor,Assets,null,4P44+5WQ Dumas Gujarat 394550 India,,,Billwise,P3926,HUL-10C120P24490,NA
L,Jay Mataji Store,P3927,Sundry Debtor,Assets,null,RS/797/1 Dumas Gujarat 394550 India,,,Billwise,P3927,HUL-10C120P24491,NA
L,SHREE DEVNARAYAN SUPAR STORE,P3928,Sundry Debtor,Assets,null,5PCR+WQ9 Tapi St Bhatpore Hazira Gujarat 39451,0 India,,Billwise,P3928,HUL-10C120P24496,NA
L,Khushbu Genral Store,P3929,Sundry Debtor,Assets,null,5PVH+5RH Maa Krupa Krishna Nagar Society Ichchha,Por Gujarat 394510 India,,Billwise,P3929,HUL-10C120P24501,NA
L,Shrtrapal Janral Store,P3930,Sundry Debtor,Assets,null,Krishna Nagar Ichapor,Mahadev Kirana Ni Bajuma,,Billwise,P3930,HUL-10C120P24502,NA
L,Shyam Kirana,P3931,Sundry Debtor,Assets,null,Maa Krupa Krishna Nagar Society Krishna Nagar,Ichchhapor Limla Gujarat 394510 India,,Billwise,P3931,HUL-10C120P24503,NA
L,Old Baba Ramdev,P3932,Sundry Debtor,Assets,null,Khari Mohhlo Ichchhapor Hazira Surat,Gujarat 394510 India,Ichapur Gam,Billwise,P3932,HUL-10C120P24504,NA
L,Maa Gaytry Kariyana,P3933,Sundry Debtor,Assets,null,5PWM+522 GHB Rd Krishna Nagar Society Ichchhapo,R Hazira Gujarat 394510 India,India,Billwise,P3933,HUL-10C120P24507,NA
L,AHREE GAJANAND KARIYANA STORE,P3934,Sundry Debtor,Assets,null,277 Amroli Rd Smruti Society Patel Nagar Surat,Gujarat 395004 India,,Billwise,P3934,HUL-10C120P24508,NA
L,JAY JALARAM TRADERS,P3935,Sundry Debtor,Assets,null,129 First Floor Mansarovar Shopping Center-B Bh,Agu Nagar-1 Amroli Surat Gujarat 394107 India,107 India,Billwise,P3935,HUL-10C120P24511,NA
L,Shree Devnarayan Super Stors,P3936,Sundry Debtor,Assets,null,69 Ranglaxmi Society Mahavir Nagar Amroli Sura,T Gujarat 394107 India,,Billwise,P3936,HUL-10C120P24513,NA
L,Rajwadi Genral Store,P3937,Sundry Debtor,Assets,null,35 Krushna nagar sos Old Kosad Rd Krishna Nagar,Society Amroli Surat Gujarat 394107 India,,Billwise,P3937,HUL-10C120P24517,NA
L,Maa Bhavani Kirana Store,P3938,Sundry Debtor,Assets,null,6VR5+9J6 Old Kosad Rd Hari Siddhi Society Amrol,i Surat Gujarat 394107 India,,Billwise,P3938,HUL-10C120P24519,NA
L,NEW CHAMUNDA DAIRY,P3939,Sundry Debtor,Assets,null,SHOP NO :- 6  SURYANJALI RESIDENCY New Kosad Rd,Amroli Surat Gujarat 394107 India,,Billwise,P3939,HUL-10C120P24521,NA
L,Shree Mahalaxmi Kirana &amp; Gen.Store,P3940,Sundry Debtor,Assets,null,14 Suryanjali Residency,Kross Road.,Amroli,Billwise,P3940,HUL-10C120P24522,NA
L,JAY MAMA DEV COLD DRINKS AND TOBECO,P3941,Sundry Debtor,Assets,null,6VW4+GPH Opp. Rajwadi Party Plot Shanti Nagar So,Ciety Abhishek Twp Amroli Surat Gujarat 394107,India,Billwise,P3941,HUL-10C120P24526,NA
L,HINGLAJ GANREL STORES,P3942,Sundry Debtor,Assets,null,39 Near Vedant Industrial Park Kosad Surat Guj,Arat 394107 India,,Billwise,P3942,HUL-10C120P24530,NA
L,RAMDEV TOBECO AND GENERAL STORE,P3943,Sundry Debtor,Assets,null,77SHUBHAM VAILLY OPP DEVAM AMBRO PRAK NAYARA PETR,OL PUMP TO VEDAT ROAD KOSAD GRAM Amroli Surat,Gujarat 394107 India,Billwise,P3943,HUL-10C120P24531,NA
L,PRAMUKH MILK DAIRY,P3944,Sundry Debtor,Assets,null,Sruti Rowhouse Sayan Rd Neel Kanth Apartment Am,roli Surat Gujarat 394107 India,,Billwise,P3944,HUL-10C120P24533,NA
L,BHAIRAV BHAGVATI KIRANA STORE,P3945,Sundry Debtor,Assets,null,Manipursotam Society Chhaprabhatha Chapprabhatta,Ganeshpura Surat Gujarat 394520 India,,Billwise,P3945,HUL-10C120P24539,NA
L,MAA DAIRY AND ICECREAM PARLOUR,P3946,Sundry Debtor,Assets,null,antiliya skyline S-115 chapprabhatha road near,Earth Plaza variya Ganeshpura Surat Gujarat 39,4520 India,Billwise,P3946,HUL-10C120P24546,NA
L,DHARM TOBECO AND GENERAL STORE,P3947,Sundry Debtor,Assets,null,Divanta S K Chhaprabhatha Rd Opp. Star Gardan C,Happrabhatta Amroli Surat Gujarat 394520 India,,Billwise,P3947,HUL-10C120P24548,NA
L,RAMDEV KIRANA STORE,P3948,Sundry Debtor,Assets,null,STAR GARDEN RESIDENCY R 201 Chhaprabhatha Rd Ch,apprabhatta Amroli Surat Gujarat 394520 India,,Billwise,P3948,HUL-10C120P24549,NA
L,Happy Bakery And General Store,P3949,Sundry Debtor,Assets,null,7R7G+4PF Chapprabhatta Ganeshpura Surat Gujara,t 394520 India,,Billwise,P3949,HUL-10C120P24550,NA
L,PATEL SUPER MARKET,P3950,Sundry Debtor,Assets,null,7R9G+35 Chapprabhatta Ganeshpura Surat Gujarat,394520 India,,Billwise,P3950,HUL-10C120P24553,NA
L,Radh Dari And Kariyana,P3951,Sundry Debtor,Assets,null,Chhaprabhatha Rd opp. Happy Rec Gaitri Nagar Am,roli Surat Gujarat 394107 India,,Billwise,P3951,HUL-10C120P24554,NA
L,LAXMI DAIRY,P3952,Sundry Debtor,Assets,null,103 Plot No.102 80 Feet Rd Tagariwala Compound,Near Bhathena Aanjada Nagar Bhatena Surat Guj,Arat 395002 India,Billwise,P3952,HUL-10C120P24559,NA
L,Gadhi Kariyana,P3953,Sundry Debtor,Assets,null,33 Bhatena Rd 3 New Ramdev Nagar Aanjada Nagar,Bhatena Surat Gujarat 394210 India,,Billwise,P3953,HUL-10C120P24560,NA
L,Jay Goga Tardig,P3954,Sundry Debtor,Assets,null,Shop 12 Bhatena Rd New Ramdev Nagar Aanjada Na,Gar Udhana Surat Gujarat 394210 India,,Billwise,P3954,HUL-10C120P24561,NA
L,MAHAVEER KIRANA,P3955,Sundry Debtor,Assets,null,11 hotel Pal ShantiDeep Residency beside Saura,bh police chowki nr. T.G.B TGB Adajan Gam Adaj,an Surat Gujarat 395009 India,Billwise,P3955,HUL-10C120P24563,NA
L,Mithila Dairy And Provisional,P3956,Sundry Debtor,Assets,null,Sai K G Flats 37 Bhimrad-Althan Rd Apcha Nagar,Bungalows Althan Surat Gujarat 395007 India,07 India,Billwise,P3956,HUL-10C120P24565,BCVPJ3630B
L,HALDAR TEA,P3957,Sundry Debtor,Assets,null,Sabji Market Road Near Dhan Laxmi Fashion Mora,Tekra Hazira Surat Gujarat 394517 India,OPP SHIVA SHAKTI ABHAY PHARMACY,Billwise,P3957,HUL-10C120P24569,NA
L,Shree Sai Genral Store,P3958,Sundry Debtor,Assets,null,Mora Tekra Char Rasta Near Radhe Krishna Medical B,Hatlai Road Mora Tekra Surat Bhatlai Gujarat,394517 India,Billwise,P3958,HUL-10C120P24570,NA
L,Jay Mata Di Kirana Store,P3959,Sundry Debtor,Assets,null,GANESH TEMPLES CHORYASI MAIN ROAD Mora Tekra Bh,atlai Gujarat 394517 India,,Billwise,P3959,HUL-10C120P24571,NA
L,Shiv Sai Genral Store,P3960,Sundry Debtor,Assets,null,5MQ5+CG9 Mora Tekra Damka Bhatlai Gujarat 3945,17 India,,Billwise,P3960,HUL-10C120P24572,NA
L,Laxmi General Store,P3961,Sundry Debtor,Assets,null,7PXQ+G8H Orma Gujarat 394540 India,,,Billwise,P3961,HUL-10C120P24573,NA
L,Bapa Sitaram Tobecoo,P3962,Sundry Debtor,Assets,null,C-8 Eva Embroidery Park-2 OSLC HOUSE Vedant Amroli,,,Billwise,P3962,HUL-10C120P24574,1
L,Rk Super Mart,P3963,Sundry Debtor,Assets,ramnayansahani58@gmail.com,Masma Orma Road,Shop No. 22,Pacific Corner Surat,Billwise,P3963,HUL-10C120P24575,1
L,RISHI PHARMACY,P3964,Sundry Debtor,Assets,null,206 2nd Floor Anand Mahal Rd Nr. Prime Arcade,Honey Park Adajan Gam Adajan Surat Gujarat 395,009 India,Billwise,P3964,HUL-10C120P24576,BYZPC2598B
L,Jalaram Namkeen,P3965,Sundry Debtor,Assets,null,6-103 Bhleshvar Vairagi Ni Wadi Dilhi Gate Chatr,apati Shivaji Nagar Adajan Gam Adajan Surat Gu,jarat 395009 India,Billwise,P3965,HUL-10C120P24579,NA
L,Laxmi Pan And Genrel,P3966,Sundry Debtor,Assets,null,85 Palanpur Rd Krishna Kunj Society Deepjyot So,ciety Mahadev Nagar Pankaj Nagar Surat Gujarat,395009 India,Billwise,P3966,HUL-10C120P24581,NA
L,Ganesh General Store,P3967,Sundry Debtor,Assets,null,Shivshakti Singh Residence Surat A/406 Parkview,Apartment Dindayal Society Hidayatnagar Rd Din,Dayal Society Sima Nagar Surat Gujarat 395005,Billwise,P3967,HUL-10C120P24582,NA
L,Shree Laxmi Dairy,P3968,Sundry Debtor,Assets,null,Shop2 Vrindavan Nano Flats Ugat Rd Ambika Nagar,Jahangirabad Sima Nagar Surat Gujarat 395005,India,Billwise,P3968,HUL-10C120P24583,NA
L,Bayosa Super  Store,P3969,Sundry Debtor,Assets,null,31 Ugat Rd Shreeji Nagari Society Ganga Nagar S,Ociety Jahangirabad Sima Nagar Surat Gujarat 3,95005 India,Billwise,P3969,HUL-10C120P24584,NA
L,Gayatri Kariyana Store,P3970,Sundry Debtor,Assets,null,Canal Rod Near Seven Step School Sandhyavandan S,Ociety Pankaj Nagar Surat Gujarat 395003 India,Canal Road,Billwise,P3970,HUL-10C120P24586,NA
L,Padmavati Kalyana,P3971,Sundry Debtor,Assets,null,5QVM+MF8 FabHotel La Victoria - Hotels in Pal Gam,Surat New Pal Rd TGB Hariom Nagar SocietyAdaj,an Gam Saurabh Society Adajan Surat Gujarat 39,Billwise,P3971,HUL-10C120P24587,NA
L,Mahavir Provision,P3972,Sundry Debtor,Assets,null,5QVM+MF8 FabHotel La Victoria - Hotels in Pal Gam,Surat New Pal Rd TGB Hariom Nagar SocietyAdaj,an Gam Saurabh Society Adajan Surat Gujarat 39,Billwise,P3972,HUL-10C120P24588,NA
L,Ajmeri Dairy,P3973,Sundry Debtor,Assets,null,3 115 Rander Rd Nr. Raamnager Nemnath Nagar R,Angavdhut Society Charrasta Surat Gujarat 39500,9 India,Billwise,P3973,HUL-10C120P24589,NA
L,Mohammadi Kirana Store,P3974,Sundry Debtor,Assets,null,Shop No.06 Nayatwada Badi Jumma Masjid near Tabe,Tabein Dargah Rander Surat Gujarat 395005 Ind,ia,Billwise,P3974,HUL-10C120P24590,NA
L,Savariya Ice Cream And Backery,P3975,Sundry Debtor,Assets,null,Rehmat Apartment Khoja Society Khoja Society Rd,Nayak Nagar Society Kankaria Singanpor Ahmedab,ad Surat Gujarat 395004 India,Billwise,P3975,HUL-10C120P24593,NA
L,Al Madar Kirana,P3976,Sundry Debtor,Assets,null,Shop 1 Nahru Nagar Fulwadi Bhari Mata Rd Fatakda,wadi Industrial Area Singanpor Surat Gujarat 3,95004 India,Billwise,P3976,HUL-10C120P24596,NA
L,Shree Nand Enterprise,P3977,Sundry Debtor,Assets,null,Ganga Residency 1 Causeway Rd Industrial Area,Singanpor Surat Gujarat 395004 India,,Billwise,P3977,HUL-10C120P24597,NA
L,Mahalaxmi Provigen Stores,P3978,Sundry Debtor,Assets,null,Singapore Gam Gandhinagar Society Singanpor Sura,t Gujarat 395004 India,,Billwise,P3978,HUL-10C120P24598,NA
L,Shree hari Wash Care,P3979,Sundry Debtor,Assets,null,Shop NO 2 Dabholi Rd near briliant school Madha,v Kunj Society Dabholi Surat Gujarat 395004,India,Billwise,P3979,HUL-10C120P24600,NA
L,Shree Sunda Dryfruit Super Stor,P3980,Sundry Debtor,Assets,null,6RQF+HVW Ramkatha Rd Aamba Talavadi Sahyog Soci,ety Katargam Surat Gujarat 395004 India,,Billwise,P3980,HUL-10C120P24601,NA
L,SAT Devidas Pan,P3981,Sundry Debtor,Assets,null,9 Shanti Kunj Society Amroli Surat Gujarat 394,107 India,,Billwise,P3981,HUL-10C120P24603,DEUPG5736L
L,Laxmi Kriyana Story,P3982,Sundry Debtor,Assets,null,Vellaki Ghar 86 Orma Rd Near Gruham Laxuria Ma,Sma Orma Gujarat 394540 India,India,Billwise,P3982,HUL-10C120P24605,APNPR5497L
L,AMBIKA STORE,P3983,Sundry Debtor,Assets,null,6Q2Q+WPW Chatrapati Shivaji Marg Adajan Gam Ada,Jan Surat Gujarat 395009 India,,Billwise,P3983,HUL-10C120P24611,NA
L,Vinayak Provision And Ganral Stor,P3984,Sundry Debtor,Assets,null,Tirupati Society Tirupati Society Palanpur Patia,Surat Gujarat 395005 India,Palanpur Patya,Billwise,P3984,HUL-10C120P24615,NA
L,Ganesh Ganral Stor,P3985,Sundry Debtor,Assets,null,Subham Apartment 306 Tirupati Society Palanpur,Patia Surat Gujarat 395005 India,,Billwise,P3985,HUL-10C120P24616,NA
L,Bhole Pan Kirana,P3986,Sundry Debtor,Assets,null,Near Jagadiya Chowkdi Prashant Nagar Jahangiraba,D Palanpur Jakatnaka Surat Gujarat 395005 Indi,A,Billwise,P3986,HUL-10C120P24617,NA
L,Jay Gurudev Kirana,P3987,Sundry Debtor,Assets,null,658 Shiv Ganga Nagar Society,Near Ganshyam Travel Ambedkar Aawas,Ugat Canal Road Surat,Billwise,P3987,HUL-10C120P24618,NA
L,Satyam Trader,P3988,Sundry Debtor,Assets,null,6Q6V+QGR Sardar Vallabhbhai Patel Rd Shri Rangav,Dhut Society 1 Shankar Nagar Cooperative Housing,Society Morarji Nagar Rander Surat Gujarat 395,Billwise,P3988,HUL-10C120P24621,NA
L,Baba Genral Store,P3989,Sundry Debtor,Assets,null,3 Shri Rangavdhut Society 1 Shankar Nagar Cooper,ative Housing Society Morarji Nagar Palanpur Pat,ia Surat Gujarat 395005 India,Billwise,P3989,HUL-10C120P24622,NA
L,Swaminarayan Dairy,P3990,Sundry Debtor,Assets,null,17kubernagar Kubernagar Katargam Surat Gujarat,395004 India,,Billwise,P3990,HUL-10C120P24626,NA
L,Jay Vadvada  Kirana Stor,P3991,Sundry Debtor,Assets,null,121 opp. Pink Lady Kubernagar 1 Kubernagar Kat,argam Surat Gujarat 395004 India,,Billwise,P3991,HUL-10C120P24627,NA
L,SHREE CHAMUNDA GENERAL STORE,P3992,Sundry Debtor,Assets,null,187-188 Ved Rd Kuber Park Society Darbar Nagar,Dhruvtarak Society Katargam Surat Gujarat 3950,04 India,Billwise,P3992,HUL-10C120P24630,NA
L,SHREE CHAMUNDA GENERAL STORE,P3993,Sundry Debtor,Assets,null,Shop No. 12 Jay Jalaram row house kuberpark Opp,NearReliance Mall Ved Rd Prabhunagar Dhruvtara,Society Katargam Surat Gujarat 395004 India,Billwise,P3993,HUL-10C120P24631,NA
L,Pooja Dairy And General Store,P3994,Sundry Debtor,Assets,null,Ved Road Shivrajani Shopping Center Singanpor Cha,r Rasta 6RFC+WR6 Ishwar Nagar Society Katargam,Surat Gujarat 395004 India,Billwise,P3994,HUL-10C120P24632,NA
L,Ma Super Stores,P3995,Sundry Debtor,Assets,null,Satya Nagar Society Causeway Rd,Balaji Super Market Ni Aagar,jarat 395004 India,Billwise,P3995,HUL-10C120P24633,NA
L,Yogesh Provijan Store,P3996,Sundry Debtor,Assets,null,Dena Vihar Society 10 Adajan Patiya Surat Guja,Rat 395009 India,,Billwise,P3996,HUL-10C120P24634,NA
L,Shiv Bakerry,P3997,Sundry Debtor,Assets,null,Kunti Shopping Center Deepa Complex Krishna Naga,r Society Adajan Surat Gujarat 395009 India,Near Vijay Dairy,Billwise,P3997,HUL-10C120P24636,NA
L,Pmjak  Tadvadi,P3998,Sundry Debtor,Assets,null,G Rander Rd Bejanwala Complex Tadwadi Rundh S,urat Gujarat 395009 India,,Billwise,P3998,HUL-10C120P24637,NA
L,Shiv Kupra,P3999,Sundry Debtor,Assets,null,Shop No.2 opp. Kiran Complex Krishna Kunj Societ,y Kedarnath Society Adajan Surat Gujarat 39500,9 India,Billwise,P3999,HUL-10C120P24638,NA
L,Mahadev Dairy,P4000,Sundry Debtor,Assets,null,Ugat Road,Jahangirabad Sima Nagar Surat Gujarat 395005,India,Billwise,P4000,HUL-10C120P24640,NA
L,Jay Sulay Kiran Store,P4001,Sundry Debtor,Assets,null,11 Pushpa Nagar Society Aanjada Nagar Bhatena,Surat Gujarat 394210 India,,Billwise,P4001,HUL-10C120P24642,NA
L,Rajeshwar Kirana Store,P4002,Sundry Debtor,Assets,null,5RG5+WHG Ghod Dod Rd Adarsh Society Athwa Sura,T Gujarat 395001 India,,Billwise,P4002,HUL-10C120P24643,NA
L,Yash Provision Store,P4003,Sundry Debtor,Assets,null,Riddhi Shoppers Hazira - Adajan Rd Jalaram Socie,ty Adajan Gam Adajan Surat Gujarat 395009 Ind,ia,Billwise,P4003,HUL-10C120P24644,NA
L,Har Siddhi Medical,P4004,Sundry Debtor,Assets,null,10Ahura Nagar Shopping Center Hazira - Adajan R,d Maher Nager Jalaram Society Adajan Gam Adaja,n Surat Gujarat 395009 India,Billwise,P4004,HUL-10C120P24645,NA
L,Aashapura Super Store,P4005,Sundry Debtor,Assets,null,13.Siddhgiri residency Adajan Gam Pal Gam Surat,t Gujarat 394510 India,,Billwise,P4005,HUL-10C120P24646,NA
L,Gurukrupa Kirana stor,P4006,Sundry Debtor,Assets,null,F.P.NO:-55PAIKEE SUB PLOT NO: - A T.P.SCHEME.NO:,-52(VED) O.P.NO:-55 R.S.NO:-90/1/B MOJE Ved Rd,Pramukh Darshan Society Dabholi Surat Gujarat,Billwise,P4006,HUL-10C120P24648,NA
L,Ganesh Kurpa Dery,P4007,Sundry Debtor,Assets,null,235 Singanpor Rd Ishwar Nagar Society Vishal Na,gar Surat Gujarat 395004 India,,Billwise,P4007,HUL-10C120P24650,NA
L,MAA KALI STORE,P4008,Sundry Debtor,Assets,null,6R9F+465 Ved Rd Prabhunagar Darbar Nagar Katar,Katargam Surat Gujarat 395004 India,,Billwise,P4008,HUL-10C120P24651,NA
L,RADHA RANI SUPER STORE,P4009,Sundry Debtor,Assets,null,Shop.No.9 Suman Tapi,Near Puny Bhumi,Bhimrad Surat,Billwise,P4009,HUL-10C120P24653,BIOPP3592B
L,NASIB DETERGENTS,P4010,Sundry Debtor,Assets,null,6R4F+F52 Bhari Mata Rd Variyavi Bhagol Variyadi,Bazar Salabatpura Surat Gujarat 395003 India,,Billwise,P4010,HUL-10C120P24657,NA
L,Shree Krishna Store,P4011,Sundry Debtor,Assets,null,09 Palapur Rd near BSNL Office Vaibhav Nagar M,ahadev Nagar Palanpur Patia Kedarnath Society M,ahadev Nagar Adajan Surat Gujarat 395009 India,Billwise,P4011,HUL-10C120P24659,NA
L,Atmiya Provision Store,P4012,Sundry Debtor,Assets,null,55 Sant Tukaram Society Part 2 Sima Nagar Surat,Gujarat 395009 India,,Billwise,P4012,HUL-10C120P24662,NA
L,Mahavir,P4013,Sundry Debtor,Assets,null,Shankheshwar complex above Maruti Gym Vijay Naga,r Rang Nagar Amroli Surat Gujarat 394107 Indi,a,Billwise,P4013,HUL-10C120P24663,NA
L,Siv Sakti Madical,P4014,Sundry Debtor,Assets,null,GROUND FLOOR JAY AMBE COMPLEX Near JAIN DERASAR,Amroli Char Rasta Rang Nagar Amroli Surat Guj,Arat 394107 India,Billwise,P4014,HUL-10C120P24664,NA
L,Shri Bheru Nath Dairy And General Store,P4015,Sundry Debtor,Assets,null,3 Bhagu Nagar-1 Amroli Surat Gujarat 394107 I,ndia,,Billwise,P4015,HUL-10C120P24665,NA
L,Jay Jalaram Kirana,P4016,Sundry Debtor,Assets,null,80 Nilkanth Society Amroli Surat Gujarat 39410,7 India,80 Nilkanth Society Amroli Surat,Billwise,P4016,HUL-10C120P24666,NA
L,Shree Danaji General Store,P4017,Sundry Debtor,Assets,null,Vaishnodevi App.Opp.Rajwadi Party Plot,New Kosad Road,Amroli,Billwise,P4017,HUL-10C120P24668,NA
L,Subham Madical &amp; Ganral Stor,P4018,Sundry Debtor,Assets,null,GROUND FLOOR SHOP NUMBER 3 RIDHAM INDUSTRIAL PLO,T NUMBER 17 Sai Ashish Society KOSAD Bharthana,Surat Gujarat 394107 India,Billwise,P4018,HUL-10C120P24669,NA
L,Jay Khodiyar Super Stor,P4019,Sundry Debtor,Assets,null,447 Reliance Nagar Amroli Surat Gujarat 394107,India,,Billwise,P4019,HUL-10C120P24670,NA
L,SaiNath Kariyana Store,P4020,Sundry Debtor,Assets,null,Shop no 20 Kosad housing Chhaprabhatha Rd Relia,nce Nagar Amroli Surat Gujarat 394107 India,,Billwise,P4020,HUL-10C120P24671,NA
L,Kodiyar Kanral Stor,P4021,Sundry Debtor,Assets,null,panchsilla sky 21 Hazira-Sayan Rd opp. jodhal p,etrol pump Chapprabhatta Variav Surat Gujarat,394520 India,Billwise,P4021,HUL-10C120P24674,NA
L,Ramdev Kariyana,P4022,Sundry Debtor,Assets,null,Shop no.7 orange residency DD sports srcal ne sam,e Rivanta garden city Chapprabhatta Variav Sura,t Gujarat 394520 India,Billwise,P4022,HUL-10C120P24675,NA
L,KHUSHBU SABU DEEP,P4023,Sundry Debtor,Assets,null,G-4 Orange Apartment Hazira Rd Chapprabhatta V,ariav Surat Gujarat 394520 India,,Billwise,P4023,HUL-10C120P24676,NA
L,Mahasivam Likvit,P4024,Sundry Debtor,Assets,null,G-9 PMB Mall Chapprabhatta Ganeshpura Surat G,ujarat 394520 India,,Billwise,P4024,HUL-10C120P24678,NA
L,Bherunath,P4025,Sundry Debtor,Assets,null,Lake Viey 3 New Kosad Rd Kosad Surat Gujarat,394107 India,,Billwise,P4025,HUL-10C120P24680,NA
L,AKANKSHA MEDICAL &amp; GEN STORE-D-D-D-D,P4026,Sundry Debtor,Assets,null,32-AAGAM ORCHID,NR BALAJI MEDICAL,VESU,Billwise,P787,HUL-134733D-P6844,0000
L,THE TALAD GROUP CO.OPE.COTTON SELL SOC.D,P4027,Sundry Debtor,Assets,null,Nare Ison Madir,Jagipur,Surat,Billwise,P3057,HUL-10B234D-P21784,1
L,SHREE SACCHIYAY PLASTIC-D,P4028,Sundry Debtor,Assets,dlalwani1969@gmail.com,Shop.8.Rutuvan Complex Opp Axis Bank Gangeshwar,Mandir RoadAdajan Surat,ANAND MAJAL GANGESHWAR MANDIR ROAD,Billwise,P1738,HUL-10B234D-P19199,1
L,Maa Khodal Medical And General Stores,P4029,Sundry Debtor,Assets,null,662 Pragati Nagar Near Ganeshpura Primary School G,Amroli Surat Gujarat 394107 India Surat Gujarat,,Billwise,P4029,HUL-10C711P4029,266216
L,MEDICO POINT,P4030,Sundry Debtor,Assets,null,G 29Raj Corner Opp Vasu Pujya Residency Near LP Sa,Main Rd Opp. Pal Gam Pal Gam Surat Gujarat 394510,,Billwise,P4030,HUL-10C711P4030,GJ-SUR-211748
L,VARNAM VENTURA GLOBAL LLP (NAMH WELLNESS ),P4031,Sundry Debtor,Assets,null,5QMG+MGM Park Arena Rd Adajan Gam Surat Gujara,T 394510 India Namh Wellness Pal Surat Gujarat,,Billwise,P4031,HUL-10C711P4031,GJ-SUR-263273
L,Pooja Kirana Store,P4032,Sundry Debtor,Assets,yadavsatyam7771@gmail.com,Viraj Residency Shop Number,2 ChhapraBhata Vatsalya Villa,Baba Sitaram Surat GUJARAT,Billwise,P4032,HUL-10C711P4032,1
L,R J SUPER STORE,P4033,Sundry Debtor,Assets,null,4QRH+685 Vesu Surat Gujarat 395007 India,VIP HITS,KRSNA SUPER MM BROTHER,Billwise,P4033,HUL-10C711P4033,CTTPM1173N
L,Shiv Shakti Bakery &amp; Namkeen,P4034,Sundry Debtor,Assets,null,Swaminarayan Mahila Mandir Sheri Near Dabholi Cha,,Katargam Surat Gujarat 395004 India,Billwise,P4034,HUL-10C711P4034,CCOPD2387M
L,R.CHIMANLAL LAPSIWALA,P4035,Sundry Debtor,Assets,null,SHOP NO 12 GROUNG FLOOR,SWAGAT BUSUNESS HUM,ICHHAPUR ROAD,Billwise,P3068,HUL-10B234D-P21551,1
L,SUGAM MEDICAL STORES,P4036,Sundry Debtor,Assets,null,2 Rander Rd Ankur Shopping Center Vi.-1 Jalara M S,Himgiri Society Palanpur Patia Surat Gujarat 39500,,Billwise,P4036,HUL-10C711P4036,263492
L,BAJAJ TRADERS &amp; TOBACO,P4037,Sundry Debtor,Assets,null,SHREE RAM CHOKDI,SAYAN ROAD,AMROLI,Billwise,P3050,HUL-134489D-P4205,UNREGISTER
L,VARIETY DEPARTMENTAL STORES,P4038,Sundry Debtor,Assets,null,A-910 TAPI DARSHAN SOC,CAUSWAY ROAD,SINGANPORE,Billwise,P3050,HUL-134489D-P4205,UNREGISTER
L,MAHAVIR TRADERS,P4039,Sundry Debtor,Assets,null,PLOT NO 22,TRIBHOVAN NAGAR SOC,VED ROAD,Billwise,P3050,HUL-134489D-P4205,UNREGISTER
L,SURAT WHOLESALE MART,P4040,Sundry Debtor,Assets,null,SHOP NO 12 NIRMA APP.,BESIDE LAKDA NI VAKHAR,PUMPING CIRCLE TO ASARA WALA HOSPITAL MAIN ROAD,Billwise,P3050,HUL-134489D-P4205,UNREGISTER
L,DURGA TRADING,P4041,Sundry Debtor,Assets,null,SHOP N0.23 NEAR LAKDA,RAM NAGAR MAIN ROAD,RANDER,Billwise,P3050,HUL-134489D-P4205,UNREGISTER
L,ASHAPURA CHEMIST,P4042,Sundry Debtor,Assets,null,Shop No G21 Someswara Anclaw Bhimrad-Althan Rd Sur,395007 Canal Road Bhimrad Althan Surat Surat Gujar,,Billwise,P4042,HUL-10C711P4042,135441
L,OHM SHREE MEDICALSTORES(SMART)-D-D-D-D-D-D,P4043,Sundry Debtor,Assets,null,2-SYAMAPPTGODDODRD.,NR-ABNAMROBANK,NA,Billwise,P816,HUL-132638D-P1300,***********
L,ALPESH TRADERS,P4044,Sundry Debtor,Assets,null,SHOP NO1. JYPTI APPARTMENT,B/H PARAS POLICE CHOKI,KATARGAM,Billwise,P3050,HUL-134489D-P4205,UNREGISTER
L,Galaxy Chemist,P4045,Sundry Debtor,Assets,null,3 Time Galaxy Near D Mart Jahagirabad N Society,Maltiplex Dahin Nagar Surat Gujarat 395005 India S,,Billwise,P4045,HUL-10C711P4045,262646
L,METRO CHEMIST-D-D-D-D-D,P4046,Sundry Debtor,Assets,null,SHOP NO-16 PARTH SHOPING CENTER,ASHIRWAD RESIDENCY,NEW CITI LIGHT RD. BESIDE NEW UMIYA TRADING,Billwise,P698,HUL-133172D-P3380,UNREGISTERED
L,BAJRANG NOVELTY &amp; STATIONARY-D,P4047,Sundry Debtor,Assets,null,A2 Shop No.22 Prasidhdhi Apartment Piplod Surat Sa,Society Piplod Surat Gujarat 395007 India Surat Gu,,Billwise,P1051,HUL-10B812D-P23669,865964364047
L,DHARMESH STORE-D-D-D-D-D-D,P4048,Sundry Debtor,Assets,null,SHOP-007 DHARMESH APP.OPP.PICNIC FOOD BAZAR,GHOD DOD ROAD,SURAT,Billwise,P3025,HUL-132638D-D0227,24220300345
L,MAA BHAVANI KARIYANA STORE,P4049,Sundry Debtor,Assets,null,7V64+6CG Kosad Surat Gujarat 394107 India,SAI LIGHT,,Billwise,P4049,HUL-10C711P4049,NA
L,NIDDHI GENERAL STORE,P4050,Sundry Debtor,Assets,null,Shop No.3Vishram Bilding,Manshukhlal Tower,Opp.Dhiraj SonsSurat,Billwise,P4050,HUL-10C711P4050,BJXPG3725R
L,Shree Ram Medical,P4051,Sundry Debtor,Assets,null,5Q4H+MC9 Piplod Main Road Saraswat Nagar Society,Piplod Surat Gujarat 395007 India,,Billwise,P4051,HUL-10C711P4051,NA
L,ASHOK MEDICAL AND COSMETIC,P4052,Sundry Debtor,Assets,null,SHOP NO 25-26SAMARPAN HEIGHTS,VAISHNODEVI ROADJAHANGIRPURA,SURATGUJRAT,Billwise,P1380,HUL-10C120P24290,NA
L,DEVRAJ CHEMIST,P4053,Sundry Debtor,Assets,null,7 Aashram Faliu Mora Gam Chorashi,Gujarat 394517 India,,Billwise,P4053,HUL-10C711P4053,260620
L,Vikas bakery and dairy,P4054,Sundry Debtor,Assets,null,Shop 6 Rushika appt opp bhagwati darshan,Uma bhavan Bhatar roadsurat,,Billwise,P4054,HUL-10C711P4054,1
L,SHREE RAMDEV MEDICAL AND GENERAL STORE,P4055,Sundry Debtor,Assets,null,26 Maa Krupa Krishna Nagar Society Krishna Nagar,Ichchhapor Limla Gujarat 394510 India,,Billwise,P4055,HUL-10C711P4055,262620
L,Om Medical,P4056,Sundry Debtor,Assets,null,Block 2 291 Ambika Nagar Society Hariom Society,Katargam Surat Gujarat 395004 India,,Billwise,P4056,HUL-10C711P4056,AQLPL9847M
L,MODI SONS (SMART)-D-D-D-D-D-D,P4057,Sundry Debtor,Assets,null,SHOP-7/8 PRAKASH SOC.,NRATHWA ZONE,ATHWALINS,Billwise,P1877,HUL-132638D-P1131,24220300152
L,SHREE SHYAM MEDICALS,P4058,Sundry Debtor,Assets,shreeshyammedicals1@gmail.com,36 Times World Bhimrad Althan,Surat Gujarat 395007,,Billwise,P4058,HUL-10C711P4058,CPGPA7077E
L,AKSHAR INTERNATIONAL ( PRAMUKH MASALA),P4059,Sundry Debtor,Assets,null,15 Ramkutir Apartment,Anand Mahel Road,Gangeshwar Mahadev Temple Adajan,Billwise,P4059,HUL-10C711P4059,1
L,S.R COSMETICS,P4060,Sundry Debtor,Assets,null,41.Shop White Stone,Chaprabhadha,Amaroli,Billwise,P4060,HUL-10C711P4060,1
L,KRISHNA GENERAL STORE,P4061,Sundry Debtor,Assets,null,Vaishnodevi Amour 107 Dandi Rd Jahangirabad Da,Hin Nagar Surat Gujarat 395005 India,,Billwise,P4061,HUL-10C711P4061,BYIPC9135K
L,NIMBESHWAR PHARMACY,P4062,Sundry Debtor,Assets,null,5MG4+F73 Suvali Rd Mora Tekra Hazira Rajgari,Gujarat 394517 India,,Billwise,P4062,HUL-10C711P4062,NA
L,MADHAV PHARMACY,P4063,Sundry Debtor,Assets,null,Shreenathji Farsan L7govindjipark App Umra Gam A,Athwa Surat Gujarat 395007 India,Nr Mather Medical,Billwise,P4063,HUL-10C711P4063,266911
L,CHAMUNDA SUPER STORE-D,P4064,Sundry Debtor,Assets,null,Chandnichcok,NANDANI PARK,Umara,Billwise,P3033,HUL-10A176D-P62623,1
L,TAPOVAN STORES-D-D-D-D-D,P4065,Sundry Debtor,Assets,null,TAPOVAN COLANY NR INDANA,SUVALI ROADMORASURAT,,Billwise,P3030,HUL-134493D-P5697,0000
L,BEAUTY WORLD,P4066,Sundry Debtor,Assets,null,Prime Arcade M- 441 Anand Mahal Rd Adajan Gam,Adajan Surat Gujarat 395009 India,,Billwise,P1377,HUL-10C120P24282,NA
L,DIMPLE NOVELTY STORE-D-D-D-D-D,P4067,Sundry Debtor,Assets,null,PLOT.NO.81,M-42OFFIRA BUSINESS HUB,OPP.BHAGWAN MAHAVIR COLLEGE,Billwise,P26,HUL-133172D-P20465,NA
L,SHREE BALAJI MEDICAL &amp; GENERAL STORE,P4068,Sundry Debtor,Assets,null,Ganesh Kripa 86 Ugat Canal Rd Sant Crystal Aven,Ue Palanpur Surat Gujarat 395009 India,NER HARE KRISHNA SUPER STORE,Billwise,P1243,HUL-10C120P23914,7862014968_QR_CODE
L,BHAGWATI TRADERS,P4069,Sundry Debtor,Assets,null,2 Shantideep Rd Adajan Gam L.P.Savani Surat G,ujarat 394510 India,,Billwise,P4069,HUL-10C711P4069,NA
L,ARHAM SUPER STORES,P4070,Sundry Debtor,Assets,null,F-1Indradhanush Complex Opp. Dharmaraj Suzuki K,Rishna Nagar Society Choksi Wadi Adajan Patiya,Surat Gujarat 395009 India,Billwise,P4070,HUL-10C711P4070,BREPK9459F
L,SIDDHI VINAYAK PHARMA,P4071,Sundry Debtor,Assets,null,New Gujarat Industrial Development Corporation 01,New GIDC Gidc Industrial Estate Katargam Sura,t Gujarat 395008 India,Billwise,P4071,HUL-10C711P4071,NA
L,JAGANNATH MEDICAL STORE,P4072,Sundry Debtor,Assets,null,Narmada Complex II Katargam Rd near GIDC Road,Fulapada New GIDC Old GIDC Katargam Surat Guj,arat 395008 India,Billwise,P4072,HUL-10C711P4072,NA
L,AADIL SAIYED,P4073,Sundry Debtor,Assets,null,masjid 3456 bus stop road near khidmat nagar o ppo,GENERAL STORE Khidmat Nagar Rander Surat Gujarat 3,,Billwise,P4073,HUL-10C711P4073,263210
L,BALAJI  SUPER STORE,P4074,Sundry Debtor,Assets,null,Shop.No.GF 63Massimo Complex,Near Metro Station Bhimrad Canal Road,Althan Surat,Billwise,P4074,HUL-10C711P4074,JXOPM2752R
L,NILKANTH MEDICAL,P4075,Sundry Debtor,Assets,null,Shop No 21 Euphoria Gauravpath Road Palanpur,Surat Gujarat,Surat,Billwise,P4075,HUL-10C711P4075,NA
L,Z&amp;Z,P4076,Sundry Debtor,Assets,null,6QGR+JMR Bharucha Nagar Society Reva Nagar Rand,er Surat Gujarat 395005 India,India,Billwise,P4076,HUL-10C711P4076,BHFPP7944D
L,Shiv Backry,P4077,Sundry Debtor,Assets,null,6QHG+CGC Prabhudarshan Society Dahin Nagar Sura,t Gujarat 395005 India,Shubham Height,Billwise,P4077,HUL-10C711P4077,EKYPG1573C
L,Mahadev Super Store,P4078,Sundry Debtor,Assets,null,4Q8C+54F Abhva Gam Surat Gujarat 395007 India,,,Billwise,P4078,HUL-10C711P4078,IKOPM8644E
L,SHIV MEDICAL,P4079,Sundry Debtor,Assets,null,7V34+V4H Sardar Nagar SMC Twp Amroli Surat Gu,Jarat 394107 India,,Billwise,P4079,HUL-10C711P4079,NA
L,Ganesh Super Stor,P4080,Sundry Debtor,Assets,null,22 Sardar Nagar SMC Twp Amroli Surat Gujarat,394107 India,,Billwise,P4080,HUL-10C711P4080,NA
L,Krishna Janral Stor,P4081,Sundry Debtor,Assets,null,7V36+4C9 Kosad Surat Gujarat 394107 India,,,Billwise,P4081,HUL-10C711P4081,NA
L,SHRI RUKMANI MART,P4082,Sundry Debtor,Assets,null,Office 204 2nd Floor Ambrosia Business Hub Besid,Es Times Square VIP Rd Near Vesu Vesu Surat G,Ujarat 395007 India,Billwise,P4082,HUL-10C711P4082,AOFPM1451E
L,BELIEVE INTERNATIONAL LIMITED,P4083,Sundry Debtor,Assets,null,MANGROL,TA-MANGROL DIST : SURAT,SURAT,Billwise,P3050,HUL-134489D-P4205,UNREGISTER
L,ASHISH TRADERS,P4084,Sundry Debtor,Assets,null,2655/1TECHNICAL TO SINDHI CAMP ROAD,B/H MUTHOOT FINANCE,SINDHI CAMP,Billwise,P3050,HUL-134489D-P4205,UNREGISTER
L,ASHISH TRADERS,P4085,Sundry Debtor,Assets,null,SURAT,SURAT,SURAT,Billwise,P79,HUL-10B234D-P28886,1
L,New Shreeji Store,P4086,Sundry Debtor,Assets,null,29 Pal Rd Behind Western City L.P.Savani Sura,t Gujarat 394510 India,,Billwise,P4086,HUL-10C711P4086,BJHPB8882N
L,BALAJI,P4087,Sundry Debtor,Assets,null,Mahalaxmi Hardware &amp; Paints Shop No 13 14 Green A,Risto Plaza Vaishnodevi Canal Road Near D Mart,Jahangir Pura Surat Gujarat 395005 India,Billwise,P4087,HUL-10C711P4087,24ABGFB8919A1ZP
L,Gurudev Medical Store,P4088,Sundry Debtor,Assets,null,Shikhar Residency Near Florence Hospital Krishna,Dham Society Piplod Surat Gujarat 395007 India,,Billwise,P4088,HUL-10C711P4088,KTEPK3450F
L,SBM Backry &amp; Super Store,P4089,Sundry Debtor,Assets,null,Shubham Heights 3 Ugat Canal Rd behind D Mart,Prabhudarshan Society Jahangirabad Dahin Nagar,Surat Gujarat 395005 India,Billwise,P4089,HUL-10C711P4089,CNZPC4556P
L,Shagun store,P4090,Sundry Debtor,Assets,null,Vi .Kanaj  near mahadev temple,,,Billwise,P4090,HUL-10C711P4090,1
L,Shree Shringar,P4091,Sundry Debtor,Assets,null,17 Kavas Surat Hazira Gujarat 394515 India,,,Billwise,P4091,HUL-10C711P4091,NA
L,CARE CHEMIST,P4092,Sundry Debtor,Assets,null,Sitaram Nagar Society Opp. 9 Square Honey Park A,SHOP NOG-7V3-CORNEROPP.9 SQUARE SHOPPING CENTER,HONEY PARK ROADADAJAN(SURAT),Billwise,P1491,HUL-10C120P24647,NA
L,New India Detergent  Ltd,U783,Sundry Creditor,Liabilities,,,,,,,,
L,Ambala Depot,XAMH,Sundry Creditor,Liabilities,,,,,,,,
L,Other Adjustment,Other Adj,Other Income,Income,,,,,,,,
L,Rudraksh Detergent &amp; Chemicals,U085,Sundry Creditor,Liabilities,,,,,,,,
L,ARADHANA FOODS &amp; JUICES PVT LT,UAR,Sundry Creditor,Liabilities,,,,,,,,
L,Jocil Limited,UXZ,Sundry Creditor,Liabilities,,,,,,,,
L,Akhand Anand Co-operative Bank,AACB123456,Bank Group,Assets,,,,,,,,
L,IGST A/C,IGST,Other Expenses,Expenses,,,,,,,,
L,Mahalaxmi Enterprises,CHPH,Sundry Creditor,Liabilities,,,,,,,,
L,HUL-HP-Baddi OOH Unit,U040,Sundry Creditor,Liabilities,,,,,,,,
L,HUL -C/O CHEMEX DETERGENTS,UCW,Sundry Creditor,Liabilities,,,,,,,,
L,S V Rangaswamy &amp; Co Pvt Ltd.,USVR,Sundry Creditor,Liabilities,,,,,,,,
L,JOCIL LIMITED,UGT,Sundry Creditor,Liabilities,,,,,,,,
L,IndusInd Bank,IB12345678,Bank Group,Assets,,,,,,,,
L,Kwality Walls India Ltd.,SVKW,Sundry Creditor,Liabilities,,,,,,,,
L,Khurana Ole Chemicals,UKOC,Sundry Creditor,Liabilities,,,,,,,,
L,PATNA ICD C&amp;FA,PTTH,Sundry Creditor,Liabilities,,,,,,,,
L,FG Import Chennai Debonded Loc,UCO4,Sundry Creditor,Liabilities,,,,,,,,
L,HUL-Tea Exports Divn,U115,Sundry Creditor,Liabilities,,,,,,,,
L,RAIPUR DEPOT,R2IH,Sundry Creditor,Liabilities,,,,,,,,
L,HUL-Assam-NESA  Unit,UTD,Sundry Creditor,Liabilities,,,,,,,,
L,LLPL AMEERPET COCO,AMPL,Sundry Creditor,Liabilities,,,,,,,,
L,LAXMIVINAYAK VENTURES (P) LTD.,UVY,Sundry Creditor,Liabilities,,,,,,,,
L,Sigmex Foods India Private Ltd,HFFG,Sundry Creditor,Liabilities,,,,,,,,
L,HUL-PUNE,U110,Sundry Creditor,Liabilities,,,,,,,,
L,HUL -C/O TEWARI WAREHOUSING CO,U357,Sundry Creditor,Liabilities,,,,,,,,
L,HUL c/o K K Packaging,GSDH,Sundry Creditor,Liabilities,,,,,,,,
L,HUL Goa Port - Bonded,UGOP,Sundry Creditor,Liabilities,,,,,,,,
L,(U070)Guru Detergents &amp;Chemica,U070,Sundry Creditor,Liabilities,,,,,,,,
L,J.V. Gokal - Mollar gate,URJ,Sundry Creditor,Liabilities,,,,,,,,
L,Unilever India Limited,SMRU,Sundry Creditor,Liabilities,,,,,,,,
L,HUL-HP-Nalagarh ICD Unit,U049,Sundry Creditor,Liabilities,,,,,,,,
L,HLL Cochin Port - Bonded,UCOP,Sundry Creditor,Liabilities,,,,,,,,
L,HUL- Bhagwati logistics,JAMH,Sundry Creditor,Liabilities,,,,,,,,
L,HUL2 -Chennai Depot,MASH,Sundry Creditor,Liabilities,,,,,,,,
L,HUL Karnataka MangaloreUAUR,UAUR,Sundry Creditor,Liabilities,,,,,,,,
L,HUL - Daman Dets Factory,UDH,Sundry Creditor,Liabilities,,,,,,,,
L,The Surat Mercantile Co-operative Bank,TSMCB12345,Bank Group,Assets,,,,,,,,
L,Unilever India Exports Limited,UGE,Sundry Creditor,Liabilities,,,,,,,,
L,WELLBRINES CHEMICALS PVT LTD,UWC,Sundry Creditor,Liabilities,,,,,,,,
L,Hindustan Unilever Limited,UKN,Sundry Creditor,Liabilities,,,,,,,,
L,Dindigul DD depot C/o Naga,DNMH,Sundry Creditor,Liabilities,,,,,,,,
L,HUL-Uttranchal-PP Talc Unit,UTM,Sundry Creditor,Liabilities,,,,,,,,
L,LLPL KHAR WEST COCO,KHWL,Sundry Creditor,Liabilities,,,,,,,,
L,HLL Mumbai Port - Bonded,UMOP,Sundry Creditor,Liabilities,,,,,,,,
L,HUL-Tamilnadu-TASTY FOODS,U151,Sundry Creditor,Liabilities,,,,,,,,
L,Lucknow Depot,XLKH,Sundry Creditor,Liabilities,,,,,,,,
L,Kolkata ICD C&amp;FA,WBKW,Sundry Creditor,Liabilities,,,,,,,,
L,Uttarakhand - Mould location,UUK,Sundry Creditor,Liabilities,,,,,,,,
L,LLPL Ghodbunder Road COCO,GBRL,Sundry Creditor,Liabilities,,,,,,,,
L,UIEL Kandla DB,U565,Sundry Creditor,Liabilities,,,,,,,,
L,LLPL NOIDA 18 COCO,S18L,Sundry Creditor,Liabilities,,,,,,,,
L,Aradhana Foods and Juices Pvt,UOC,Sundry Creditor,Liabilities,,,,,,,,
L,OPENING STOCK A/C,OP01,Other Expenses,Expenses,,,,,,,,
L,HUL-Mumbai HO,UHO,Sundry Creditor,Liabilities,,,,,,,,
L,Sitashree Food Products Ltd,UIB,Sundry Creditor,Liabilities,,,,,,,,
L,LLPL CG ROAD COCO,CGRL,Sundry Creditor,Liabilities,,,,,,,,
L,LINFOX Logistics India Ltd,GHLL,Sundry Creditor,Liabilities,,,,,,,,
L,HUL-Punjab-Rajpura Dets Unit,URA,Sundry Creditor,Liabilities,,,,,,,,
L,SAMADHAN Depot,MMSH,Sundry Creditor,Liabilities,,,,,,,,
L,Unilever Industries Pvt Ltd,UAK,Sundry Creditor,Liabilities,,,,,,,,
L,Laxmi Agro Industrial Consulta,U076,Sundry Creditor,Liabilities,,,,,,,,
L,R.M. Chemicals Pvt. Ltd.,URAQ,Sundry Creditor,Liabilities,,,,,,,,
L,HUL -C/O Yodeva Plastics Pvt.,UYP,Sundry Creditor,Liabilities,,,,,,,,
L,Hindustan Unilever Ltd,U824,Sundry Creditor,Liabilities,,,,,,,,
L,Jaipur DC,JPRH,Sundry Creditor,Liabilities,,,,,,,,
L,TDS A/c,TDS A/c,Cash Group,Assets,,,,,,,,
L,HLL Kandla Port - Bonded,UKAN,Sundry Creditor,Liabilities,,,,,,,,
L,MAGIC FOODS INDIA PVT. LTD,UMU,Sundry Creditor,Liabilities,,,,,,,,
L,Nagpur All India Buffer - HUL,NGHH,Sundry Creditor,Liabilities,,,,,,,,
L,RONCH POLYMERS PRIVATE LIMITED,URD,Sundry Creditor,Liabilities,,,,,,,,
L,LINFOX LOGISTICS IND P,KBWH,Sundry Creditor,Liabilities,,,,,,,,
L,HUB Depot,DSMH,Sundry Creditor,Liabilities,,,,,,,,
L,Hindustan Unilever Ltd (U078),U078,Sundry Creditor,Liabilities,,,,,,,,
L,Krauter Healthcare Limited,U596,Sundry Creditor,Liabilities,,,,,,,,
L,RAIPUR DEPOT,XRPH,Sundry Creditor,Liabilities,,,,,,,,
L,HUL Karnataka Shakthi Enterp,U309,Sundry Creditor,Liabilities,,,,,,,,
L,LLPL Lajpat Nagar COCO,LPNL,Sundry Creditor,Liabilities,,,,,,,,
L,Uttaranchal Color in Water,U571,Sundry Creditor,Liabilities,,,,,,,,
L,HUL-Kerala-Tatapuram Unit,UTP,Sundry Creditor,Liabilities,,,,,,,,
L,VETRI PRESSING PLASTICS COMP,UOF,Sundry Creditor,Liabilities,,,,,,,,
L,North Kitting,KHGH,Sundry Creditor,Liabilities,,,,,,,,
L,HINDUSTAN UNILEVER LTD,UKR,Sundry Creditor,Liabilities,,,,,,,,
L,RISIVEDA HERBAL PRODUCTS PVT,U599,Sundry Creditor,Liabilities,,,,,,,,
L,HLL Kandla Port - Bonded,UGOA,Sundry Creditor,Liabilities,,,,,,,,
L,INDORE DEPOT,I2DH,Sundry Creditor,Liabilities,,,,,,,,
L,HUL -C/O R.R.Omerbhoy Private,U525,Sundry Creditor,Liabilities,,,,,,,,
L,Icon Household Prod. Pvt.Ltd,UIP,Sundry Creditor,Liabilities,,,,,,,,
L,WCHH Western CarriersHyderbad,WCHH,Sundry Creditor,Liabilities,,,,,,,,
L,Kolkata Regional Office,2,Sundry Creditor,Liabilities,,,,,,,,
L,KCLPL C/O  Esquire Health Care,UA5,Sundry Creditor,Liabilities,,,,,,,,
L,Hindustan Unilever Ltd,U828,Sundry Creditor,Liabilities,,,,,,,,
L,HUL North Kitting,U542,Sundry Creditor,Liabilities,,,,,,,,
L,NAGPUR (JIT) DEPOT,NAGH,Sundry Creditor,Liabilities,,,,,,,,
L,SHANI HPC C&amp;FA,MOGH,Sundry Creditor,Liabilities,,,,,,,,
L,Voles L&amp;P Industries,VADH,Sundry Creditor,Liabilities,,,,,,,,
L,Hindustan Unilever Limited,SMRH,Sundry Creditor,Liabilities,,,,,,,,
L,HUL-Bengal-KPF Tea Unit,U025,Sundry Creditor,Liabilities,,,,,,,,
L,LLPL PUTTANAHALLI COCO,JP7L,Sundry Creditor,Liabilities,,,,,,,,
L,VIJAYWADA DEPOT,XVJH,Sundry Creditor,Liabilities,,,,,,,,
L,Nagpur ICD Depot,NGKW,Sundry Creditor,Liabilities,,,,,,,,
L,Lakme Lever Ltd,U082,Sundry Creditor,Liabilities,,,,,,,,
L,HUL-Tamilnadu-Naga Ltd.,UNM,Sundry Creditor,Liabilities,,,,,,,,
L,DCB Bank,DCB1234567,Bank Group,Assets,,,,,,,,
L,UIEL -C/O Blend Pack,U343,Sundry Creditor,Liabilities,,,,,,,,
L,Federal Bank,FB12345678,Bank Group,Assets,,,,,,,,
L,CFA logistics India,S2BH,Sundry Creditor,Liabilities,,,,,,,,
L,D J CHEMICALS,UGOD,Sundry Creditor,Liabilities,,,,,,,,
L,Hindustan Unilever Limited,CBNH,Sundry Creditor,Liabilities,,,,,,,,
L,HUL - Daman TOCDL Factory,UTCD,Sundry Creditor,Liabilities,,,,,,,,
L,Symega Savoury Technology  Ltd,U591,Sundry Creditor,Liabilities,,,,,,,,
L,Alliance India,U568,Sundry Creditor,Liabilities,,,,,,,,
L,UnileverIndia Exports Ltd,UCOM,Sundry Creditor,Liabilities,,,,,,,,
L,Kanpur Damage Depot,K2DH,Sundry Creditor,Liabilities,,,,,,,,
L,Avalon Cosmetics Pvt Ltd,UAVL,Sundry Creditor,Liabilities,,,,,,,,
L,Linfox Logistics (I) Pvt Ltd.,KBNH,Sundry Creditor,Liabilities,,,,,,,,
L,Kewalraj &amp; Co.,UKW,Sundry Creditor,Liabilities,,,,,,,,
L,Hindustan Unilever  Ltd,HY2H,Sundry Creditor,Liabilities,,,,,,,,
L,ORICLEAN PRIVATE LIMITED.,UOJ,Sundry Creditor,Liabilities,,,,,,,,
L,GHAZIABAD DEPOT,GHDH,Sundry Creditor,Liabilities,,,,,,,,
L,M/S Hindustaan Unilever Ltd.,U057,Sundry Creditor,Liabilities,,,,,,,,
L,HUL-Tamilnadu-RM Mani,U335,Sundry Creditor,Liabilities,,,,,,,,
L,COIMBATORE C&amp;FA,CB1H,Sundry Creditor,Liabilities,,,,,,,,
L,HUL - Cochin Exports Factory,U107,Sundry Creditor,Liabilities,,,,,,,,
L,Jayant Ellora Food Products,UJAY,Sundry Creditor,Liabilities,,,,,,,,
L,UIPL Mumbai  Bond,U547,Sundry Creditor,Liabilities,,,,,,,,
L,CESS A/C,C01,Other Expenses,Expenses,,,,,,,,
L,Century Chemicals,U497,Sundry Creditor,Liabilities,,,,,,,,
L,M/s. Lifox Logistics India (P),URU,Sundry Creditor,Liabilities,,,,,,,,
L,Antriksh Capital Services P,UBI,Sundry Creditor,Liabilities,,,,,,,,
L,K.K.Packaging,MMBH,Sundry Creditor,Liabilities,,,,,,,,
L,K. K. Enterprises,UA2,Sundry Creditor,Liabilities,,,,,,,,
L,LLPL  Mumbai  DB,U554,Sundry Creditor,Liabilities,,,,,,,,
L,Exel India P Ltd,HY2I,Sundry Creditor,Liabilities,,,,,,,,
L,Indo Brine Industries Ltd,U478,Sundry Creditor,Liabilities,,,,,,,,
L,GURGOA CFA,GURH,Sundry Creditor,Liabilities,,,,,,,,
L,HUL-Maharashtra-Chiplun Unit,UTV,Sundry Creditor,Liabilities,,,,,,,,
L,Western Superfresh Corporation,IMUH,Sundry Creditor,Liabilities,,,,,,,,
L,Jalpaiguri TBU (HUL-Tea),UJLP,Sundry Creditor,Liabilities,,,,,,,,
L,NBF Kitting,KNBH,Sundry Creditor,Liabilities,,,,,,,,
L,G.K. Dairy &amp; Milk Products Pvt,UNY,Sundry Creditor,Liabilities,,,,,,,,
L,Maharashtra- Mould location,UMH,Sundry Creditor,Liabilities,,,,,,,,
L,Hindustan Unilever Ltd,KPRH,Sundry Creditor,Liabilities,,,,,,,,
L,PARWANOO DEPOT,PARH,Sundry Creditor,Liabilities,,,,,,,,
L,Earnest Warehousing godown(PP),U577,Sundry Creditor,Liabilities,,,,,,,,
L,Hindustan Unilever Ltd,HARH,Sundry Creditor,Liabilities,,,,,,,,
L,HUL-Goa,UGA,Sundry Creditor,Liabilities,,,,,,,,
L,IPF VIKRAM INDIA  LTD.  Unit-2,UVL,Sundry Creditor,Liabilities,,,,,,,,
L,HINDUSTAN UNILEVER LTD,UHSS,Sundry Creditor,Liabilities,,,,,,,,
L,UIEL Chennai DB,U561,Sundry Creditor,Liabilities,,,,,,,,
L,LLPL PASHAN PUNE COCO,PSNL,Sundry Creditor,Liabilities,,,,,,,,
L,Shakti Enterprises,U593,Sundry Creditor,Liabilities,,,,,,,,
L,Siliguri ICD DC,SLKW,Sundry Creditor,Liabilities,,,,,,,,
L,Hindustan Unilever Ltd.,KBLH,Sundry Creditor,Liabilities,,,,,,,,
L,Claim A/c,Claim,Other Income,Income,,,,,,,,
L,TASTY BITE EATABLES LTD.,UTBE,Sundry Creditor,Liabilities,,,,,,,,
L,HUL -C/O Shashi Kiran Print &amp;,U344,Sundry Creditor,Liabilities,,,,,,,,
L,HYDRABAD C&amp;FA (ICD),HYDH,Sundry Creditor,Liabilities,,,,,,,,
L,RED OAKS TEA WAREHOUSE,U109,Sundry Creditor,Liabilities,,,,,,,,
L,Siliguri TBU (HUL-Tea),USLG,Sundry Creditor,Liabilities,,,,,,,,
L,Jaipur Depot,XJPH,Sundry Creditor,Liabilities,,,,,,,,
L,HUL -C/O Vaishnavi Kosmeticos,UVM,Sundry Creditor,Liabilities,,,,,,,,
L,HUL -C/O MAPRO FOODS PVT LTD,U524,Sundry Creditor,Liabilities,,,,,,,,
L,GOA DEPOT,GOAH,Sundry Creditor,Liabilities,,,,,,,,
L,KCLPL C/o Mann feeds Private L,U061,Sundry Creditor,Liabilities,,,,,,,,
L,Hindustan Unilever ltd.,VASH,Sundry Creditor,Liabilities,,,,,,,,
L,LLPL MALVIYA NAGAR COCO,MLVL,Sundry Creditor,Liabilities,,,,,,,,
L,SGST A/C,SGST,Other Expenses,Expenses,,,,,,,,
L,PRIME HEALTH CARE PRODUCTS,UPR,Sundry Creditor,Liabilities,,,,,,,,
L,UTTARANCHAL PP COLOUR EXPORT,U797,Sundry Creditor,Liabilities,,,,,,,,
L,Aquagel-Head office,UAT,Sundry Creditor,Liabilities,,,,,,,,
L,Unilever India Exports Limited,DL2H,Sundry Creditor,Liabilities,,,,,,,,
L,Yes Bank,YES1234567,Bank Group,Assets,,,,,,,,
L,JAMMU DEPOT,JMUH,Sundry Creditor,Liabilities,,,,,,,,
L,Jawaharlal Nehru PortTrust DP,UMO3,Sundry Creditor,Liabilities,,,,,,,,
L,Vijawada  C&amp;FA(ICD),VJKW,Sundry Creditor,Liabilities,,,,,,,,
L,Jayshree Tea &amp; Industries Ltd.,URI,Sundry Creditor,Liabilities,,,,,,,,
L,HINDUSTAN UNILEVER LIMITED,UCOE,Sundry Creditor,Liabilities,,,,,,,,
L,Johrat Salt depot,JHTH,Sundry Creditor,Liabilities,,,,,,,,
L,HUL -C/O Tata Chemicals Ltd,UTAT,Sundry Creditor,Liabilities,,,,,,,,
L,RANCHI HPC C&amp;FA,RCHH,Sundry Creditor,Liabilities,,,,,,,,
L,HUL-Uttranchal-PP  CLS Unit,UTH,Sundry Creditor,Liabilities,,,,,,,,
L,Hindustan Unilever Ltd (U590),U590,Sundry Creditor,Liabilities,,,,,,,,
L,UIEL Kandla Bond,U564,Sundry Creditor,Liabilities,,,,,,,,
L,LLPL RICHMOND ROAD COCO,RCRL,Sundry Creditor,Liabilities,,,,,,,,
L,NK Quick Beverges,UNU,Sundry Creditor,Liabilities,,,,,,,,
L,Round Off A/c,Round Off,Other Expenses,Expenses,,,,,,,,
L,Um Khona &amp; Co,UXI,Sundry Creditor,Liabilities,,,,,,,,
L,VIKRAM URETHANE PVT. LTD.,UXY,Sundry Creditor,Liabilities,,,,,,,,
L,Hindustan Unilever Ltd,U823,Sundry Creditor,Liabilities,,,,,,,,
L,HUL Hassangarh Khushi  Depot,HRKH,Sundry Creditor,Liabilities,,,,,,,,
L,UIEL Maharashtra PuneTeaExprt,U125,Sundry Creditor,Liabilities,,,,,,,,
L,IPF -VIKRAM INDIA LTD,UIA,Sundry Creditor,Liabilities,,,,,,,,
L,Shree Om Sukra Agency,MDDH,Sundry Creditor,Liabilities,,,,,,,,
L,Shree Soaps &amp; Chemicals 2P fty,UKL,Sundry Creditor,Liabilities,,,,,,,,
L,HUL Pudducherry PondyDets,UPY,Sundry Creditor,Liabilities,,,,,,,,
L,Super Salt Refinery Pvt Ltd,U494,Sundry Creditor,Liabilities,,,,,,,,
L,HUL -C/O Creative Product Ltd,UCR,Sundry Creditor,Liabilities,,,,,,,,
L,Sumerpur Blown UIL,U841,Sundry Creditor,Liabilities,,,,,,,,
L,NESA CLS 3,U535,Sundry Creditor,Liabilities,,,,,,,,
L,Chennai Depot (MDR),MDRH,Sundry Creditor,Liabilities,,,,,,,,
L,Hindustan Foods Limited,U785,Sundry Creditor,Liabilities,,,,,,,,
L,CLEAR PLASTICS PVT.LTD.,UXC,Sundry Creditor,Liabilities,,,,,,,,
L,Prime Co-operative Bank,PCB1234567,Bank Group,Assets,,,,,,,,
L,Kotak Mahindra Bank,KMB1234567,Bank Group,Assets,,,,,,,,
L,HUL PATNA DEPOT 2,PTNH,Sundry Creditor,Liabilities,,,,,,,,
L,HUL C/O Earnest Godown,UPYS,Sundry Creditor,Liabilities,,,,,,,,
L,M/s Shree Siddhivinayaka Agro,USVA,Sundry Creditor,Liabilities,,,,,,,,
L,HUL-Karnataka-SLN Coffee,UMS,Sundry Creditor,Liabilities,,,,,,,,
L,Silchar Depot,SLRH,Sundry Creditor,Liabilities,,,,,,,,
L,NE POUCH PACK PVT LTD,U300,Sundry Creditor,Liabilities,,,,,,,,
L,UIEL Mandideep,U155,Sundry Creditor,Liabilities,,,,,,,,
L,RANCHI DEPOT,XRNH,Sundry Creditor,Liabilities,,,,,,,,
L,FG Import Chennai Bond Locatio,UCO3,Sundry Creditor,Liabilities,,,,,,,,
L,Alfa Packaging,UAP,Sundry Creditor,Liabilities,,,,,,,,
L,Arun Plasto Moulders ( I ) Pvt,UOE,Sundry Creditor,Liabilities,,,,,,,,
L,LLPL AMANORA COCO,AMNL,Sundry Creditor,Liabilities,,,,,,,,
L,UIEL Mundra DB,U567,Sundry Creditor,Liabilities,,,,,,,,
L,ORICLEAN P LTD UNIT-II,UIO,Sundry Creditor,Liabilities,,,,,,,,
L,SMD Kolkatta,EMDH,Sundry Creditor,Liabilities,,,,,,,,
L,C/O M/s  K.K PACKAGING,U541,Sundry Creditor,Liabilities,,,,,,,,
L,Golcha Talcum &amp; Cosmetics Lt,UGO,Sundry Creditor,Liabilities,,,,,,,,
L,Ronch Polymers Pvt. Ltd.,U077,Sundry Creditor,Liabilities,,,,,,,,
L,Hindustan Unilever Limited,SHRH,Sundry Creditor,Liabilities,,,,,,,,
L,HUL-NETWORK-KOLKATA,HNKH,Sundry Creditor,Liabilities,,,,,,,,
L,Cochin - Duty Paid Depot,UCO2,Sundry Creditor,Liabilities,,,,,,,,
L,HUL Goa Port - Duty Paid,UGO2,Sundry Creditor,Liabilities,,,,,,,,
L,R A Processors,URAP,Sundry Creditor,Liabilities,,,,,,,,
L,Hindustan Unilever Ltd,U827,Sundry Creditor,Liabilities,,,,,,,,
L,Lakme Lever Pvt. Ltd A/c HUL,UAQ,Sundry Creditor,Liabilities,,,,,,,,
L,Khushboo Beauty Care,UKQ,Sundry Creditor,Liabilities,,,,,,,,
L,Surat National Co-operative Bank,SNCB123456,Bank Group,Assets,,,,,,,,
L,MALDA HPC C&amp;FA,MALH,Sundry Creditor,Liabilities,,,,,,,,
L,Pipariya,U487,Sundry Creditor,Liabilities,,,,,,,,
L,SAHYADRI FARMERS PRODUCER,U778,Sundry Creditor,Liabilities,,,,,,,,
L,HUL -C/O PAAM EATABLES LTD.,URH,Sundry Creditor,Liabilities,,,,,,,,
L,HLL Mundra Port - Bonded,UMUN,Sundry Creditor,Liabilities,,,,,,,,
L,HUL Andhra Rayalaseema Glycrn,URL,Sundry Creditor,Liabilities,,,,,,,,
L,HUL-Uttranchal-CLS 2 Unit,UTR,Sundry Creditor,Liabilities,,,,,,,,
L,The Arya Vaidya Pharmacy Ltd,U093,Sundry Creditor,Liabilities,,,,,,,,
L,RAM MOHAN &amp; COMPANY,VIJH,Sundry Creditor,Liabilities,,,,,,,,
L,Delhi Buffer,SIKH,Sundry Creditor,Liabilities,,,,,,,,
L,LLPL NARAINA VIHAR COCO,NRVL,Sundry Creditor,Liabilities,,,,,,,,
L,LLPL NOIDA KIDZENIA COCO,KDZL,Sundry Creditor,Liabilities,,,,,,,,
L,UIPL Mumbai - Nava Sheva Bond,U549,Sundry Creditor,Liabilities,,,,,,,,
L,GSKCH Ltd.(Uluberia Depot),XULH,Sundry Creditor,Liabilities,,,,,,,,
L,HUL (UPN Pondy DPG),UBN,Sundry Creditor,Liabilities,,,,,,,,
L,LLPL Vashi COCO,VSHL,Sundry Creditor,Liabilities,,,,,,,,
L,Sri Ramanaa packaging Pvt.ltd,U573,Sundry Creditor,Liabilities,,,,,,,,
L,Gokul Agro Resources Ltd,U598,Sundry Creditor,Liabilities,,,,,,,,
L,DIFFERENCE A/C,DIF01,Other Expenses,Expenses,,,,,,,,
L,Toc Disinfectants Ltd,UTOR,Sundry Creditor,Liabilities,,,,,,,,
L,Canara Bank,CB12345678,Bank Group,Assets,,,,,,,,
L,Srinivasa Logistics,SECH,Sundry Creditor,Liabilities,,,,,,,,
L,Standard Plastics Pvt.Ltd.,USL,Sundry Creditor,Liabilities,,,,,,,,
L,Prime logistics-Nag buffer,NBFH,Sundry Creditor,Liabilities,,,,,,,,
L,GenPure Zheng Filters Pvt Ltd,UOH,Sundry Creditor,Liabilities,,,,,,,,
L,HSBC Bank,HSBC123456,Bank Group,Assets,,,,,,,,
L,Logistics India (KLIH),KLIH,Sundry Creditor,Liabilities,,,,,,,,
L,Welspun Global Brands Limited,U765,Sundry Creditor,Liabilities,,,,,,,,
L,Cash A/c,Cash A/c,Cash Group,Assets,,,,,,,,
L,Hindustan Unilever Ltd.,I2UH,Sundry Creditor,Liabilities,,,,,,,,
L,IDEAL WAREHOUSING CORPORATION,U529,Sundry Creditor,Liabilities,,,,,,,,
L,AURANGABAD DEPOT,AURH,Sundry Creditor,Liabilities,,,,,,,,
L,Caress Beauty Care Products Pv,UCB,Sundry Creditor,Liabilities,,,,,,,,
L,LLPL 1MG Absolute COCO,OMGL,Sundry Creditor,Liabilities,,,,,,,,
L,VAPI  DEPOT,VAPH,Sundry Creditor,Liabilities,,,,,,,,
L,Hindustan Unilever Ltd,U830,Sundry Creditor,Liabilities,,,,,,,,
L,Scl Abu Road Factory,UAB,Sundry Creditor,Liabilities,,,,,,,,
L,LLPL WILLINGDON CLUB COCO,WLCL,Sundry Creditor,Liabilities,,,,,,,,
L,Hindustan Unilever Ltd,NGRH,Sundry Creditor,Liabilities,,,,,,,,
L,Lakme Lever Ltd,U084,Sundry Creditor,Liabilities,,,,,,,,
L,HUL -C/O J V GOKAL &amp; CO PVT LT,U425,Sundry Creditor,Liabilities,,,,,,,,
L,HUL-C/O Avalon Cosmetics Pvt L,UNVL,Sundry Creditor,Liabilities,,,,,,,,
L,Hindustan Unilever Limited,VJWH,Sundry Creditor,Liabilities,,,,,,,,
L,Lakme Lever Pvt Ltd. Mumbai  B,U553,Sundry Creditor,Liabilities,,,,,,,,
L,Tuglakabad Bonded port,UTUG,Sundry Creditor,Liabilities,,,,,,,,
L,Unilever India Ltd - Head Off,HOMA,Sundry Creditor,Liabilities,,,,,,,,
L,Alliance India,URQ,Sundry Creditor,Liabilities,,,,,,,,
L,Geetha Enterprises,U870,Sundry Creditor,Liabilities,,,,,,,,
L,LLPL BANDRA APS COCO,BABL,Sundry Creditor,Liabilities,,,,,,,,
L,Mangalam Nutritions Pvt Ltd,UMG,Sundry Creditor,Liabilities,,,,,,,,
L,Karur Vysya Bank,KVB1234567,Bank Group,Assets,,,,,,,,
L,Document company RDC Bhiwandi,XBRH,Sundry Creditor,Liabilities,,,,,,,,
L,GODREJ CONSUMER PRODUCTS LIMIT,UGP,Sundry Creditor,Liabilities,,,,,,,,
L,MUMBAI DEPOT,CHNH,Sundry Creditor,Liabilities,,,,,,,,
L,Asian Aerosol Oan Pvt. Ltd.,U570,Sundry Creditor,Liabilities,,,,,,,,
L,TEWARI WAREHOUSING COMPANY,U112,Sundry Creditor,Liabilities,,,,,,,,
L,Asian Aerosol,UAZ,Sundry Creditor,Liabilities,,,,,,,,
L,HUL-Assam-NESA CLS 2 UNIT 3,UDE,Sundry Creditor,Liabilities,,,,,,,,
L,UIEL-Gujarat-Kandla Unit 2,UKY,Sundry Creditor,Liabilities,,,,,,,,
L,Secunderabad SMD Buffer,SBFH,Sundry Creditor,Liabilities,,,,,,,,
L,Nature Fresh C.Storage Pvt ltd,PN1W,Sundry Creditor,Liabilities,,,,,,,,
L,HUL-HP-Baddi DFA plant Unit,UCX,Sundry Creditor,Liabilities,,,,,,,,
L,Normal Stocks,UTF,Sundry Creditor,Liabilities,,,,,,,,
L,HUL -Trichur Damage Depot,KDDH,Sundry Creditor,Liabilities,,,,,,,,
L,LLPL MUMBAI TA COCO,HOTL,Sundry Creditor,Liabilities,,,,,,,,
L,UnileverIndia Exports Ltd,USF,Sundry Creditor,Liabilities,,,,,,,,
L,HUL-Kanhan,UMAN,Sundry Creditor,Liabilities,,,,,,,,
L,Oswal Oil - Duty Paid,UOV2,Sundry Creditor,Liabilities,,,,,,,,
L,Abdos Oils Pvt Ltd,UOL,Sundry Creditor,Liabilities,,,,,,,,
L,LLPL VASANT VIHAR COCO,VSVL,Sundry Creditor,Liabilities,,,,,,,,
L,Aquagel Chemicals P Lt-Unit II,UJL,Sundry Creditor,Liabilities,,,,,,,,
L,RBL Bank,RBI1234567,Bank Group,Assets,,,,,,,,
L,Kwality Walls India Ltd.,DG1W,Sundry Creditor,Liabilities,,,,,,,,
L,HUL -C/O Amit Packaging,UBM,Sundry Creditor,Liabilities,,,,,,,,
L,K.K.Packaging,MMHH,Sundry Creditor,Liabilities,,,,,,,,
L,HUL-Bengal-KPF ICD Unit,U048,Sundry Creditor,Liabilities,,,,,,,,
L,KCLPL C/O  MANN FEEDS PVT LTD,UA4,Sundry Creditor,Liabilities,,,,,,,,
L,HUL-Bengal-Haldia Unit,UHH,Sundry Creditor,Liabilities,,,,,,,,
L,DSEOthers A/c,DSEOthers,Other Expenses,Expenses,,,,,,,,
L,CUTTACK HPC C&amp;FA,CUTH,Sundry Creditor,Liabilities,,,,,,,,
L,Daman &amp; Diu - Mould location,UDDH,Sundry Creditor,Liabilities,,,,,,,,
L,UTTRANCHAL C&amp;FA,HALH,Sundry Creditor,Liabilities,,,,,,,,
L,GUJRAT HEAVY CHEMICALS LTD.,UGV,Sundry Creditor,Liabilities,,,,,,,,
L,RSO EAST BRANCH PLANT,RSOE,Sundry Creditor,Liabilities,,,,,,,,
L,CFA- Nalagarh,INGH,Sundry Creditor,Liabilities,,,,,,,,
L,UIE -C/O Eshchand Foods Pvt Lt,U481,Sundry Creditor,Liabilities,,,,,,,,
L,Cyrus Surfactants (P) Ltd,UJM,Sundry Creditor,Liabilities,,,,,,,,
L,BANGALORE DEPOT,XBGH,Sundry Creditor,Liabilities,,,,,,,,
L,Surat Peoples Co-operative Bank,SPCB123456,Bank Group,Assets,,,,,,,,
L,UnileverIndia Exports Ltd,U126,Sundry Creditor,Liabilities,,,,,,,,
L,HLL Kolkata Port - Bonded,UKOP,Sundry Creditor,Liabilities,,,,,,,,
L,VVF (India) Limited,U582,Sundry Creditor,Liabilities,,,,,,,,
L,Unilever India Exports Ltd,U091,Sundry Creditor,Liabilities,,,,,,,,
L,DD BUFFER,APJH,Sundry Creditor,Liabilities,,,,,,,,
L,Hindustan Unilever Ltd,UAY,Sundry Creditor,Liabilities,,,,,,,,
L,HINDUSTAN NETWORK DIVISION,HNMH,Sundry Creditor,Liabilities,,,,,,,,
L,Amar Packaging,U359,Sundry Creditor,Liabilities,,,,,,,,
L,Kanpur Salt Depot,KSDH,Sundry Creditor,Liabilities,,,,,,,,
L,HUL Pudducherry PioneerDetpack,UPDP,Sundry Creditor,Liabilities,,,,,,,,
L,K.RAMAMOHANARAO &amp; CO.,GTRH,Sundry Creditor,Liabilities,,,,,,,,
L,Guwahati TBU (HUL-Tea),UGUW,Sundry Creditor,Liabilities,,,,,,,,
L,LLPL VEERA DESAI COCO,VRDL,Sundry Creditor,Liabilities,,,,,,,,
L,LLPL CUNNINGHAM COCO,CNGL,Sundry Creditor,Liabilities,,,,,,,,
L,Jericho Detergent Private Limi,U072,Sundry Creditor,Liabilities,,,,,,,,
L,Gujrat- Mould location,URT,Sundry Creditor,Liabilities,,,,,,,,
L,HINDUSTAN UNILEVER LTD ETAH,U052,Sundry Creditor,Liabilities,,,,,,,,
L,Dummy plant for MM maintenance,UDMY,Sundry Creditor,Liabilities,,,,,,,,
L,Hindustan Unilever Ltd,SANH,Sundry Creditor,Liabilities,,,,,,,,
L,AHEMDABAD DEPOT,XADH,Sundry Creditor,Liabilities,,,,,,,,
L,Kolkata Debonded Location,UKO4,Sundry Creditor,Liabilities,,,,,,,,
L,Manjini Mangayarcarassy Godown,U576,Sundry Creditor,Liabilities,,,,,,,,
L,Thrissur New Mechanized DC,TSRH,Sundry Creditor,Liabilities,,,,,,,,
L,Cochin Exports Factory,U116,Sundry Creditor,Liabilities,,,,,,,,
L,Hindustan Unilever Ltd.,ILUH,Sundry Creditor,Liabilities,,,,,,,,
L,HUL-Uttranchal-Nail Unit,UTO,Sundry Creditor,Liabilities,,,,,,,,
L,LLPLKoparkhairane COCO,KOPL,Sundry Creditor,Liabilities,,,,,,,,
L,STANDARD DISCOUNT A/C,STD01,Other Expenses,Expenses,,,,,,,,
L,HUL-NETWORK -Chennai,UHNC,Sundry Creditor,Liabilities,,,,,,,,
L,Kwality Walls India Ltd.,GWKW,Sundry Creditor,Liabilities,,,,,,,,
L,LINFOX -DINDUGUL,DDLH,Sundry Creditor,Liabilities,,,,,,,,
L,HUL-Maharashtra-Kalwa Unit,U165,Sundry Creditor,Liabilities,,,,,,,,
L,Hindustan Unilever Ltd,CHGH,Sundry Creditor,Liabilities,,,,,,,,
L,THE RANDER PEOPLES CO OPERATIVE BANK LTD,RPCB123456,Bank Group,Assets,,,,,,,,
L,Hasangarah Jit,NCRH,Sundry Creditor,Liabilities,,,,,,,,
L,Kalwa Wrap Factory,U534,Sundry Creditor,Liabilities,,,,,,,,
L,Fiabila India Private Limited,UAF,Sundry Creditor,Liabilities,,,,,,,,
L,LLPL GOREGAON EAST COCO,GRGL,Sundry Creditor,Liabilities,,,,,,,,
L,HUL West Kitting plant,U768,Sundry Creditor,Liabilities,,,,,,,,
L,LLPL KILPAUK COCO,KLPL,Sundry Creditor,Liabilities,,,,,,,,
L,NAGPUR DEPOT,KNAH,Sundry Creditor,Liabilities,,,,,,,,
L,HUL-Karnataka-Consupack,U362,Sundry Creditor,Liabilities,,,,,,,,
L,Abdos Oils Pvt. Ltd(HUL),UDO,Sundry Creditor,Liabilities,,,,,,,,
L,Tax A/c,Tax,Other Liabilities,Liabilities,,,,,,,,
L,AHMEDABAD DEPOT,ABDH,Sundry Creditor,Liabilities,,,,,,,,
L,Unilever India Exports Ltd,U060,Sundry Creditor,Liabilities,,,,,,,,
L,Bhavishya Alliance Child Nutri,U089,Sundry Creditor,Liabilities,,,,,,,,
L,VABH JIT,VABH,Sundry Creditor,Liabilities,,,,,,,,
L,Hindustan Unilever Limited,IBLH,Sundry Creditor,Liabilities,,,,,,,,
L,Allwyn Brinechem Pvt Ltd,U479,Sundry Creditor,Liabilities,,,,,,,,
L,PEARL POLYMERS LIMITED,U175,Sundry Creditor,Liabilities,,,,,,,,
L,Unilever India Ltd,SHKU,Sundry Creditor,Liabilities,,,,,,,,
L,DELHI - 1 DEPOT,DL1H,Sundry Creditor,Liabilities,,,,,,,,
L,Mihijam Vanaspati Limited,UMOI,Sundry Creditor,Liabilities,,,,,,,,
L,Taloja ICD Depot -1-TLKW,TLKW,Sundry Creditor,Liabilities,,,,,,,,
L,HULN- SALEM,UDLN,Sundry Creditor,Liabilities,,,,,,,,
L,Jasspack Service Cochin,U119,Sundry Creditor,Liabilities,,,,,,,,
L,LAKME LEVER PVT LTD- Banaglore,BBLL,Sundry Creditor,Liabilities,,,,,,,,
L,NIRMESH ENTERPRISES PVT.LTD,UNIR,Sundry Creditor,Liabilities,,,,,,,,
L,HUL -C/O IPF VIKRAM (I) LTD,UMI,Sundry Creditor,Liabilities,,,,,,,,
L,UIEL Delhi- Tuglak Bond,U562,Sundry Creditor,Liabilities,,,,,,,,
L,LLPL INDIARA NAGAR COCO,INSL,Sundry Creditor,Liabilities,,,,,,,,
L,Akash Yog Health Products (P),UHQ,Sundry Creditor,Liabilities,,,,,,,,
L,JAIPUR DEPOT,JAPH,Sundry Creditor,Liabilities,,,,,,,,
L,HLL Mumbai Port - Bonded,U588,Sundry Creditor,Liabilities,,,,,,,,
L,GSKCH Ltd.(CUTTACK DEPOT),XCUH,Sundry Creditor,Liabilities,,,,,,,,
L,J.V.GOKAL &amp; CO. PVT. LTD.,U123,Sundry Creditor,Liabilities,,,,,,,,
L,HUL-UP-Sumerpur unit 1,USM,Sundry Creditor,Liabilities,,,,,,,,
L,Unilever India Exports Ltd,U064,Sundry Creditor,Liabilities,,,,,,,,
L,Trivedi &amp; Sons Prop. Trivedi,UTR2,Sundry Creditor,Liabilities,,,,,,,,
L,ADJUSTMENT A/C,ADJ01,Other Expenses,Expenses,,,,,,,,
L,Head Office Mumbai,HOMH,Sundry Creditor,Liabilities,,,,,,,,
L,HULN- BHIWANDI,UFLN,Sundry Creditor,Liabilities,,,,,,,,
L,HINDUSTAN UNILEVER LTD (SCU),UPS,Sundry Creditor,Liabilities,,,,,,,,
L,HUL -C/O VEDIKA EXPORTS,U404,Sundry Creditor,Liabilities,,,,,,,,
L,MP State Warehouse Corporation,U489,Sundry Creditor,Liabilities,,,,,,,,
L,CHACHASHRIAGEN.DEHRADUN,DHNH,Sundry Creditor,Liabilities,,,,,,,,
L,LLPL MUMBAI FLAGSHIP COCO,LPLL,Sundry Creditor,Liabilities,,,,,,,,
L,HUL - Research Office Mumbai,UHRA,Sundry Creditor,Liabilities,,,,,,,,
L,Hindustan Unilever Ltd,U820,Sundry Creditor,Liabilities,,,,,,,,
L,HUL -C/O Swaraj Tech Eng.3P-CP,U530,Sundry Creditor,Liabilities,,,,,,,,
L,Kimberly Clark Lever Ltd,UKB,Sundry Creditor,Liabilities,,,,,,,,
L,HUL Kurali  Depot,KURH,Sundry Creditor,Liabilities,,,,,,,,
L,JABALPUR DEPOT,J2BH,Sundry Creditor,Liabilities,,,,,,,,
L,Vapi Hub Depot,VMHH,Sundry Creditor,Liabilities,,,,,,,,
L,SUPER SALTGUJARAT,USU,Sundry Creditor,Liabilities,,,,,,,,
L,ICICI Bank,ICIC123456,Bank Group,Assets,,,,,,,,
L,WESTERN ENTERPRISES,PTBH,Sundry Creditor,Liabilities,,,,,,,,
L,Bunge India Private Limited,UPTM,Sundry Creditor,Liabilities,,,,,,,,
L,UnileverIndia Exports Ltd,UCNE,Sundry Creditor,Liabilities,,,,,,,,
L,Hyderabad C&amp;FA (ICD),HYKW,Sundry Creditor,Liabilities,,,,,,,,
L,LLPL SHIVAJI PARK,SVJL,Sundry Creditor,Liabilities,,,,,,,,
L,SHIVANI DET PVT. LTD. Unit II,UHSM,Sundry Creditor,Liabilities,,,,,,,,
L,M/S Logistics India(DOKH),DOKH,Sundry Creditor,Liabilities,,,,,,,,
L,HUL - Punjab- Tomato Paste fty,U198,Sundry Creditor,Liabilities,,,,,,,,
L,Andhra Pradesh - Mould locatio,UAN,Sundry Creditor,Liabilities,,,,,,,,
L,Hindustan Unilever Ltd,U585,Sundry Creditor,Liabilities,,,,,,,,
L,HINDUSTAN  UNIL VITALITY FUNDT,HUVF,Sundry Creditor,Liabilities,,,,,,,,
L,NESA CLS 3 warehouse,U536,Sundry Creditor,Liabilities,,,,,,,,
L,HUL -C/O Godrej Consumer Produ,UGJ,Sundry Creditor,Liabilities,,,,,,,,
L,LLPL KALYANI NAGAR PUNE COCO,KYNL,Sundry Creditor,Liabilities,,,,,,,,
L,BHUJ  DEPOT,BHJH,Sundry Creditor,Liabilities,,,,,,,,
L,PONDY C&amp;FA,PDYH,Sundry Creditor,Liabilities,,,,,,,,
L,CHEMEX INDIA,UCHX,Sundry Creditor,Liabilities,,,,,,,,
L,HUL - Unit Imports Bond,U074,Sundry Creditor,Liabilities,,,,,,,,
L,Aero Pharma Pvt Limited,UAM,Sundry Creditor,Liabilities,,,,,,,,
L,Stock A/c,Stock,Other Assets,Assets,,,,,,,,
L,HUL-Ghatkesar Factory (Bev),U030,Sundry Creditor,Liabilities,,,,,,,,
L,HUL -C/O KBM Foods Products,UKM,Sundry Creditor,Liabilities,,,,,,,,
L,The Varachha Co-operative Bank,TVCB123456,Bank Group,Assets,,,,,,,,
L,Sweetyet PVT Ltd (SDL),U097,Sundry Creditor,Liabilities,,,,,,,,
L,Jericho Chemicals LLP,U776,Sundry Creditor,Liabilities,,,,,,,,
L,Srinivasa Logistics,HKDH,Sundry Creditor,Liabilities,,,,,,,,
L,LLPL CV RAMAN NAGAR COCO,CVRL,Sundry Creditor,Liabilities,,,,,,,,
L,Safe Shipping Chennai-Bonded,UCHE,Sundry Creditor,Liabilities,,,,,,,,
L,Hindustan Unilever Ltd,DGKH,Sundry Creditor,Liabilities,,,,,,,,
L,Lotus Beauty Care Products Pvt,U579,Sundry Creditor,Liabilities,,,,,,,,
L,HUL C/O LAXMI AGRO IndC&amp;EX Ltd,U875,Sundry Creditor,Liabilities,,,,,,,,
L,UIEL  Mumbai  Bond,U556,Sundry Creditor,Liabilities,,,,,,,,
L,Kanpur Damage Depot,KPDH,Sundry Creditor,Liabilities,,,,,,,,
L,LLPL BANJARA HILLS COCO,BJHL,Sundry Creditor,Liabilities,,,,,,,,
L,M/S Midas Care Pharmaceutica,UMP,Sundry Creditor,Liabilities,,,,,,,,
L,PONDICHERRY BUFFER GODOWN,PNFH,Sundry Creditor,Liabilities,,,,,,,,
L,PEPSICO INDIA HOLDINGS PVT LTD,UPP,Sundry Creditor,Liabilities,,,,,,,,
L,SMD EAST,SMDH,Sundry Creditor,Liabilities,,,,,,,,
L,HUL Tamilnadu UltraMarinePigmt,UUL,Sundry Creditor,Liabilities,,,,,,,,
L,SSC Packing Division,USS,Sundry Creditor,Liabilities,,,,,,,,
L,HLL,HLL,Sundry Creditor,Liabilities,,,,,,,,
L,Guwahati TBU (UIEL-Tea),UGAU,Sundry Creditor,Liabilities,,,,,,,,
L,CALCUTTA ICD C&amp;FA,W21H,Sundry Creditor,Liabilities,,,,,,,,
L,M/S.Vegetable Products Ltd.,UVPS,Sundry Creditor,Liabilities,,,,,,,,
L,ICD Indore,IDKW,Sundry Creditor,Liabilities,,,,,,,,
L,HUL -C/O Hitech Surfactants 3P,USD,Sundry Creditor,Liabilities,,,,,,,,
L,HUL -C/O Consupac Pvt.Ltd.,U312,Sundry Creditor,Liabilities,,,,,,,,
L,Bank of Maharashtra,BOM,Bank Group,Assets,,,,,,,,
L,Sales A/c,Sales,Sales Group,Income,,,,,,,,
L,BHIWANDI  DEPOT,BNDH,Sundry Creditor,Liabilities,,,,,,,,
L,LLPL PMC BANGALORE COCO,PMCL,Sundry Creditor,Liabilities,,,,,,,,
L,Gujarat Heavy Chemicals Ltd,UC1,Sundry Creditor,Liabilities,,,,,,,,
L,GHAZIABAD DEPOT,G2DH,Sundry Creditor,Liabilities,,,,,,,,
L,HUL - Silvassa Tea Fty Unit I,U054,Sundry Creditor,Liabilities,,,,,,,,
L,HUL - IT,HPSN,Sundry Creditor,Liabilities,,,,,,,,
L,CASH,X00000001,Other Expenses,Expenses,,,,,,,,
L,JIT EAST,SLDH,Sundry Creditor,Liabilities,,,,,,,,
L,Etah Exports Factory,U104,Sundry Creditor,Liabilities,,,,,,,,
L,PATNA HPC C&amp;FA,P2TH,Sundry Creditor,Liabilities,,,,,,,,
L,Arshiya Supply Chain - Debonde,UAI2,Sundry Creditor,Liabilities,,,,,,,,
L,IMC Limited - Bonded,UIMC,Sundry Creditor,Liabilities,,,,,,,,
L,STELLA INDUSTRIES LIMITED,U773,Sundry Creditor,Liabilities,,,,,,,,
L,RSO WEST BRANCH PLANT,RSOW,Sundry Creditor,Liabilities,,,,,,,,
L,HUL c/o Arihant Detergents Pvt,UADL,Sundry Creditor,Liabilities,,,,,,,,
L,UnileverIndia Exports Ltd,UPD,Sundry Creditor,Liabilities,,,,,,,,
L,HDDH Damage Depot,HDDH,Sundry Creditor,Liabilities,,,,,,,,
L,Jana Small Finance Bank,JSFB123456,Bank Group,Assets,,,,,,,,
L,LLPL YESHWANTPUR COCO,BGYL,Sundry Creditor,Liabilities,,,,,,,,
L,HUL-Kandla Fty Unit 2,UMY,Sundry Creditor,Liabilities,,,,,,,,
L,Jitender Roller Flour Mills,UJR,Sundry Creditor,Liabilities,,,,,,,,
L,LLPL DELHI TA COCO,DLTL,Sundry Creditor,Liabilities,,,,,,,,
L,Schiffer &amp; Menezes India Pvt,UCF,Sundry Creditor,Liabilities,,,,,,,,
L,Hindustan Unilever Ltd,SL1H,Sundry Creditor,Liabilities,,,,,,,,
L,Efficient Engineering,UFC,Sundry Creditor,Liabilities,,,,,,,,
L,UIEL  Mumbai  DB,U559,Sundry Creditor,Liabilities,,,,,,,,
L,Sonipat - MJ Logistics,SNKW,Sundry Creditor,Liabilities,,,,,,,,
L,HUL-NESA PP (SL1),USL1,Sundry Creditor,Liabilities,,,,,,,,
L,S. R. CHEMICALS KANPUR,UCK,Sundry Creditor,Liabilities,,,,,,,,
L,Jadwet Trading Company,PRTH,Sundry Creditor,Liabilities,,,,,,,,
L,Central Bank of India,CBI1234567,Bank Group,Assets,,,,,,,,
L,Lotus Beauty Care Product Pvt,ULT,Sundry Creditor,Liabilities,,,,,,,,
L,HINDUSTAN UNILEVER LTD (SCU),UPN,Sundry Creditor,Liabilities,,,,,,,,
L,ZIRAK PUR DEPOT,ZRKH,Sundry Creditor,Liabilities,,,,,,,,
L,HYDERABAD DEPOT,XHYH,Sundry Creditor,Liabilities,,,,,,,,
L,AU Small Finance Bank,ASFB123456,Bank Group,Assets,,,,,,,,
L,CFA logistics India,SHBH,Sundry Creditor,Liabilities,,,,,,,,
L,UnileverIndia Exports Ltd,UBR,Sundry Creditor,Liabilities,,,,,,,,
L,VIVEK AGRO FOODS,UVA,Sundry Creditor,Liabilities,,,,,,,,
L,Branch Sales - M.P.,USMP,Sundry Creditor,Liabilities,,,,,,,,
L,Jitender Roller Flour Mills,U495,Sundry Creditor,Liabilities,,,,,,,,
L,HUL-D&amp;N Haveli-Silvassa Foods,UHT,Sundry Creditor,Liabilities,,,,,,,,
L,SPECTRA FOODS &amp; BEVERAGES PVT.,UVIJ,Sundry Creditor,Liabilities,,,,,,,,
L,NESA Unit - 4,U792,Sundry Creditor,Liabilities,,,,,,,,
L,LLPL MADAVPUR COCO,MDPL,Sundry Creditor,Liabilities,,,,,,,,
L,RSUnifyPurchase @ 18.00,RSUPurchase @ 18.00,Purchase Group,Expenses,,,,,,,,
L,RSUnifyPurchase @ 5.00,RSUPurchase @ 5.00,Purchase Group,Expenses,,,,,,,,
L,RSUnifySales @ 18.00,RSUSales @ 18.00,Sales Group,Income,,,,,,,,
L,RSUnifySales @ 5.00,RSUSales @ 5.00,Sales Group,Income,,,,,,,,
